feedback_id,source,timestamp,text,organization,loc,urgency
EM000001,Email,2025-12-24 18:40:00,"There is heavy traffic outside {place} every morning. Vehicles are being parked along both sides of the road, leaving very little space for buses and other vehicles. Dear Sir/Madam, I wanted to bring a problem to your notice regarding a public service issue in Gurugram. There is heavy traffic outside the central junction every morning. Vehicles are being parked along both sides of the road, leaving very little space for buses and other vehicles. Could traffic personnel or the concerned municipal team look into this? Location: Gurugram, Haryana. Thank you for taking the time to read this. Regards, A concerned citizen",,"Gurugram, Haryana",
EM000002,Email,2025-08-18 03:07:00,"Concern regarding The traffic signal at {place} has not been working properly for the last few days. Vehicles from different directions are entering the junction at the same time. Dear Sir/Madam, I wanted to bring a problem to your notice regarding a public service issue in New Delhi. The traffic signal at the main market road has not been working properly for the last few days. Vehicles from different directions are entering the junction at the same time. Please arrange for the signal to be checked. I had also mentioned this to the local office, but I have not received a clear update. Location: New Delhi, Delhi. I hope the department can look into this soon. Regards, A concerned citizen",,"New Delhi, Delhi",
EM000003,Email,2025-02-25 21:17:00,"A pedestrian crossing is badly needed near {place}. School children and older people are crossing between moving vehicles because there is no safe crossing point. Dear Sir/Madam, I am not sure which department handles this, so I am writing here for assistance regarding a public service issue in Pune. A pedestrian crossing is badly needed near the road leading to the government school. School children and older people are crossing between moving vehicles because there is no safe crossing point. I request that the possibility of a marked crossing or other safety measure be considered. Location: Pune, Maharashtra. Kindly let me know what action can be taken. Regards, A concerned citizen",,"Pune, Maharashtra",
EM000004,Email,2025-08-14 07:38:00,"The road near {place} has several potholes and two-wheelers are having to move around them. After the recent rain, the damaged portions have become difficult to see at night. Dear Sir/Madam, I would like to request your help regarding an issue in my locality regarding a public service issue in Gangtok. The road near the central junction has several potholes and two-wheelers are having to move around them. After the recent rain, the damaged portions have become difficult to see at night. Could the road be inspected and repaired before there is an accident? This is not the first time we have faced this problem. Location: Gangtok, Sikkim. Please acknowledge the complaint and advise me on the next step. Regards, A concerned citizen",,"Gangtok, Sikkim",
EM000005,Email,2025-03-27 02:34:00,"There is heavy traffic outside {place} every morning. Vehicles are being parked along both sides of the road, leaving very little space for buses and other vehicles. Dear Sir/Madam, I wanted to check whether someone could look into the following matter regarding a public service issue in Itanagar. There is heavy traffic outside the road leading to the government school every morning. Vehicles are being parked along both sides of the road, leaving very little space for buses and other vehicles. Could traffic personnel or the concerned municipal team look into this? I am mainly looking for a clear update and a practical solution. Location: Itanagar, Arunachal Pradesh. Thank you for taking the time to read this. Regards, A concerned citizen",,"Itanagar, Arunachal Pradesh",
EM000006,Email,2025-12-16 05:57:00,"A street light close to {place} has been out for several nights. The road becomes quite dark after around 7 pm and residents are uncomfortable walking there. Dear Sir/Madam, I wanted to check whether someone could look into the following matter regarding a public service issue in Kolkata. A street light close to the central junction has been out for several nights. The road becomes quite dark after around 7 pm and residents are uncomfortable walking there. Please arrange a repair if this falls under your department. I am attaching no personal documents; I only want the service issue to be addressed. Location: Kolkata, West Bengal. Kindly let me know what action can be taken. Regards, A concerned citizen",,"Kolkata, West Bengal",
EM000007,Email,2025-03-17 00:09:00,"A street light close to {place} has been out for several nights. The road becomes quite dark after around 7 pm and residents are uncomfortable walking there. Dear Sir/Madam, I am contacting your department because I have been facing a problem regarding a public service issue in Chandigarh. A street light close to the main market road has been out for several nights. The road becomes quite dark after around 7 pm and residents are uncomfortable walking there. Please arrange a repair if this falls under your department. Location: Chandigarh, Chandigarh. Please let me know if any additional details are required. Regards, A concerned citizen",,"Chandigarh, Chandigarh",
EM000008,Email,2025-12-09 02:57:00,"A pedestrian crossing is badly needed near {place}. School children and older people are crossing between moving vehicles because there is no safe crossing point. Dear Sir/Madam, I wanted to check whether someone could look into the following matter regarding a public service issue in Kolkata. A pedestrian crossing is badly needed near the junction near the bus stand. School children and older people are crossing between moving vehicles because there is no safe crossing point. I request that the possibility of a marked crossing or other safety measure be considered. Location: Kolkata, West Bengal. Please let me know if any additional details are required. Regards, A concerned citizen",,"Kolkata, West Bengal",
EM000009,Email,2025-10-21 00:03:00,"A street light close to {place} has been out for several nights. The road becomes quite dark after around 7 pm and residents are uncomfortable walking there. Dear Sir/Madam, I would like to request your help regarding an issue in my locality regarding a public service issue in Aizawl. A street light close to our residential lane has been out for several nights. The road becomes quite dark after around 7 pm and residents are uncomfortable walking there. Please arrange a repair if this falls under your department. I am attaching no personal documents; I only want the service issue to be addressed. Location: Aizawl, Mizoram. Please acknowledge the complaint and advise me on the next step. Regards, A concerned citizen",,"Aizawl, Mizoram",
EM000010,Email,2025-11-30 23:36:00,"The traffic signal at {place} has not been working properly for the last few days. Vehicles from different directions are entering the junction at the same time. Dear Sir/Madam, I would like to request your help regarding an issue in my locality regarding a public service issue in Kolkata. The traffic signal at the road leading to the government school has not been working properly for the last few days. Vehicles from different directions are entering the junction at the same time. Please arrange for the signal to be checked. This is not the first time we have faced this problem. Location: Kolkata, West Bengal. Please acknowledge the complaint and advise me on the next step. Regards, A concerned citizen",,"Kolkata, West Bengal",
EM000011,Email,2025-12-29 07:57:00,"There is heavy traffic outside {place} every morning. Vehicles are being parked along both sides of the road, leaving very little space for buses and other vehicles. Dear Sir/Madam, I would like to request your help regarding an issue in my locality regarding a public service issue in Puducherry. There is heavy traffic outside the junction near the bus stand every morning. Vehicles are being parked along both sides of the road, leaving very little space for buses and other vehicles. Could traffic personnel or the concerned municipal team look into this? Location: Puducherry, Puducherry. I hope the department can look into this soon. Regards, A concerned citizen",,"Puducherry, Puducherry",
EM000012,Email,2025-07-08 18:54:00,"A street light close to {place} has been out for several nights. The road becomes quite dark after around 7 pm and residents are uncomfortable walking there. Dear Sir/Madam, I would like to request your help regarding an issue in my locality regarding a public service issue in Kolkata. A street light close to the main market road has been out for several nights. The road becomes quite dark after around 7 pm and residents are uncomfortable walking there. Please arrange a repair if this falls under your department. I had also mentioned this to the local office, but I have not received a clear update. Location: Kolkata, West Bengal. I hope the department can look into this soon. Regards, A concerned citizen",,"Kolkata, West Bengal",
EM000013,Email,2025-09-27 19:58:00,"Concern regarding The traffic signal at {place} has not been working properly for the last few days. Vehicles from different directions are entering the junction at the same time. Dear Sir/Madam, I wanted to check whether someone could look into the following matter regarding a public service issue in New Delhi. The traffic signal at our residential lane has not been working properly for the last few days. Vehicles from different directions are entering the junction at the same time. Please arrange for the signal to be checked. Location: New Delhi, Delhi. Please acknowledge the complaint and advise me on the next step. Regards, A concerned citizen",,"New Delhi, Delhi",
EM000014,Email,2025-05-26 01:38:00,"The traffic signal at {place} has not been working properly for the last few days. Vehicles from different directions are entering the junction at the same time. Dear Sir/Madam, I am a resident of the area and would like to raise a concern regarding a public service issue in Ahmedabad. The traffic signal at our residential lane has not been working properly for the last few days. Vehicles from different directions are entering the junction at the same time. Please arrange for the signal to be checked. I had also mentioned this to the local office, but I have not received a clear update. Location: Ahmedabad, Gujarat. Please let me know if any additional details are required. Regards, A concerned citizen",,"Ahmedabad, Gujarat",
EM000015,Email,2025-09-18 10:54:00,"The road near {place} has several potholes and two-wheelers are having to move around them. After the recent rain, the damaged portions have become difficult to see at night. Dear Sir/Madam, I am writing to report an issue regarding a public service issue in Shillong. The road near the central junction has several potholes and two-wheelers are having to move around them. After the recent rain, the damaged portions have become difficult to see at night. Could the road be inspected and repaired before there is an accident? Location: Shillong, Meghalaya. Kindly let me know what action can be taken. Regards, A concerned citizen",,"Shillong, Meghalaya",
EM000016,Email,2025-07-31 23:30:00,"Request for assistance - The road near {place} has several potholes and two-wheelers are having to move around them. After the recent rain, the damaged portions have become difficult to see at night. Dear Sir/Madam, I wanted to check whether someone could look into the following matter regarding a public service issue in Ranchi. The road near the road leading to the government school has several potholes and two-wheelers are having to move around them. After the recent rain, the damaged portions have become difficult to see at night. Could the road be inspected and repaired before there is an accident? Location: Ranchi, Jharkhand. I would appreciate an update when possible. Regards, A concerned citizen",,"Ranchi, Jharkhand",
EM000017,Email,2025-10-12 14:21:00,"A pedestrian crossing is badly needed near {place}. School children and older people are crossing between moving vehicles because there is no safe crossing point. Dear Sir/Madam, I am a resident of the area and would like to raise a concern regarding a public service issue in Panaji. A pedestrian crossing is badly needed near the junction near the bus stand. School children and older people are crossing between moving vehicles because there is no safe crossing point. I request that the possibility of a marked crossing or other safety measure be considered. Location: Panaji, Goa. Thank you for taking the time to read this. Regards, A concerned citizen",,"Panaji, Goa",
EM000018,Email,2025-09-15 15:39:00,"Follow-up: A street light close to {place} has been out for several nights. The road becomes quite dark after around 7 pm and residents are uncomfortable walking there. Dear Sir/Madam, I am writing after trying to get this issue resolved locally regarding a public service issue in Ranchi. A street light close to the junction near the bus stand has been out for several nights. The road becomes quite dark after around 7 pm and residents are uncomfortable walking there. Please arrange a repair if this falls under your department. I had also mentioned this to the local office, but I have not received a clear update. Location: Ranchi, Jharkhand. I hope the department can look into this soon. Regards, A concerned citizen",,"Ranchi, Jharkhand",
EM000019,Email,2025-12-29 15:09:00,"The road near {place} has several potholes and two-wheelers are having to move around them. After the recent rain, the damaged portions have become difficult to see at night. Dear Sir/Madam, I wanted to check whether someone could look into the following matter regarding a public service issue in Itanagar. The road near the central junction has several potholes and two-wheelers are having to move around them. After the recent rain, the damaged portions have become difficult to see at night. Could the road be inspected and repaired before there is an accident? I understand that some delays are unavoidable, but the current situation is becoming difficult. Location: Itanagar, Arunachal Pradesh. I hope the department can look into this soon. Regards, A concerned citizen",,"Itanagar, Arunachal Pradesh",
EM000020,Email,2025-12-01 09:54:00,"A street light close to {place} has been out for several nights. The road becomes quite dark after around 7 pm and residents are uncomfortable walking there. Dear Sir/Madam, I am a resident of the area and would like to raise a concern regarding a public service issue in Srinagar. A street light close to the central junction has been out for several nights. The road becomes quite dark after around 7 pm and residents are uncomfortable walking there. Please arrange a repair if this falls under your department. I am attaching no personal documents; I only want the service issue to be addressed. Location: Srinagar, Jammu and Kashmir. I would appreciate an update when possible. Regards, A concerned citizen",,"Srinagar, Jammu and Kashmir",
EM000021,Email,2025-02-05 09:38:00,"The road near {place} has several potholes and two-wheelers are having to move around them. After the recent rain, the damaged portions have become difficult to see at night. Dear Sir/Madam, I am writing after trying to get this issue resolved locally regarding a public service issue in Imphal. The road near the central junction has several potholes and two-wheelers are having to move around them. After the recent rain, the damaged portions have become difficult to see at night. Could the road be inspected and repaired before there is an accident? This is not the first time we have faced this problem. Location: Imphal, Manipur. Please let me know if any additional details are required. Regards, A concerned citizen",,"Imphal, Manipur",
EM000022,Email,2025-04-11 14:21:00,"The traffic signal at {place} has not been working properly for the last few days. Vehicles from different directions are entering the junction at the same time. Dear Sir/Madam, I am writing to report an issue regarding a public service issue in New Delhi. The traffic signal at our residential lane has not been working properly for the last few days. Vehicles from different directions are entering the junction at the same time. Please arrange for the signal to be checked. I am attaching no personal documents; I only want the service issue to be addressed. Location: New Delhi, Delhi. I would appreciate an update when possible. Regards, A concerned citizen",,"New Delhi, Delhi",
EM000023,Email,2025-05-17 15:02:00,"The traffic signal at {place} has not been working properly for the last few days. Vehicles from different directions are entering the junction at the same time. Dear Sir/Madam, I would like to request your help regarding an issue in my locality regarding a public service issue in Bengaluru. The traffic signal at our residential lane has not been working properly for the last few days. Vehicles from different directions are entering the junction at the same time. Please arrange for the signal to be checked. I am mainly looking for a clear update and a practical solution. Location: Bengaluru, Karnataka. Please let me know if any additional details are required. Regards, A concerned citizen",,"Bengaluru, Karnataka",
EM000024,Email,2025-08-26 13:04:00,"The traffic signal at {place} has not been working properly for the last few days. Vehicles from different directions are entering the junction at the same time. Dear Sir/Madam, I wanted to check whether someone could look into the following matter regarding a public service issue in Coimbatore. The traffic signal at the road leading to the government school has not been working properly for the last few days. Vehicles from different directions are entering the junction at the same time. Please arrange for the signal to be checked. I am mainly looking for a clear update and a practical solution. Location: Coimbatore, Tamil Nadu. Kindly let me know what action can be taken. Regards, A concerned citizen",,"Coimbatore, Tamil Nadu",
EM000025,Email,2025-11-27 23:42:00,"A pedestrian crossing is badly needed near {place}. School children and older people are crossing between moving vehicles because there is no safe crossing point. Dear Sir/Madam, I would like to request your help regarding an issue in my locality regarding a public service issue in Leh. A pedestrian crossing is badly needed near the main market road. School children and older people are crossing between moving vehicles because there is no safe crossing point. I request that the possibility of a marked crossing or other safety measure be considered. Location: Leh, Ladakh. I would appreciate an update when possible. Regards, A concerned citizen",,"Leh, Ladakh",
EM000026,Email,2025-06-07 23:51:00,"A pedestrian crossing is badly needed near {place}. School children and older people are crossing between moving vehicles because there is no safe crossing point. Dear Sir/Madam, I am a resident of the area and would like to raise a concern regarding a public service issue in Gangtok. A pedestrian crossing is badly needed near the central junction. School children and older people are crossing between moving vehicles because there is no safe crossing point. I request that the possibility of a marked crossing or other safety measure be considered. Location: Gangtok, Sikkim. Kindly let me know what action can be taken. Regards, A concerned citizen",,"Gangtok, Sikkim",
EM000027,Email,2025-04-07 21:10:00,"A street light close to {place} has been out for several nights. The road becomes quite dark after around 7 pm and residents are uncomfortable walking there. Dear Sir/Madam, I am contacting your department because I have been facing a problem regarding a public service issue in Gurugram. A street light close to the road leading to the government school has been out for several nights. The road becomes quite dark after around 7 pm and residents are uncomfortable walking there. Please arrange a repair if this falls under your department. Location: Gurugram, Haryana. Thank you for taking the time to read this. Regards, A concerned citizen",,"Gurugram, Haryana",
EM000028,Email,2025-03-19 17:34:00,"There is heavy traffic outside {place} every morning. Vehicles are being parked along both sides of the road, leaving very little space for buses and other vehicles. Dear Sir/Madam, I am writing after trying to get this issue resolved locally regarding a public service issue in Ahmedabad. There is heavy traffic outside the main market road every morning. Vehicles are being parked along both sides of the road, leaving very little space for buses and other vehicles. Could traffic personnel or the concerned municipal team look into this? I had also mentioned this to the local office, but I have not received a clear update. Location: Ahmedabad, Gujarat. Kindly let me know what action can be taken. Regards, A concerned citizen",,"Ahmedabad, Gujarat",
EM000029,Email,2025-10-28 01:28:00,"There is heavy traffic outside {place} every morning. Vehicles are being parked along both sides of the road, leaving very little space for buses and other vehicles. Dear Sir/Madam, I wanted to bring a problem to your notice regarding a public service issue in Chandigarh. There is heavy traffic outside the road leading to the government school every morning. Vehicles are being parked along both sides of the road, leaving very little space for buses and other vehicles. Could traffic personnel or the concerned municipal team look into this? I understand that some delays are unavoidable, but the current situation is becoming difficult. Location: Chandigarh, Chandigarh. I would appreciate an update when possible. Regards, A concerned citizen",,"Chandigarh, Chandigarh",
EM000030,Email,2025-08-18 16:04:00,"Follow-up: A pedestrian crossing is badly needed near {place}. School children and older people are crossing between moving vehicles because there is no safe crossing point. Dear Sir/Madam, I am writing to report an issue regarding a public service issue in Aizawl. A pedestrian crossing is badly needed near the main market road. School children and older people are crossing between moving vehicles because there is no safe crossing point. I request that the possibility of a marked crossing or other safety measure be considered. I had also mentioned this to the local office, but I have not received a clear update. Location: Aizawl, Mizoram. Kindly let me know what action can be taken. Regards, A concerned citizen",,"Aizawl, Mizoram",
EM000031,Email,2025-11-07 14:33:00,"Concern regarding A street light close to {place} has been out for several nights. The road becomes quite dark after around 7 pm and residents are uncomfortable walking there. Dear Sir/Madam, I am writing to report an issue regarding a public service issue in Srinagar. A street light close to the central junction has been out for several nights. The road becomes quite dark after around 7 pm and residents are uncomfortable walking there. Please arrange a repair if this falls under your department. Location: Srinagar, Jammu and Kashmir. Kindly let me know what action can be taken. Regards, A concerned citizen",,"Srinagar, Jammu and Kashmir",
EM000032,Email,2025-01-18 13:02:00,"There is heavy traffic outside {place} every morning. Vehicles are being parked along both sides of the road, leaving very little space for buses and other vehicles. Dear Sir/Madam, I would like to request your help regarding an issue in my locality regarding a public service issue in Gurugram. There is heavy traffic outside the central junction every morning. Vehicles are being parked along both sides of the road, leaving very little space for buses and other vehicles. Could traffic personnel or the concerned municipal team look into this? I understand that some delays are unavoidable, but the current situation is becoming difficult. Location: Gurugram, Haryana. Please let me know if any additional details are required. Regards, A concerned citizen",,"Gurugram, Haryana",
EM000033,Email,2025-09-07 16:50:00,"There is heavy traffic outside {place} every morning. Vehicles are being parked along both sides of the road, leaving very little space for buses and other vehicles. Dear Sir/Madam, I wanted to bring a problem to your notice regarding a public service issue in Bhubaneswar. There is heavy traffic outside the road leading to the government school every morning. Vehicles are being parked along both sides of the road, leaving very little space for buses and other vehicles. Could traffic personnel or the concerned municipal team look into this? I am mainly looking for a clear update and a practical solution. Location: Bhubaneswar, Odisha. Kindly let me know what action can be taken. Regards, A concerned citizen",,"Bhubaneswar, Odisha",
EM000034,Email,2025-08-09 09:32:00,"Follow-up: A street light close to {place} has been out for several nights. The road becomes quite dark after around 7 pm and residents are uncomfortable walking there. Dear Sir/Madam, I wanted to bring a problem to your notice regarding a public service issue in Bhopal. A street light close to the main market road has been out for several nights. The road becomes quite dark after around 7 pm and residents are uncomfortable walking there. Please arrange a repair if this falls under your department. I had also mentioned this to the local office, but I have not received a clear update. Location: Bhopal, Madhya Pradesh. Please let me know if any additional details are required. Regards, A concerned citizen",,"Bhopal, Madhya Pradesh",
EM000035,Email,2025-06-10 04:40:00,"A pedestrian crossing is badly needed near {place}. School children and older people are crossing between moving vehicles because there is no safe crossing point. Dear Sir/Madam, I am a resident of the area and would like to raise a concern regarding a public service issue in Itanagar. A pedestrian crossing is badly needed near the central junction. School children and older people are crossing between moving vehicles because there is no safe crossing point. I request that the possibility of a marked crossing or other safety measure be considered. I am mainly looking for a clear update and a practical solution. Location: Itanagar, Arunachal Pradesh. I hope the department can look into this soon. Regards, A concerned citizen",,"Itanagar, Arunachal Pradesh",
EM000036,Email,2025-10-17 07:06:00,"The traffic signal at {place} has not been working properly for the last few days. Vehicles from different directions are entering the junction at the same time. Dear Sir/Madam, I am writing to report an issue regarding a public service issue in Shimla. The traffic signal at the central junction has not been working properly for the last few days. Vehicles from different directions are entering the junction at the same time. Please arrange for the signal to be checked. Location: Shimla, Himachal Pradesh. Thank you for taking the time to read this. Regards, A concerned citizen",,"Shimla, Himachal Pradesh",
EM000037,Email,2025-08-18 12:03:00,"The traffic signal at {place} has not been working properly for the last few days. Vehicles from different directions are entering the junction at the same time. Dear Sir/Madam, I am writing to report an issue regarding a public service issue in Aizawl. The traffic signal at the junction near the bus stand has not been working properly for the last few days. Vehicles from different directions are entering the junction at the same time. Please arrange for the signal to be checked. I am attaching no personal documents; I only want the service issue to be addressed. Location: Aizawl, Mizoram. I hope the department can look into this soon. Regards, A concerned citizen",,"Aizawl, Mizoram",
EM000038,Email,2025-09-06 09:53:00,"A street light close to {place} has been out for several nights. The road becomes quite dark after around 7 pm and residents are uncomfortable walking there. Dear Sir/Madam, I am a resident of the area and would like to raise a concern regarding a public service issue in Shimla. A street light close to the main market road has been out for several nights. The road becomes quite dark after around 7 pm and residents are uncomfortable walking there. Please arrange a repair if this falls under your department. Location: Shimla, Himachal Pradesh. Please acknowledge the complaint and advise me on the next step. Regards, A concerned citizen",,"Shimla, Himachal Pradesh",
EM000039,Email,2025-10-18 21:49:00,"The road near {place} has several potholes and two-wheelers are having to move around them. After the recent rain, the damaged portions have become difficult to see at night. Dear Sir/Madam, I am contacting your department because I have been facing a problem regarding a public service issue in Jaipur. The road near the main market road has several potholes and two-wheelers are having to move around them. After the recent rain, the damaged portions have become difficult to see at night. Could the road be inspected and repaired before there is an accident? This is not the first time we have faced this problem. Location: Jaipur, Rajasthan. Please acknowledge the complaint and advise me on the next step. Regards, A concerned citizen",,"Jaipur, Rajasthan",
EM000040,Email,2025-11-30 11:56:00,"The traffic signal at {place} has not been working properly for the last few days. Vehicles from different directions are entering the junction at the same time. Dear Sir/Madam, I would like to request your help regarding an issue in my locality regarding a public service issue in Hyderabad. The traffic signal at the central junction has not been working properly for the last few days. Vehicles from different directions are entering the junction at the same time. Please arrange for the signal to be checked. This is not the first time we have faced this problem. Location: Hyderabad, Telangana. Kindly let me know what action can be taken. Regards, A concerned citizen",,"Hyderabad, Telangana",
EM000041,Email,2025-09-16 09:39:00,"A street light close to {place} has been out for several nights. The road becomes quite dark after around 7 pm and residents are uncomfortable walking there. Dear Sir/Madam, I am contacting your department because I have been facing a problem regarding a public service issue in Leh. A street light close to the road leading to the government school has been out for several nights. The road becomes quite dark after around 7 pm and residents are uncomfortable walking there. Please arrange a repair if this falls under your department. I am mainly looking for a clear update and a practical solution. Location: Leh, Ladakh. I would appreciate an update when possible. Regards, A concerned citizen",,"Leh, Ladakh",
EM000042,Email,2025-01-14 16:13:00,"The road near {place} has several potholes and two-wheelers are having to move around them. After the recent rain, the damaged portions have become difficult to see at night. Dear Sir/Madam, I wanted to bring a problem to your notice regarding a public service issue in Dehradun. The road near the junction near the bus stand has several potholes and two-wheelers are having to move around them. After the recent rain, the damaged portions have become difficult to see at night. Could the road be inspected and repaired before there is an accident? I am attaching no personal documents; I only want the service issue to be addressed. Location: Dehradun, Uttarakhand. Please acknowledge the complaint and advise me on the next step. Regards, A concerned citizen",,"Dehradun, Uttarakhand",
EM000043,Email,2025-04-26 09:31:00,"A street light close to {place} has been out for several nights. The road becomes quite dark after around 7 pm and residents are uncomfortable walking there. Dear Sir/Madam, I am writing to report an issue regarding a public service issue in Pune. A street light close to the road leading to the government school has been out for several nights. The road becomes quite dark after around 7 pm and residents are uncomfortable walking there. Please arrange a repair if this falls under your department. Location: Pune, Maharashtra. I hope the department can look into this soon. Regards, A concerned citizen",,"Pune, Maharashtra",
EM000044,Email,2025-05-19 12:05:00,"The road near {place} has several potholes and two-wheelers are having to move around them. After the recent rain, the damaged portions have become difficult to see at night. Dear Sir/Madam, I am a resident of the area and would like to raise a concern regarding a public service issue in Chandigarh. The road near the main market road has several potholes and two-wheelers are having to move around them. After the recent rain, the damaged portions have become difficult to see at night. Could the road be inspected and repaired before there is an accident? Location: Chandigarh, Chandigarh. Kindly let me know what action can be taken. Regards, A concerned citizen",,"Chandigarh, Chandigarh",
EM000045,Email,2025-12-16 20:19:00,"There is heavy traffic outside {place} every morning. Vehicles are being parked along both sides of the road, leaving very little space for buses and other vehicles. Dear Sir/Madam, I would like to request your help regarding an issue in my locality regarding a public service issue in Bengaluru. There is heavy traffic outside the road leading to the government school every morning. Vehicles are being parked along both sides of the road, leaving very little space for buses and other vehicles. Could traffic personnel or the concerned municipal team look into this? I am mainly looking for a clear update and a practical solution. Location: Bengaluru, Karnataka. I would appreciate an update when possible. Regards, A concerned citizen",,"Bengaluru, Karnataka",
EM000046,Email,2025-04-30 16:31:00,"Request for assistance - There is heavy traffic outside {place} every morning. Vehicles are being parked along both sides of the road, leaving very little space for buses and other vehicles. Dear Sir/Madam, I am a resident of the area and would like to raise a concern regarding a public service issue in Kolkata. There is heavy traffic outside the central junction every morning. Vehicles are being parked along both sides of the road, leaving very little space for buses and other vehicles. Could traffic personnel or the concerned municipal team look into this? Location: Kolkata, West Bengal. Please let me know if any additional details are required. Regards, A concerned citizen",,"Kolkata, West Bengal",
EM000047,Email,2025-07-01 00:19:00,"Request for assistance - The road near {place} has several potholes and two-wheelers are having to move around them. After the recent rain, the damaged portions have become difficult to see at night. Dear Sir/Madam, I am writing to report an issue regarding a public service issue in Itanagar. The road near the central junction has several potholes and two-wheelers are having to move around them. After the recent rain, the damaged portions have become difficult to see at night. Could the road be inspected and repaired before there is an accident? Location: Itanagar, Arunachal Pradesh. Please let me know if any additional details are required. Regards, A concerned citizen",,"Itanagar, Arunachal Pradesh",
EM000048,Email,2025-03-27 21:49:00,"The road near {place} has several potholes and two-wheelers are having to move around them. After the recent rain, the damaged portions have become difficult to see at night. Dear Sir/Madam, I wanted to check whether someone could look into the following matter regarding a public service issue in Shimla. The road near the road leading to the government school has several potholes and two-wheelers are having to move around them. After the recent rain, the damaged portions have become difficult to see at night. Could the road be inspected and repaired before there is an accident? I had also mentioned this to the local office, but I have not received a clear update. Location: Shimla, Himachal Pradesh. I hope the department can look into this soon. Regards, A concerned citizen",,"Shimla, Himachal Pradesh",
EM000049,Email,2025-11-29 07:31:00,"A pedestrian crossing is badly needed near {place}. School children and older people are crossing between moving vehicles because there is no safe crossing point. Dear Sir/Madam, I wanted to bring a problem to your notice regarding a public service issue in Coimbatore. A pedestrian crossing is badly needed near our residential lane. School children and older people are crossing between moving vehicles because there is no safe crossing point. I request that the possibility of a marked crossing or other safety measure be considered. Location: Coimbatore, Tamil Nadu. I would appreciate an update when possible. Regards, A concerned citizen",,"Coimbatore, Tamil Nadu",
EM000050,Email,2025-06-14 21:58:00,"The road near {place} has several potholes and two-wheelers are having to move around them. After the recent rain, the damaged portions have become difficult to see at night. Dear Sir/Madam, I wanted to bring a problem to your notice regarding a public service issue in Coimbatore. The road near the main market road has several potholes and two-wheelers are having to move around them. After the recent rain, the damaged portions have become difficult to see at night. Could the road be inspected and repaired before there is an accident? Location: Coimbatore, Tamil Nadu. Kindly let me know what action can be taken. Regards, A concerned citizen",,"Coimbatore, Tamil Nadu",
EM000051,Email,2025-06-10 15:15:00,"Concern regarding There is heavy traffic outside {place} every morning. Vehicles are being parked along both sides of the road, leaving very little space for buses and other vehicles. Dear Sir/Madam, I am not sure which department handles this, so I am writing here for assistance regarding a public service issue in Bengaluru. There is heavy traffic outside our residential lane every morning. Vehicles are being parked along both sides of the road, leaving very little space for buses and other vehicles. Could traffic personnel or the concerned municipal team look into this? I am mainly looking for a clear update and a practical solution. Location: Bengaluru, Karnataka. I hope the department can look into this soon. Regards, A concerned citizen",,"Bengaluru, Karnataka",
EM000052,Email,2025-04-04 05:11:00,"There is heavy traffic outside {place} every morning. Vehicles are being parked along both sides of the road, leaving very little space for buses and other vehicles. Dear Sir/Madam, I am writing after trying to get this issue resolved locally regarding a public service issue in Coimbatore. There is heavy traffic outside our residential lane every morning. Vehicles are being parked along both sides of the road, leaving very little space for buses and other vehicles. Could traffic personnel or the concerned municipal team look into this? I am mainly looking for a clear update and a practical solution. Location: Coimbatore, Tamil Nadu. Please acknowledge the complaint and advise me on the next step. Regards, A concerned citizen",,"Coimbatore, Tamil Nadu",
EM000053,Email,2025-07-15 14:13:00,"There is heavy traffic outside {place} every morning. Vehicles are being parked along both sides of the road, leaving very little space for buses and other vehicles. Dear Sir/Madam, I wanted to bring a problem to your notice regarding a public service issue in Kolkata. There is heavy traffic outside the road leading to the government school every morning. Vehicles are being parked along both sides of the road, leaving very little space for buses and other vehicles. Could traffic personnel or the concerned municipal team look into this? I am mainly looking for a clear update and a practical solution. Location: Kolkata, West Bengal. Kindly let me know what action can be taken. Regards, A concerned citizen",,"Kolkata, West Bengal",
EM000054,Email,2025-01-17 03:05:00,"There is heavy traffic outside {place} every morning. Vehicles are being parked along both sides of the road, leaving very little space for buses and other vehicles. Dear Sir/Madam, I wanted to bring a problem to your notice regarding a public service issue in Imphal. There is heavy traffic outside the junction near the bus stand every morning. Vehicles are being parked along both sides of the road, leaving very little space for buses and other vehicles. Could traffic personnel or the concerned municipal team look into this? I am attaching no personal documents; I only want the service issue to be addressed. Location: Imphal, Manipur. I hope the department can look into this soon. Regards, A concerned citizen",,"Imphal, Manipur",
EM000055,Email,2025-06-03 03:59:00,"A pedestrian crossing is badly needed near {place}. School children and older people are crossing between moving vehicles because there is no safe crossing point. Dear Sir/Madam, I wanted to bring a problem to your notice regarding a public service issue in Gangtok. A pedestrian crossing is badly needed near the road leading to the government school. School children and older people are crossing between moving vehicles because there is no safe crossing point. I request that the possibility of a marked crossing or other safety measure be considered. Location: Gangtok, Sikkim. I hope the department can look into this soon. Regards, A concerned citizen",,"Gangtok, Sikkim",
EM000056,Email,2025-04-06 09:53:00,"Follow-up: There is heavy traffic outside {place} every morning. Vehicles are being parked along both sides of the road, leaving very little space for buses and other vehicles. Dear Sir/Madam, I am writing to report an issue regarding a public service issue in Kolkata. There is heavy traffic outside the road leading to the government school every morning. Vehicles are being parked along both sides of the road, leaving very little space for buses and other vehicles. Could traffic personnel or the concerned municipal team look into this? Location: Kolkata, West Bengal. Please acknowledge the complaint and advise me on the next step. Regards, A concerned citizen",,"Kolkata, West Bengal",
EM000057,Email,2025-06-10 10:01:00,"A street light close to {place} has been out for several nights. The road becomes quite dark after around 7 pm and residents are uncomfortable walking there. Dear Sir/Madam, I am writing after trying to get this issue resolved locally regarding a public service issue in Gangtok. A street light close to the central junction has been out for several nights. The road becomes quite dark after around 7 pm and residents are uncomfortable walking there. Please arrange a repair if this falls under your department. Location: Gangtok, Sikkim. I hope the department can look into this soon. Regards, A concerned citizen",,"Gangtok, Sikkim",
EM000058,Email,2025-02-27 19:54:00,"Follow-up: There is heavy traffic outside {place} every morning. Vehicles are being parked along both sides of the road, leaving very little space for buses and other vehicles. Dear Sir/Madam, I am writing to report an issue regarding a public service issue in Gurugram. There is heavy traffic outside the road leading to the government school every morning. Vehicles are being parked along both sides of the road, leaving very little space for buses and other vehicles. Could traffic personnel or the concerned municipal team look into this? Location: Gurugram, Haryana. I hope the department can look into this soon. Regards, A concerned citizen",,"Gurugram, Haryana",
EM000059,Email,2025-05-05 16:03:00,"A street light close to {place} has been out for several nights. The road becomes quite dark after around 7 pm and residents are uncomfortable walking there. Dear Sir/Madam, I wanted to bring a problem to your notice regarding a public service issue in Bhopal. A street light close to the main market road has been out for several nights. The road becomes quite dark after around 7 pm and residents are uncomfortable walking there. Please arrange a repair if this falls under your department. This is not the first time we have faced this problem. Location: Bhopal, Madhya Pradesh. I hope the department can look into this soon. Regards, A concerned citizen",,"Bhopal, Madhya Pradesh",
EM000060,Email,2025-03-20 23:54:00,"The road near {place} has several potholes and two-wheelers are having to move around them. After the recent rain, the damaged portions have become difficult to see at night. Dear Sir/Madam, I am writing after trying to get this issue resolved locally regarding a public service issue in Ludhiana. The road near the central junction has several potholes and two-wheelers are having to move around them. After the recent rain, the damaged portions have become difficult to see at night. Could the road be inspected and repaired before there is an accident? Location: Ludhiana, Punjab. Please acknowledge the complaint and advise me on the next step. Regards, A concerned citizen",,"Ludhiana, Punjab",
EM000061,Email,2025-09-06 19:33:00,"There is heavy traffic outside {place} every morning. Vehicles are being parked along both sides of the road, leaving very little space for buses and other vehicles. Dear Sir/Madam, I am writing to report an issue regarding a public service issue in Itanagar. There is heavy traffic outside our residential lane every morning. Vehicles are being parked along both sides of the road, leaving very little space for buses and other vehicles. Could traffic personnel or the concerned municipal team look into this? I am attaching no personal documents; I only want the service issue to be addressed. Location: Itanagar, Arunachal Pradesh. I would appreciate an update when possible. Regards, A concerned citizen",,"Itanagar, Arunachal Pradesh",
EM000062,Email,2025-04-08 07:56:00,"There is heavy traffic outside {place} every morning. Vehicles are being parked along both sides of the road, leaving very little space for buses and other vehicles. Dear Sir/Madam, I wanted to check whether someone could look into the following matter regarding a public service issue in Gangtok. There is heavy traffic outside the road leading to the government school every morning. Vehicles are being parked along both sides of the road, leaving very little space for buses and other vehicles. Could traffic personnel or the concerned municipal team look into this? I understand that some delays are unavoidable, but the current situation is becoming difficult. Location: Gangtok, Sikkim. Kindly let me know what action can be taken. Regards, A concerned citizen",,"Gangtok, Sikkim",
EM000063,Email,2025-10-19 12:42:00,"A pedestrian crossing is badly needed near {place}. School children and older people are crossing between moving vehicles because there is no safe crossing point. Dear Sir/Madam, I would like to request your help regarding an issue in my locality regarding a public service issue in Itanagar. A pedestrian crossing is badly needed near the road leading to the government school. School children and older people are crossing between moving vehicles because there is no safe crossing point. I request that the possibility of a marked crossing or other safety measure be considered. Location: Itanagar, Arunachal Pradesh. I hope the department can look into this soon. Regards, A concerned citizen",,"Itanagar, Arunachal Pradesh",
EM000064,Email,2025-08-06 18:00:00,"The traffic signal at {place} has not been working properly for the last few days. Vehicles from different directions are entering the junction at the same time. Dear Sir/Madam, I am writing to report an issue regarding a public service issue in Ludhiana. The traffic signal at the central junction has not been working properly for the last few days. Vehicles from different directions are entering the junction at the same time. Please arrange for the signal to be checked. Location: Ludhiana, Punjab. Please let me know if any additional details are required. Regards, A concerned citizen",,"Ludhiana, Punjab",
EM000065,Email,2025-07-07 19:27:00,"Request for assistance - A street light close to {place} has been out for several nights. The road becomes quite dark after around 7 pm and residents are uncomfortable walking there. Dear Sir/Madam, I am not sure which department handles this, so I am writing here for assistance regarding a public service issue in Leh. A street light close to the main market road has been out for several nights. The road becomes quite dark after around 7 pm and residents are uncomfortable walking there. Please arrange a repair if this falls under your department. I understand that some delays are unavoidable, but the current situation is becoming difficult. Location: Leh, Ladakh. Kindly let me know what action can be taken. Regards, A concerned citizen",,"Leh, Ladakh",
EM000066,Email,2025-04-03 09:59:00,"The road near {place} has several potholes and two-wheelers are having to move around them. After the recent rain, the damaged portions have become difficult to see at night. Dear Sir/Madam, I am contacting your department because I have been facing a problem regarding a public service issue in Agartala. The road near the central junction has several potholes and two-wheelers are having to move around them. After the recent rain, the damaged portions have become difficult to see at night. Could the road be inspected and repaired before there is an accident? This is not the first time we have faced this problem. Location: Agartala, Tripura. I would appreciate an update when possible. Regards, A concerned citizen",,"Agartala, Tripura",
EM000067,Email,2025-10-13 18:13:00,"The traffic signal at {place} has not been working properly for the last few days. Vehicles from different directions are entering the junction at the same time. Dear Sir/Madam, I wanted to check whether someone could look into the following matter regarding a public service issue in Chandigarh. The traffic signal at the road leading to the government school has not been working properly for the last few days. Vehicles from different directions are entering the junction at the same time. Please arrange for the signal to be checked. I understand that some delays are unavoidable, but the current situation is becoming difficult. Location: Chandigarh, Chandigarh. Kindly let me know what action can be taken. Regards, A concerned citizen",,"Chandigarh, Chandigarh",
EM000068,Email,2025-02-14 18:54:00,"The traffic signal at {place} has not been working properly for the last few days. Vehicles from different directions are entering the junction at the same time. Dear Sir/Madam, I am a resident of the area and would like to raise a concern regarding a public service issue in Bhopal. The traffic signal at the central junction has not been working properly for the last few days. Vehicles from different directions are entering the junction at the same time. Please arrange for the signal to be checked. Location: Bhopal, Madhya Pradesh. I would appreciate an update when possible. Regards, A concerned citizen",,"Bhopal, Madhya Pradesh",
EM000069,Email,2025-05-17 04:04:00,"Request for assistance - There is heavy traffic outside {place} every morning. Vehicles are being parked along both sides of the road, leaving very little space for buses and other vehicles. Dear Sir/Madam, I am a resident of the area and would like to raise a concern regarding a public service issue in Guwahati. There is heavy traffic outside the road leading to the government school every morning. Vehicles are being parked along both sides of the road, leaving very little space for buses and other vehicles. Could traffic personnel or the concerned municipal team look into this? I am attaching no personal documents; I only want the service issue to be addressed. Location: Guwahati, Assam. Please acknowledge the complaint and advise me on the next step. Regards, A concerned citizen",,"Guwahati, Assam",
EM000070,Email,2025-01-22 10:28:00,"The traffic signal at {place} has not been working properly for the last few days. Vehicles from different directions are entering the junction at the same time. Dear Sir/Madam, I am writing after trying to get this issue resolved locally regarding a public service issue in Patna. The traffic signal at the junction near the bus stand has not been working properly for the last few days. Vehicles from different directions are entering the junction at the same time. Please arrange for the signal to be checked. Location: Patna, Bihar. I hope the department can look into this soon. Regards, A concerned citizen",,"Patna, Bihar",
EM000071,Email,2025-10-24 12:46:00,"The traffic signal at {place} has not been working properly for the last few days. Vehicles from different directions are entering the junction at the same time. Dear Sir/Madam, I am not sure which department handles this, so I am writing here for assistance regarding a public service issue in Ludhiana. The traffic signal at the central junction has not been working properly for the last few days. Vehicles from different directions are entering the junction at the same time. Please arrange for the signal to be checked. Location: Ludhiana, Punjab. Please let me know if any additional details are required. Regards, A concerned citizen",,"Ludhiana, Punjab",
EM000072,Email,2025-07-07 14:52:00,"There is heavy traffic outside {place} every morning. Vehicles are being parked along both sides of the road, leaving very little space for buses and other vehicles. Dear Sir/Madam, I am writing to report an issue regarding a public service issue in Ranchi. There is heavy traffic outside the junction near the bus stand every morning. Vehicles are being parked along both sides of the road, leaving very little space for buses and other vehicles. Could traffic personnel or the concerned municipal team look into this? I had also mentioned this to the local office, but I have not received a clear update. Location: Ranchi, Jharkhand. Please let me know if any additional details are required. Regards, A concerned citizen",,"Ranchi, Jharkhand",
EM000073,Email,2025-05-26 12:53:00,"The road near {place} has several potholes and two-wheelers are having to move around them. After the recent rain, the damaged portions have become difficult to see at night. Dear Sir/Madam, I am contacting your department because I have been facing a problem regarding a public service issue in Gangtok. The road near the junction near the bus stand has several potholes and two-wheelers are having to move around them. After the recent rain, the damaged portions have become difficult to see at night. Could the road be inspected and repaired before there is an accident? Location: Gangtok, Sikkim. Please let me know if any additional details are required. Regards, A concerned citizen",,"Gangtok, Sikkim",
EM000074,Email,2025-11-04 14:00:00,"The traffic signal at {place} has not been working properly for the last few days. Vehicles from different directions are entering the junction at the same time. Dear Sir/Madam, I wanted to check whether someone could look into the following matter regarding a public service issue in Bengaluru. The traffic signal at the junction near the bus stand has not been working properly for the last few days. Vehicles from different directions are entering the junction at the same time. Please arrange for the signal to be checked. This is not the first time we have faced this problem. Location: Bengaluru, Karnataka. Thank you for taking the time to read this. Regards, A concerned citizen",,"Bengaluru, Karnataka",
EM000075,Email,2025-12-18 03:40:00,"A pedestrian crossing is badly needed near {place}. School children and older people are crossing between moving vehicles because there is no safe crossing point. Dear Sir/Madam, I am contacting your department because I have been facing a problem regarding a public service issue in Kolkata. A pedestrian crossing is badly needed near the road leading to the government school. School children and older people are crossing between moving vehicles because there is no safe crossing point. I request that the possibility of a marked crossing or other safety measure be considered. Location: Kolkata, West Bengal. Please acknowledge the complaint and advise me on the next step. Regards, A concerned citizen",,"Kolkata, West Bengal",
EM000076,Email,2025-04-26 09:54:00,"The traffic signal at {place} has not been working properly for the last few days. Vehicles from different directions are entering the junction at the same time. Dear Sir/Madam, I wanted to bring a problem to your notice regarding a public service issue in Panaji. The traffic signal at the junction near the bus stand has not been working properly for the last few days. Vehicles from different directions are entering the junction at the same time. Please arrange for the signal to be checked. Location: Panaji, Goa. Kindly let me know what action can be taken. Regards, A concerned citizen",,"Panaji, Goa",
EM000077,Email,2025-04-16 19:29:00,"The traffic signal at {place} has not been working properly for the last few days. Vehicles from different directions are entering the junction at the same time. Dear Sir/Madam, I am writing after trying to get this issue resolved locally regarding a public service issue in Gurugram. The traffic signal at the junction near the bus stand has not been working properly for the last few days. Vehicles from different directions are entering the junction at the same time. Please arrange for the signal to be checked. I am mainly looking for a clear update and a practical solution. Location: Gurugram, Haryana. Please let me know if any additional details are required. Regards, A concerned citizen",,"Gurugram, Haryana",
EM000078,Email,2025-12-22 18:54:00,"There is heavy traffic outside {place} every morning. Vehicles are being parked along both sides of the road, leaving very little space for buses and other vehicles. Dear Sir/Madam, I am writing after trying to get this issue resolved locally regarding a public service issue in Kohima. There is heavy traffic outside the road leading to the government school every morning. Vehicles are being parked along both sides of the road, leaving very little space for buses and other vehicles. Could traffic personnel or the concerned municipal team look into this? I am attaching no personal documents; I only want the service issue to be addressed. Location: Kohima, Nagaland. I hope the department can look into this soon. Regards, A concerned citizen",,"Kohima, Nagaland",
EM000079,Email,2025-02-05 10:28:00,"The road near {place} has several potholes and two-wheelers are having to move around them. After the recent rain, the damaged portions have become difficult to see at night. Dear Sir/Madam, I am contacting your department because I have been facing a problem regarding a public service issue in Shimla. The road near the junction near the bus stand has several potholes and two-wheelers are having to move around them. After the recent rain, the damaged portions have become difficult to see at night. Could the road be inspected and repaired before there is an accident? Location: Shimla, Himachal Pradesh. I hope the department can look into this soon. Regards, A concerned citizen",,"Shimla, Himachal Pradesh",
EM000080,Email,2025-07-21 08:58:00,"There is heavy traffic outside {place} every morning. Vehicles are being parked along both sides of the road, leaving very little space for buses and other vehicles. Dear Sir/Madam, I wanted to check whether someone could look into the following matter regarding a public service issue in Jaipur. There is heavy traffic outside the main market road every morning. Vehicles are being parked along both sides of the road, leaving very little space for buses and other vehicles. Could traffic personnel or the concerned municipal team look into this? I am attaching no personal documents; I only want the service issue to be addressed. Location: Jaipur, Rajasthan. Thank you for taking the time to read this. Regards, A concerned citizen",,"Jaipur, Rajasthan",
EM000081,Email,2025-11-30 01:31:00,"The road near {place} has several potholes and two-wheelers are having to move around them. After the recent rain, the damaged portions have become difficult to see at night. Dear Sir/Madam, I am writing to report an issue regarding a public service issue in Bhubaneswar. The road near the main market road has several potholes and two-wheelers are having to move around them. After the recent rain, the damaged portions have become difficult to see at night. Could the road be inspected and repaired before there is an accident? I am mainly looking for a clear update and a practical solution. Location: Bhubaneswar, Odisha. Thank you for taking the time to read this. Regards, A concerned citizen",,"Bhubaneswar, Odisha",
EM000082,Email,2025-05-03 18:34:00,"A street light close to {place} has been out for several nights. The road becomes quite dark after around 7 pm and residents are uncomfortable walking there. Dear Sir/Madam, I am a resident of the area and would like to raise a concern regarding a public service issue in Leh. A street light close to the main market road has been out for several nights. The road becomes quite dark after around 7 pm and residents are uncomfortable walking there. Please arrange a repair if this falls under your department. Location: Leh, Ladakh. I would appreciate an update when possible. Regards, A concerned citizen",,"Leh, Ladakh",
EM000083,Email,2025-09-02 04:32:00,"The road near {place} has several potholes and two-wheelers are having to move around them. After the recent rain, the damaged portions have become difficult to see at night. Dear Sir/Madam, I wanted to bring a problem to your notice regarding a public service issue in Aizawl. The road near the main market road has several potholes and two-wheelers are having to move around them. After the recent rain, the damaged portions have become difficult to see at night. Could the road be inspected and repaired before there is an accident? Location: Aizawl, Mizoram. Thank you for taking the time to read this. Regards, A concerned citizen",,"Aizawl, Mizoram",
EM000084,Email,2025-08-16 22:53:00,"There is heavy traffic outside {place} every morning. Vehicles are being parked along both sides of the road, leaving very little space for buses and other vehicles. Dear Sir/Madam, I am contacting your department because I have been facing a problem regarding a public service issue in Ranchi. There is heavy traffic outside our residential lane every morning. Vehicles are being parked along both sides of the road, leaving very little space for buses and other vehicles. Could traffic personnel or the concerned municipal team look into this? I am mainly looking for a clear update and a practical solution. Location: Ranchi, Jharkhand. Please acknowledge the complaint and advise me on the next step. Regards, A concerned citizen",,"Ranchi, Jharkhand",
EM000085,Email,2025-12-14 03:38:00,"The road near {place} has several potholes and two-wheelers are having to move around them. After the recent rain, the damaged portions have become difficult to see at night. Dear Sir/Madam, I am contacting your department because I have been facing a problem regarding a public service issue in Dehradun. The road near our residential lane has several potholes and two-wheelers are having to move around them. After the recent rain, the damaged portions have become difficult to see at night. Could the road be inspected and repaired before there is an accident? Location: Dehradun, Uttarakhand. I hope the department can look into this soon. Regards, A concerned citizen",,"Dehradun, Uttarakhand",
EM000086,Email,2025-04-13 11:12:00,"Concern regarding A pedestrian crossing is badly needed near {place}. School children and older people are crossing between moving vehicles because there is no safe crossing point. Dear Sir/Madam, I am writing to report an issue regarding a public service issue in Agartala. A pedestrian crossing is badly needed near the central junction. School children and older people are crossing between moving vehicles because there is no safe crossing point. I request that the possibility of a marked crossing or other safety measure be considered. This is not the first time we have faced this problem. Location: Agartala, Tripura. I hope the department can look into this soon. Regards, A concerned citizen",,"Agartala, Tripura",
EM000087,Email,2025-09-15 16:49:00,"The traffic signal at {place} has not been working properly for the last few days. Vehicles from different directions are entering the junction at the same time. Dear Sir/Madam, I am not sure which department handles this, so I am writing here for assistance regarding a public service issue in Bhubaneswar. The traffic signal at the central junction has not been working properly for the last few days. Vehicles from different directions are entering the junction at the same time. Please arrange for the signal to be checked. I am mainly looking for a clear update and a practical solution. Location: Bhubaneswar, Odisha. Please acknowledge the complaint and advise me on the next step. Regards, A concerned citizen",,"Bhubaneswar, Odisha",
EM000088,Email,2025-11-30 07:10:00,"A street light close to {place} has been out for several nights. The road becomes quite dark after around 7 pm and residents are uncomfortable walking there. Dear Sir/Madam, I am not sure which department handles this, so I am writing here for assistance regarding a public service issue in Bengaluru. A street light close to the main market road has been out for several nights. The road becomes quite dark after around 7 pm and residents are uncomfortable walking there. Please arrange a repair if this falls under your department. Location: Bengaluru, Karnataka. Thank you for taking the time to read this. Regards, A concerned citizen",,"Bengaluru, Karnataka",
EM000089,Email,2025-07-14 06:59:00,"Request for assistance - The road near {place} has several potholes and two-wheelers are having to move around them. After the recent rain, the damaged portions have become difficult to see at night. Dear Sir/Madam, I am writing after trying to get this issue resolved locally regarding a public service issue in Lucknow. The road near the main market road has several potholes and two-wheelers are having to move around them. After the recent rain, the damaged portions have become difficult to see at night. Could the road be inspected and repaired before there is an accident? I had also mentioned this to the local office, but I have not received a clear update. Location: Lucknow, Uttar Pradesh. I would appreciate an update when possible. Regards, A concerned citizen",,"Lucknow, Uttar Pradesh",
EM000090,Email,2025-03-26 13:19:00,"The road near {place} has several potholes and two-wheelers are having to move around them. After the recent rain, the damaged portions have become difficult to see at night. Dear Sir/Madam, I am a resident of the area and would like to raise a concern regarding a public service issue in Hyderabad. The road near the road leading to the government school has several potholes and two-wheelers are having to move around them. After the recent rain, the damaged portions have become difficult to see at night. Could the road be inspected and repaired before there is an accident? Location: Hyderabad, Telangana. Please let me know if any additional details are required. Regards, A concerned citizen",,"Hyderabad, Telangana",
EM000091,Email,2025-01-26 13:16:00,"A street light close to {place} has been out for several nights. The road becomes quite dark after around 7 pm and residents are uncomfortable walking there. Dear Sir/Madam, I am not sure which department handles this, so I am writing here for assistance regarding a public service issue in New Delhi. A street light close to the main market road has been out for several nights. The road becomes quite dark after around 7 pm and residents are uncomfortable walking there. Please arrange a repair if this falls under your department. Location: New Delhi, Delhi. Please acknowledge the complaint and advise me on the next step. Regards, A concerned citizen",,"New Delhi, Delhi",
EM000092,Email,2025-12-10 13:30:00,"A pedestrian crossing is badly needed near {place}. School children and older people are crossing between moving vehicles because there is no safe crossing point. Dear Sir/Madam, I would like to request your help regarding an issue in my locality regarding a public service issue in Bhopal. A pedestrian crossing is badly needed near the main market road. School children and older people are crossing between moving vehicles because there is no safe crossing point. I request that the possibility of a marked crossing or other safety measure be considered. I had also mentioned this to the local office, but I have not received a clear update. Location: Bhopal, Madhya Pradesh. Kindly let me know what action can be taken. Regards, A concerned citizen",,"Bhopal, Madhya Pradesh",
EM000093,Email,2025-09-14 15:21:00,"The road near {place} has several potholes and two-wheelers are having to move around them. After the recent rain, the damaged portions have become difficult to see at night. Dear Sir/Madam, I am a resident of the area and would like to raise a concern regarding a public service issue in Aizawl. The road near the central junction has several potholes and two-wheelers are having to move around them. After the recent rain, the damaged portions have become difficult to see at night. Could the road be inspected and repaired before there is an accident? I am attaching no personal documents; I only want the service issue to be addressed. Location: Aizawl, Mizoram. Thank you for taking the time to read this. Regards, A concerned citizen",,"Aizawl, Mizoram",
EM000094,Email,2025-03-07 09:25:00,"A street light close to {place} has been out for several nights. The road becomes quite dark after around 7 pm and residents are uncomfortable walking there. Dear Sir/Madam, I wanted to check whether someone could look into the following matter regarding a public service issue in Imphal. A street light close to our residential lane has been out for several nights. The road becomes quite dark after around 7 pm and residents are uncomfortable walking there. Please arrange a repair if this falls under your department. I had also mentioned this to the local office, but I have not received a clear update. Location: Imphal, Manipur. Please let me know if any additional details are required. Regards, A concerned citizen",,"Imphal, Manipur",
EM000095,Email,2025-10-19 11:02:00,"A street light close to {place} has been out for several nights. The road becomes quite dark after around 7 pm and residents are uncomfortable walking there. Dear Sir/Madam, I am a resident of the area and would like to raise a concern regarding a public service issue in New Delhi. A street light close to the junction near the bus stand has been out for several nights. The road becomes quite dark after around 7 pm and residents are uncomfortable walking there. Please arrange a repair if this falls under your department. I am attaching no personal documents; I only want the service issue to be addressed. Location: New Delhi, Delhi. I would appreciate an update when possible. Regards, A concerned citizen",,"New Delhi, Delhi",
EM000096,Email,2025-06-27 09:52:00,"The traffic signal at {place} has not been working properly for the last few days. Vehicles from different directions are entering the junction at the same time. Dear Sir/Madam, I wanted to bring a problem to your notice regarding a public service issue in Kohima. The traffic signal at our residential lane has not been working properly for the last few days. Vehicles from different directions are entering the junction at the same time. Please arrange for the signal to be checked. I had also mentioned this to the local office, but I have not received a clear update. Location: Kohima, Nagaland. Please acknowledge the complaint and advise me on the next step. Regards, A concerned citizen",,"Kohima, Nagaland",
EM000097,Email,2025-03-07 13:11:00,"Concern regarding The traffic signal at {place} has not been working properly for the last few days. Vehicles from different directions are entering the junction at the same time. Dear Sir/Madam, I am a resident of the area and would like to raise a concern regarding a public service issue in Leh. The traffic signal at the road leading to the government school has not been working properly for the last few days. Vehicles from different directions are entering the junction at the same time. Please arrange for the signal to be checked. I had also mentioned this to the local office, but I have not received a clear update. Location: Leh, Ladakh. I would appreciate an update when possible. Regards, A concerned citizen",,"Leh, Ladakh",
EM000098,Email,2025-01-16 14:43:00,"A pedestrian crossing is badly needed near {place}. School children and older people are crossing between moving vehicles because there is no safe crossing point. Dear Sir/Madam, I am not sure which department handles this, so I am writing here for assistance regarding a public service issue in Puducherry. A pedestrian crossing is badly needed near the central junction. School children and older people are crossing between moving vehicles because there is no safe crossing point. I request that the possibility of a marked crossing or other safety measure be considered. I understand that some delays are unavoidable, but the current situation is becoming difficult. Location: Puducherry, Puducherry. Please let me know if any additional details are required. Regards, A concerned citizen",,"Puducherry, Puducherry",
EM000099,Email,2025-05-12 02:55:00,"The traffic signal at {place} has not been working properly for the last few days. Vehicles from different directions are entering the junction at the same time. Dear Sir/Madam, I am writing after trying to get this issue resolved locally regarding a public service issue in Aizawl. The traffic signal at the main market road has not been working properly for the last few days. Vehicles from different directions are entering the junction at the same time. Please arrange for the signal to be checked. Location: Aizawl, Mizoram. Kindly let me know what action can be taken. Regards, A concerned citizen",,"Aizawl, Mizoram",
EM000100,Email,2025-06-27 00:10:00,"A street light close to {place} has been out for several nights. The road becomes quite dark after around 7 pm and residents are uncomfortable walking there. Dear Sir/Madam, I am writing to report an issue regarding a public service issue in Ludhiana. A street light close to the main market road has been out for several nights. The road becomes quite dark after around 7 pm and residents are uncomfortable walking there. Please arrange a repair if this falls under your department. This is not the first time we have faced this problem. Location: Ludhiana, Punjab. Please acknowledge the complaint and advise me on the next step. Regards, A concerned citizen",,"Ludhiana, Punjab",
EM000101,Email,2025-08-15 20:05:00,"The traffic signal at {place} has not been working properly for the last few days. Vehicles from different directions are entering the junction at the same time. Dear Sir/Madam, I wanted to check whether someone could look into the following matter regarding a public service issue in Leh. The traffic signal at the central junction has not been working properly for the last few days. Vehicles from different directions are entering the junction at the same time. Please arrange for the signal to be checked. This is not the first time we have faced this problem. Location: Leh, Ladakh. Please let me know if any additional details are required. Regards, A concerned citizen",,"Leh, Ladakh",
EM000102,Email,2025-01-04 23:02:00,"A pedestrian crossing is badly needed near {place}. School children and older people are crossing between moving vehicles because there is no safe crossing point. Dear Sir/Madam, I am writing to report an issue regarding a public service issue in Ranchi. A pedestrian crossing is badly needed near the road leading to the government school. School children and older people are crossing between moving vehicles because there is no safe crossing point. I request that the possibility of a marked crossing or other safety measure be considered. I understand that some delays are unavoidable, but the current situation is becoming difficult. Location: Ranchi, Jharkhand. I would appreciate an update when possible. Regards, A concerned citizen",,"Ranchi, Jharkhand",
EM000103,Email,2025-07-19 14:57:00,"A street light close to {place} has been out for several nights. The road becomes quite dark after around 7 pm and residents are uncomfortable walking there. Dear Sir/Madam, I wanted to bring a problem to your notice regarding a public service issue in New Delhi. A street light close to the main market road has been out for several nights. The road becomes quite dark after around 7 pm and residents are uncomfortable walking there. Please arrange a repair if this falls under your department. I understand that some delays are unavoidable, but the current situation is becoming difficult. Location: New Delhi, Delhi. I hope the department can look into this soon. Regards, A concerned citizen",,"New Delhi, Delhi",
EM000104,Email,2025-05-03 18:10:00,"Follow-up: A pedestrian crossing is badly needed near {place}. School children and older people are crossing between moving vehicles because there is no safe crossing point. Dear Sir/Madam, I would like to request your help regarding an issue in my locality regarding a public service issue in New Delhi. A pedestrian crossing is badly needed near the road leading to the government school. School children and older people are crossing between moving vehicles because there is no safe crossing point. I request that the possibility of a marked crossing or other safety measure be considered. I am attaching no personal documents; I only want the service issue to be addressed. Location: New Delhi, Delhi. I hope the department can look into this soon. Regards, A concerned citizen",,"New Delhi, Delhi",
EM000105,Email,2025-05-02 02:25:00,"Follow-up: A street light close to {place} has been out for several nights. The road becomes quite dark after around 7 pm and residents are uncomfortable walking there. Dear Sir/Madam, I am writing to report an issue regarding a public service issue in Ahmedabad. A street light close to the central junction has been out for several nights. The road becomes quite dark after around 7 pm and residents are uncomfortable walking there. Please arrange a repair if this falls under your department. I understand that some delays are unavoidable, but the current situation is becoming difficult. Location: Ahmedabad, Gujarat. Please acknowledge the complaint and advise me on the next step. Regards, A concerned citizen",,"Ahmedabad, Gujarat",
EM000106,Email,2025-06-01 12:43:00,"The traffic signal at {place} has not been working properly for the last few days. Vehicles from different directions are entering the junction at the same time. Dear Sir/Madam, I am a resident of the area and would like to raise a concern regarding a public service issue in Ahmedabad. The traffic signal at our residential lane has not been working properly for the last few days. Vehicles from different directions are entering the junction at the same time. Please arrange for the signal to be checked. Location: Ahmedabad, Gujarat. Please acknowledge the complaint and advise me on the next step. Regards, A concerned citizen",,"Ahmedabad, Gujarat",
EM000107,Email,2025-01-28 13:57:00,"Follow-up: A street light close to {place} has been out for several nights. The road becomes quite dark after around 7 pm and residents are uncomfortable walking there. Dear Sir/Madam, I am writing after trying to get this issue resolved locally regarding a public service issue in Ludhiana. A street light close to the central junction has been out for several nights. The road becomes quite dark after around 7 pm and residents are uncomfortable walking there. Please arrange a repair if this falls under your department. Location: Ludhiana, Punjab. Kindly let me know what action can be taken. Regards, A concerned citizen",,"Ludhiana, Punjab",
EM000108,Email,2025-12-29 03:23:00,"There is heavy traffic outside {place} every morning. Vehicles are being parked along both sides of the road, leaving very little space for buses and other vehicles. Dear Sir/Madam, I am writing after trying to get this issue resolved locally regarding a public service issue in Bhopal. There is heavy traffic outside the junction near the bus stand every morning. Vehicles are being parked along both sides of the road, leaving very little space for buses and other vehicles. Could traffic personnel or the concerned municipal team look into this? Location: Bhopal, Madhya Pradesh. I would appreciate an update when possible. Regards, A concerned citizen",,"Bhopal, Madhya Pradesh",
EM000109,Email,2025-10-29 19:05:00,"A street light close to {place} has been out for several nights. The road becomes quite dark after around 7 pm and residents are uncomfortable walking there. Dear Sir/Madam, I am writing to report an issue regarding a public service issue in Patna. A street light close to the road leading to the government school has been out for several nights. The road becomes quite dark after around 7 pm and residents are uncomfortable walking there. Please arrange a repair if this falls under your department. Location: Patna, Bihar. Thank you for taking the time to read this. Regards, A concerned citizen",,"Patna, Bihar",
EM000110,Email,2025-09-13 16:50:00,"A street light close to {place} has been out for several nights. The road becomes quite dark after around 7 pm and residents are uncomfortable walking there. Dear Sir/Madam, I would like to request your help regarding an issue in my locality regarding a public service issue in Imphal. A street light close to the central junction has been out for several nights. The road becomes quite dark after around 7 pm and residents are uncomfortable walking there. Please arrange a repair if this falls under your department. Location: Imphal, Manipur. Thank you for taking the time to read this. Regards, A concerned citizen",,"Imphal, Manipur",
EM000111,Email,2025-09-23 12:27:00,"A street light close to {place} has been out for several nights. The road becomes quite dark after around 7 pm and residents are uncomfortable walking there. Dear Sir/Madam, I am writing to report an issue regarding a public service issue in Agartala. A street light close to the junction near the bus stand has been out for several nights. The road becomes quite dark after around 7 pm and residents are uncomfortable walking there. Please arrange a repair if this falls under your department. I am mainly looking for a clear update and a practical solution. Location: Agartala, Tripura. I hope the department can look into this soon. Regards, A concerned citizen",,"Agartala, Tripura",
EM000112,Email,2025-10-14 22:06:00,"Concern regarding A street light close to {place} has been out for several nights. The road becomes quite dark after around 7 pm and residents are uncomfortable walking there. Dear Sir/Madam, I am writing after trying to get this issue resolved locally regarding a public service issue in Shillong. A street light close to the central junction has been out for several nights. The road becomes quite dark after around 7 pm and residents are uncomfortable walking there. Please arrange a repair if this falls under your department. I had also mentioned this to the local office, but I have not received a clear update. Location: Shillong, Meghalaya. Please let me know if any additional details are required. Regards, A concerned citizen",,"Shillong, Meghalaya",
EM000113,Email,2025-03-27 10:53:00,"The traffic signal at {place} has not been working properly for the last few days. Vehicles from different directions are entering the junction at the same time. Dear Sir/Madam, I am contacting your department because I have been facing a problem regarding a public service issue in Leh. The traffic signal at our residential lane has not been working properly for the last few days. Vehicles from different directions are entering the junction at the same time. Please arrange for the signal to be checked. I am attaching no personal documents; I only want the service issue to be addressed. Location: Leh, Ladakh. Please let me know if any additional details are required. Regards, A concerned citizen",,"Leh, Ladakh",
EM000114,Email,2025-03-14 00:18:00,"A pedestrian crossing is badly needed near {place}. School children and older people are crossing between moving vehicles because there is no safe crossing point. Dear Sir/Madam, I wanted to check whether someone could look into the following matter regarding a public service issue in Pune. A pedestrian crossing is badly needed near the main market road. School children and older people are crossing between moving vehicles because there is no safe crossing point. I request that the possibility of a marked crossing or other safety measure be considered. Location: Pune, Maharashtra. Please acknowledge the complaint and advise me on the next step. Regards, A concerned citizen",,"Pune, Maharashtra",
EM000115,Email,2025-09-07 04:05:00,"The traffic signal at {place} has not been working properly for the last few days. Vehicles from different directions are entering the junction at the same time. Dear Sir/Madam, I would like to request your help regarding an issue in my locality regarding a public service issue in Dehradun. The traffic signal at the road leading to the government school has not been working properly for the last few days. Vehicles from different directions are entering the junction at the same time. Please arrange for the signal to be checked. Location: Dehradun, Uttarakhand. Please let me know if any additional details are required. Regards, A concerned citizen",,"Dehradun, Uttarakhand",
EM000116,Email,2025-09-06 12:51:00,"A pedestrian crossing is badly needed near {place}. School children and older people are crossing between moving vehicles because there is no safe crossing point. Dear Sir/Madam, I wanted to bring a problem to your notice regarding a public service issue in Ranchi. A pedestrian crossing is badly needed near our residential lane. School children and older people are crossing between moving vehicles because there is no safe crossing point. I request that the possibility of a marked crossing or other safety measure be considered. Location: Ranchi, Jharkhand. I would appreciate an update when possible. Regards, A concerned citizen",,"Ranchi, Jharkhand",
EM000117,Email,2025-11-05 18:10:00,"The road near {place} has several potholes and two-wheelers are having to move around them. After the recent rain, the damaged portions have become difficult to see at night. Dear Sir/Madam, I am not sure which department handles this, so I am writing here for assistance regarding a public service issue in Kochi. The road near the main market road has several potholes and two-wheelers are having to move around them. After the recent rain, the damaged portions have become difficult to see at night. Could the road be inspected and repaired before there is an accident? I am mainly looking for a clear update and a practical solution. Location: Kochi, Kerala. I hope the department can look into this soon. Regards, A concerned citizen",,"Kochi, Kerala",
EM000118,Email,2025-09-14 07:14:00,"Concern regarding The road near {place} has several potholes and two-wheelers are having to move around them. After the recent rain, the damaged portions have become difficult to see at night. Dear Sir/Madam, I wanted to check whether someone could look into the following matter regarding a public service issue in Shimla. The road near the main market road has several potholes and two-wheelers are having to move around them. After the recent rain, the damaged portions have become difficult to see at night. Could the road be inspected and repaired before there is an accident? I had also mentioned this to the local office, but I have not received a clear update. Location: Shimla, Himachal Pradesh. I hope the department can look into this soon. Regards, A concerned citizen",,"Shimla, Himachal Pradesh",
EM000119,Email,2025-06-30 22:53:00,"The road near {place} has several potholes and two-wheelers are having to move around them. After the recent rain, the damaged portions have become difficult to see at night. Dear Sir/Madam, I am a resident of the area and would like to raise a concern regarding a public service issue in Ahmedabad. The road near our residential lane has several potholes and two-wheelers are having to move around them. After the recent rain, the damaged portions have become difficult to see at night. Could the road be inspected and repaired before there is an accident? I had also mentioned this to the local office, but I have not received a clear update. Location: Ahmedabad, Gujarat. Kindly let me know what action can be taken. Regards, A concerned citizen",,"Ahmedabad, Gujarat",
EM000120,Email,2025-07-08 06:35:00,"The road near {place} has several potholes and two-wheelers are having to move around them. After the recent rain, the damaged portions have become difficult to see at night. Dear Sir/Madam, I am a resident of the area and would like to raise a concern regarding a public service issue in Kolkata. The road near the road leading to the government school has several potholes and two-wheelers are having to move around them. After the recent rain, the damaged portions have become difficult to see at night. Could the road be inspected and repaired before there is an accident? This is not the first time we have faced this problem. Location: Kolkata, West Bengal. Thank you for taking the time to read this. Regards, A concerned citizen",,"Kolkata, West Bengal",
EM000121,Email,2025-03-02 14:04:00,"The road near {place} has several potholes and two-wheelers are having to move around them. After the recent rain, the damaged portions have become difficult to see at night. Dear Sir/Madam, I am not sure which department handles this, so I am writing here for assistance regarding a public service issue in Kolkata. The road near the junction near the bus stand has several potholes and two-wheelers are having to move around them. After the recent rain, the damaged portions have become difficult to see at night. Could the road be inspected and repaired before there is an accident? Location: Kolkata, West Bengal. Please let me know if any additional details are required. Regards, A concerned citizen",,"Kolkata, West Bengal",
EM000122,Email,2025-07-04 14:01:00,"There is heavy traffic outside {place} every morning. Vehicles are being parked along both sides of the road, leaving very little space for buses and other vehicles. Dear Sir/Madam, I would like to request your help regarding an issue in my locality regarding a public service issue in Aizawl. There is heavy traffic outside our residential lane every morning. Vehicles are being parked along both sides of the road, leaving very little space for buses and other vehicles. Could traffic personnel or the concerned municipal team look into this? I am attaching no personal documents; I only want the service issue to be addressed. Location: Aizawl, Mizoram. Thank you for taking the time to read this. Regards, A concerned citizen",,"Aizawl, Mizoram",
EM000123,Email,2025-07-10 01:49:00,"A street light close to {place} has been out for several nights. The road becomes quite dark after around 7 pm and residents are uncomfortable walking there. Dear Sir/Madam, I would like to request your help regarding an issue in my locality regarding a public service issue in Guwahati. A street light close to the central junction has been out for several nights. The road becomes quite dark after around 7 pm and residents are uncomfortable walking there. Please arrange a repair if this falls under your department. I understand that some delays are unavoidable, but the current situation is becoming difficult. Location: Guwahati, Assam. I hope the department can look into this soon. Regards, A concerned citizen",,"Guwahati, Assam",
EM000124,Email,2025-01-02 17:19:00,"Request for assistance - A street light close to {place} has been out for several nights. The road becomes quite dark after around 7 pm and residents are uncomfortable walking there. Dear Sir/Madam, I am a resident of the area and would like to raise a concern regarding a public service issue in Pune. A street light close to our residential lane has been out for several nights. The road becomes quite dark after around 7 pm and residents are uncomfortable walking there. Please arrange a repair if this falls under your department. I am attaching no personal documents; I only want the service issue to be addressed. Location: Pune, Maharashtra. Kindly let me know what action can be taken. Regards, A concerned citizen",,"Pune, Maharashtra",
EM000125,Email,2025-10-23 22:57:00,"Follow-up: A street light close to {place} has been out for several nights. The road becomes quite dark after around 7 pm and residents are uncomfortable walking there. Dear Sir/Madam, I am not sure which department handles this, so I am writing here for assistance regarding a public service issue in Bhopal. A street light close to the central junction has been out for several nights. The road becomes quite dark after around 7 pm and residents are uncomfortable walking there. Please arrange a repair if this falls under your department. Location: Bhopal, Madhya Pradesh. Please acknowledge the complaint and advise me on the next step. Regards, A concerned citizen",,"Bhopal, Madhya Pradesh",
EM000126,Email,2025-11-27 02:19:00,"A street light close to {place} has been out for several nights. The road becomes quite dark after around 7 pm and residents are uncomfortable walking there. Dear Sir/Madam, I am writing after trying to get this issue resolved locally regarding a public service issue in Kolkata. A street light close to our residential lane has been out for several nights. The road becomes quite dark after around 7 pm and residents are uncomfortable walking there. Please arrange a repair if this falls under your department. Location: Kolkata, West Bengal. Kindly let me know what action can be taken. Regards, A concerned citizen",,"Kolkata, West Bengal",
EM000127,Email,2025-07-03 03:35:00,"A street light close to {place} has been out for several nights. The road becomes quite dark after around 7 pm and residents are uncomfortable walking there. Dear Sir/Madam, I am not sure which department handles this, so I am writing here for assistance regarding a public service issue in Jaipur. A street light close to our residential lane has been out for several nights. The road becomes quite dark after around 7 pm and residents are uncomfortable walking there. Please arrange a repair if this falls under your department. I understand that some delays are unavoidable, but the current situation is becoming difficult. Location: Jaipur, Rajasthan. I hope the department can look into this soon. Regards, A concerned citizen",,"Jaipur, Rajasthan",
EM000128,Email,2025-03-26 21:28:00,"The road near {place} has several potholes and two-wheelers are having to move around them. After the recent rain, the damaged portions have become difficult to see at night. Dear Sir/Madam, I am writing after trying to get this issue resolved locally regarding a public service issue in Leh. The road near the road leading to the government school has several potholes and two-wheelers are having to move around them. After the recent rain, the damaged portions have become difficult to see at night. Could the road be inspected and repaired before there is an accident? I am attaching no personal documents; I only want the service issue to be addressed. Location: Leh, Ladakh. Please let me know if any additional details are required. Regards, A concerned citizen",,"Leh, Ladakh",
EM000129,Email,2025-06-16 23:26:00,"A pedestrian crossing is badly needed near {place}. School children and older people are crossing between moving vehicles because there is no safe crossing point. Dear Sir/Madam, I am writing after trying to get this issue resolved locally regarding a public service issue in Gangtok. A pedestrian crossing is badly needed near the road leading to the government school. School children and older people are crossing between moving vehicles because there is no safe crossing point. I request that the possibility of a marked crossing or other safety measure be considered. I understand that some delays are unavoidable, but the current situation is becoming difficult. Location: Gangtok, Sikkim. Please let me know if any additional details are required. Regards, A concerned citizen",,"Gangtok, Sikkim",
EM000130,Email,2025-02-09 21:31:00,"The road near {place} has several potholes and two-wheelers are having to move around them. After the recent rain, the damaged portions have become difficult to see at night. Dear Sir/Madam, I wanted to check whether someone could look into the following matter regarding a public service issue in Kochi. The road near the road leading to the government school has several potholes and two-wheelers are having to move around them. After the recent rain, the damaged portions have become difficult to see at night. Could the road be inspected and repaired before there is an accident? I am attaching no personal documents; I only want the service issue to be addressed. Location: Kochi, Kerala. Thank you for taking the time to read this. Regards, A concerned citizen",,"Kochi, Kerala",
EM000131,Email,2025-02-22 14:45:00,"The traffic signal at {place} has not been working properly for the last few days. Vehicles from different directions are entering the junction at the same time. Dear Sir/Madam, I am writing after trying to get this issue resolved locally regarding a public service issue in Bhubaneswar. The traffic signal at the main market road has not been working properly for the last few days. Vehicles from different directions are entering the junction at the same time. Please arrange for the signal to be checked. I had also mentioned this to the local office, but I have not received a clear update. Location: Bhubaneswar, Odisha. Please let me know if any additional details are required. Regards, A concerned citizen",,"Bhubaneswar, Odisha",
EM000132,Email,2025-10-26 02:29:00,"Follow-up: The road near {place} has several potholes and two-wheelers are having to move around them. After the recent rain, the damaged portions have become difficult to see at night. Dear Sir/Madam, I wanted to check whether someone could look into the following matter regarding a public service issue in Agartala. The road near the junction near the bus stand has several potholes and two-wheelers are having to move around them. After the recent rain, the damaged portions have become difficult to see at night. Could the road be inspected and repaired before there is an accident? Location: Agartala, Tripura. Thank you for taking the time to read this. Regards, A concerned citizen",,"Agartala, Tripura",
EM000133,Email,2025-10-17 13:00:00,"Request for assistance - A street light close to {place} has been out for several nights. The road becomes quite dark after around 7 pm and residents are uncomfortable walking there. Dear Sir/Madam, I am contacting your department because I have been facing a problem regarding a public service issue in Hyderabad. A street light close to our residential lane has been out for several nights. The road becomes quite dark after around 7 pm and residents are uncomfortable walking there. Please arrange a repair if this falls under your department. Location: Hyderabad, Telangana. I hope the department can look into this soon. Regards, A concerned citizen",,"Hyderabad, Telangana",
EM000134,Email,2025-01-01 22:07:00,"The road near {place} has several potholes and two-wheelers are having to move around them. After the recent rain, the damaged portions have become difficult to see at night. Dear Sir/Madam, I am writing after trying to get this issue resolved locally regarding a public service issue in Patna. The road near our residential lane has several potholes and two-wheelers are having to move around them. After the recent rain, the damaged portions have become difficult to see at night. Could the road be inspected and repaired before there is an accident? Location: Patna, Bihar. I hope the department can look into this soon. Regards, A concerned citizen",,"Patna, Bihar",
EM000135,Email,2025-04-27 06:13:00,"Follow-up: The road near {place} has several potholes and two-wheelers are having to move around them. After the recent rain, the damaged portions have become difficult to see at night. Dear Sir/Madam, I am writing after trying to get this issue resolved locally regarding a public service issue in Bhubaneswar. The road near the junction near the bus stand has several potholes and two-wheelers are having to move around them. After the recent rain, the damaged portions have become difficult to see at night. Could the road be inspected and repaired before there is an accident? I am mainly looking for a clear update and a practical solution. Location: Bhubaneswar, Odisha. Thank you for taking the time to read this. Regards, A concerned citizen",,"Bhubaneswar, Odisha",
EM000136,Email,2025-01-08 14:53:00,"The road near {place} has several potholes and two-wheelers are having to move around them. After the recent rain, the damaged portions have become difficult to see at night. Dear Sir/Madam, I am contacting your department because I have been facing a problem regarding a public service issue in Bhubaneswar. The road near the main market road has several potholes and two-wheelers are having to move around them. After the recent rain, the damaged portions have become difficult to see at night. Could the road be inspected and repaired before there is an accident? I had also mentioned this to the local office, but I have not received a clear update. Location: Bhubaneswar, Odisha. Kindly let me know what action can be taken. Regards, A concerned citizen",,"Bhubaneswar, Odisha",
EM000137,Email,2025-03-23 07:14:00,"Follow-up: A street light close to {place} has been out for several nights. The road becomes quite dark after around 7 pm and residents are uncomfortable walking there. Dear Sir/Madam, I would like to request your help regarding an issue in my locality regarding a public service issue in Hyderabad. A street light close to the main market road has been out for several nights. The road becomes quite dark after around 7 pm and residents are uncomfortable walking there. Please arrange a repair if this falls under your department. Location: Hyderabad, Telangana. I would appreciate an update when possible. Regards, A concerned citizen",,"Hyderabad, Telangana",
EM000138,Email,2025-07-03 20:12:00,"Request for assistance - The traffic signal at {place} has not been working properly for the last few days. Vehicles from different directions are entering the junction at the same time. Dear Sir/Madam, I am not sure which department handles this, so I am writing here for assistance regarding a public service issue in Raipur. The traffic signal at our residential lane has not been working properly for the last few days. Vehicles from different directions are entering the junction at the same time. Please arrange for the signal to be checked. Location: Raipur, Chhattisgarh. I would appreciate an update when possible. Regards, A concerned citizen",,"Raipur, Chhattisgarh",
EM000139,Email,2025-04-09 20:00:00,"A pedestrian crossing is badly needed near {place}. School children and older people are crossing between moving vehicles because there is no safe crossing point. Dear Sir/Madam, I wanted to check whether someone could look into the following matter regarding a public service issue in Gurugram. A pedestrian crossing is badly needed near the road leading to the government school. School children and older people are crossing between moving vehicles because there is no safe crossing point. I request that the possibility of a marked crossing or other safety measure be considered. This is not the first time we have faced this problem. Location: Gurugram, Haryana. I would appreciate an update when possible. Regards, A concerned citizen",,"Gurugram, Haryana",
EM000140,Email,2025-08-11 16:46:00,"A street light close to {place} has been out for several nights. The road becomes quite dark after around 7 pm and residents are uncomfortable walking there. Dear Sir/Madam, I am not sure which department handles this, so I am writing here for assistance regarding a public service issue in Bhubaneswar. A street light close to the main market road has been out for several nights. The road becomes quite dark after around 7 pm and residents are uncomfortable walking there. Please arrange a repair if this falls under your department. Location: Bhubaneswar, Odisha. I would appreciate an update when possible. Regards, A concerned citizen",,"Bhubaneswar, Odisha",
EM000141,Email,2025-07-08 11:53:00,"There is heavy traffic outside {place} every morning. Vehicles are being parked along both sides of the road, leaving very little space for buses and other vehicles. Dear Sir/Madam, I am writing after trying to get this issue resolved locally regarding a public service issue in Ranchi. There is heavy traffic outside our residential lane every morning. Vehicles are being parked along both sides of the road, leaving very little space for buses and other vehicles. Could traffic personnel or the concerned municipal team look into this? Location: Ranchi, Jharkhand. Please acknowledge the complaint and advise me on the next step. Regards, A concerned citizen",,"Ranchi, Jharkhand",
EM000142,Email,2025-08-01 06:38:00,"The road near {place} has several potholes and two-wheelers are having to move around them. After the recent rain, the damaged portions have become difficult to see at night. Dear Sir/Madam, I am not sure which department handles this, so I am writing here for assistance regarding a public service issue in Dehradun. The road near our residential lane has several potholes and two-wheelers are having to move around them. After the recent rain, the damaged portions have become difficult to see at night. Could the road be inspected and repaired before there is an accident? This is not the first time we have faced this problem. Location: Dehradun, Uttarakhand. Please acknowledge the complaint and advise me on the next step. Regards, A concerned citizen",,"Dehradun, Uttarakhand",
EM000143,Email,2025-05-28 10:46:00,"The road near {place} has several potholes and two-wheelers are having to move around them. After the recent rain, the damaged portions have become difficult to see at night. Dear Sir/Madam, I am contacting your department because I have been facing a problem regarding a public service issue in Kolkata. The road near the junction near the bus stand has several potholes and two-wheelers are having to move around them. After the recent rain, the damaged portions have become difficult to see at night. Could the road be inspected and repaired before there is an accident? Location: Kolkata, West Bengal. Please let me know if any additional details are required. Regards, A concerned citizen",,"Kolkata, West Bengal",
EM000144,Email,2025-02-01 10:18:00,"Request for assistance - There is heavy traffic outside {place} every morning. Vehicles are being parked along both sides of the road, leaving very little space for buses and other vehicles. Dear Sir/Madam, I would like to request your help regarding an issue in my locality regarding a public service issue in Itanagar. There is heavy traffic outside the main market road every morning. Vehicles are being parked along both sides of the road, leaving very little space for buses and other vehicles. Could traffic personnel or the concerned municipal team look into this? I am attaching no personal documents; I only want the service issue to be addressed. Location: Itanagar, Arunachal Pradesh. I hope the department can look into this soon. Regards, A concerned citizen",,"Itanagar, Arunachal Pradesh",
EM000145,Email,2025-09-22 16:46:00,"A street light close to {place} has been out for several nights. The road becomes quite dark after around 7 pm and residents are uncomfortable walking there. Dear Sir/Madam, I wanted to check whether someone could look into the following matter regarding a public service issue in Coimbatore. A street light close to our residential lane has been out for several nights. The road becomes quite dark after around 7 pm and residents are uncomfortable walking there. Please arrange a repair if this falls under your department. Location: Coimbatore, Tamil Nadu. Please let me know if any additional details are required. Regards, A concerned citizen",,"Coimbatore, Tamil Nadu",
EM000146,Email,2025-01-16 10:52:00,"A street light close to {place} has been out for several nights. The road becomes quite dark after around 7 pm and residents are uncomfortable walking there. Dear Sir/Madam, I am not sure which department handles this, so I am writing here for assistance regarding a public service issue in Bhopal. A street light close to the road leading to the government school has been out for several nights. The road becomes quite dark after around 7 pm and residents are uncomfortable walking there. Please arrange a repair if this falls under your department. Location: Bhopal, Madhya Pradesh. Thank you for taking the time to read this. Regards, A concerned citizen",,"Bhopal, Madhya Pradesh",
EM000147,Email,2025-09-17 11:52:00,"A pedestrian crossing is badly needed near {place}. School children and older people are crossing between moving vehicles because there is no safe crossing point. Dear Sir/Madam, I am writing to report an issue regarding a public service issue in Kolkata. A pedestrian crossing is badly needed near the main market road. School children and older people are crossing between moving vehicles because there is no safe crossing point. I request that the possibility of a marked crossing or other safety measure be considered. I am mainly looking for a clear update and a practical solution. Location: Kolkata, West Bengal. I hope the department can look into this soon. Regards, A concerned citizen",,"Kolkata, West Bengal",
EM000148,Email,2025-01-07 20:00:00,"There is heavy traffic outside {place} every morning. Vehicles are being parked along both sides of the road, leaving very little space for buses and other vehicles. Dear Sir/Madam, I am contacting your department because I have been facing a problem regarding a public service issue in Gurugram. There is heavy traffic outside the main market road every morning. Vehicles are being parked along both sides of the road, leaving very little space for buses and other vehicles. Could traffic personnel or the concerned municipal team look into this? This is not the first time we have faced this problem. Location: Gurugram, Haryana. Kindly let me know what action can be taken. Regards, A concerned citizen",,"Gurugram, Haryana",
EM000149,Email,2025-08-08 21:32:00,"The road near {place} has several potholes and two-wheelers are having to move around them. After the recent rain, the damaged portions have become difficult to see at night. Dear Sir/Madam, I wanted to check whether someone could look into the following matter regarding a public service issue in Gurugram. The road near the central junction has several potholes and two-wheelers are having to move around them. After the recent rain, the damaged portions have become difficult to see at night. Could the road be inspected and repaired before there is an accident? I am mainly looking for a clear update and a practical solution. Location: Gurugram, Haryana. Please acknowledge the complaint and advise me on the next step. Regards, A concerned citizen",,"Gurugram, Haryana",
EM000150,Email,2025-10-02 00:54:00,"Concern regarding There is heavy traffic outside {place} every morning. Vehicles are being parked along both sides of the road, leaving very little space for buses and other vehicles. Dear Sir/Madam, I would like to request your help regarding an issue in my locality regarding a public service issue in Kochi. There is heavy traffic outside our residential lane every morning. Vehicles are being parked along both sides of the road, leaving very little space for buses and other vehicles. Could traffic personnel or the concerned municipal team look into this? I am mainly looking for a clear update and a practical solution. Location: Kochi, Kerala. Thank you for taking the time to read this. Regards, A concerned citizen",,"Kochi, Kerala",
EM000151,Email,2025-03-07 00:35:00,"Follow-up: The traffic signal at {place} has not been working properly for the last few days. Vehicles from different directions are entering the junction at the same time. Dear Sir/Madam, I wanted to check whether someone could look into the following matter regarding a public service issue in Hyderabad. The traffic signal at the central junction has not been working properly for the last few days. Vehicles from different directions are entering the junction at the same time. Please arrange for the signal to be checked. I understand that some delays are unavoidable, but the current situation is becoming difficult. Location: Hyderabad, Telangana. Please acknowledge the complaint and advise me on the next step. Regards, A concerned citizen",,"Hyderabad, Telangana",
EM000152,Email,2025-10-24 03:17:00,"There is heavy traffic outside {place} every morning. Vehicles are being parked along both sides of the road, leaving very little space for buses and other vehicles. Dear Sir/Madam, I wanted to bring a problem to your notice regarding a public service issue in Bhopal. There is heavy traffic outside the junction near the bus stand every morning. Vehicles are being parked along both sides of the road, leaving very little space for buses and other vehicles. Could traffic personnel or the concerned municipal team look into this? This is not the first time we have faced this problem. Location: Bhopal, Madhya Pradesh. Please acknowledge the complaint and advise me on the next step. Regards, A concerned citizen",,"Bhopal, Madhya Pradesh",
EM000153,Email,2025-02-03 23:59:00,"A pedestrian crossing is badly needed near {place}. School children and older people are crossing between moving vehicles because there is no safe crossing point. Dear Sir/Madam, I would like to request your help regarding an issue in my locality regarding a public service issue in Srinagar. A pedestrian crossing is badly needed near the main market road. School children and older people are crossing between moving vehicles because there is no safe crossing point. I request that the possibility of a marked crossing or other safety measure be considered. Location: Srinagar, Jammu and Kashmir. Please acknowledge the complaint and advise me on the next step. Regards, A concerned citizen",,"Srinagar, Jammu and Kashmir",
EM000154,Email,2025-08-18 06:29:00,"A pedestrian crossing is badly needed near {place}. School children and older people are crossing between moving vehicles because there is no safe crossing point. Dear Sir/Madam, I wanted to bring a problem to your notice regarding a public service issue in Kohima. A pedestrian crossing is badly needed near the road leading to the government school. School children and older people are crossing between moving vehicles because there is no safe crossing point. I request that the possibility of a marked crossing or other safety measure be considered. Location: Kohima, Nagaland. Thank you for taking the time to read this. Regards, A concerned citizen",,"Kohima, Nagaland",
EM000155,Email,2025-08-20 13:39:00,"Follow-up: The road near {place} has several potholes and two-wheelers are having to move around them. After the recent rain, the damaged portions have become difficult to see at night. Dear Sir/Madam, I would like to request your help regarding an issue in my locality regarding a public service issue in Dehradun. The road near the main market road has several potholes and two-wheelers are having to move around them. After the recent rain, the damaged portions have become difficult to see at night. Could the road be inspected and repaired before there is an accident? I had also mentioned this to the local office, but I have not received a clear update. Location: Dehradun, Uttarakhand. Thank you for taking the time to read this. Regards, A concerned citizen",,"Dehradun, Uttarakhand",
EM000156,Email,2025-12-17 14:44:00,"There is heavy traffic outside {place} every morning. Vehicles are being parked along both sides of the road, leaving very little space for buses and other vehicles. Dear Sir/Madam, I would like to request your help regarding an issue in my locality regarding a public service issue in Imphal. There is heavy traffic outside the central junction every morning. Vehicles are being parked along both sides of the road, leaving very little space for buses and other vehicles. Could traffic personnel or the concerned municipal team look into this? I understand that some delays are unavoidable, but the current situation is becoming difficult. Location: Imphal, Manipur. I would appreciate an update when possible. Regards, A concerned citizen",,"Imphal, Manipur",
EM000157,Email,2025-10-17 20:49:00,"A pedestrian crossing is badly needed near {place}. School children and older people are crossing between moving vehicles because there is no safe crossing point. Dear Sir/Madam, I wanted to bring a problem to your notice regarding a public service issue in Kohima. A pedestrian crossing is badly needed near the central junction. School children and older people are crossing between moving vehicles because there is no safe crossing point. I request that the possibility of a marked crossing or other safety measure be considered. Location: Kohima, Nagaland. I would appreciate an update when possible. Regards, A concerned citizen",,"Kohima, Nagaland",
EM000158,Email,2025-01-06 20:35:00,"The traffic signal at {place} has not been working properly for the last few days. Vehicles from different directions are entering the junction at the same time. Dear Sir/Madam, I wanted to bring a problem to your notice regarding a public service issue in Visakhapatnam. The traffic signal at our residential lane has not been working properly for the last few days. Vehicles from different directions are entering the junction at the same time. Please arrange for the signal to be checked. Location: Visakhapatnam, Andhra Pradesh. I hope the department can look into this soon. Regards, A concerned citizen",,"Visakhapatnam, Andhra Pradesh",
EM000159,Email,2025-01-14 21:26:00,"Request for assistance - The road near {place} has several potholes and two-wheelers are having to move around them. After the recent rain, the damaged portions have become difficult to see at night. Dear Sir/Madam, I am writing to report an issue regarding a public service issue in Visakhapatnam. The road near the main market road has several potholes and two-wheelers are having to move around them. After the recent rain, the damaged portions have become difficult to see at night. Could the road be inspected and repaired before there is an accident? Location: Visakhapatnam, Andhra Pradesh. Please let me know if any additional details are required. Regards, A concerned citizen",,"Visakhapatnam, Andhra Pradesh",
EM000160,Email,2025-05-26 00:55:00,"A pedestrian crossing is badly needed near {place}. School children and older people are crossing between moving vehicles because there is no safe crossing point. Dear Sir/Madam, I am writing to report an issue regarding a public service issue in Itanagar. A pedestrian crossing is badly needed near the main market road. School children and older people are crossing between moving vehicles because there is no safe crossing point. I request that the possibility of a marked crossing or other safety measure be considered. Location: Itanagar, Arunachal Pradesh. Please let me know if any additional details are required. Regards, A concerned citizen",,"Itanagar, Arunachal Pradesh",
EM000161,Email,2025-11-24 04:15:00,"Concern regarding A pedestrian crossing is badly needed near {place}. School children and older people are crossing between moving vehicles because there is no safe crossing point. Dear Sir/Madam, I am contacting your department because I have been facing a problem regarding a public service issue in Ranchi. A pedestrian crossing is badly needed near the junction near the bus stand. School children and older people are crossing between moving vehicles because there is no safe crossing point. I request that the possibility of a marked crossing or other safety measure be considered. I am mainly looking for a clear update and a practical solution. Location: Ranchi, Jharkhand. Please let me know if any additional details are required. Regards, A concerned citizen",,"Ranchi, Jharkhand",
EM000162,Email,2025-02-28 16:50:00,"A pedestrian crossing is badly needed near {place}. School children and older people are crossing between moving vehicles because there is no safe crossing point. Dear Sir/Madam, I wanted to bring a problem to your notice regarding a public service issue in Ahmedabad. A pedestrian crossing is badly needed near our residential lane. School children and older people are crossing between moving vehicles because there is no safe crossing point. I request that the possibility of a marked crossing or other safety measure be considered. Location: Ahmedabad, Gujarat. Kindly let me know what action can be taken. Regards, A concerned citizen",,"Ahmedabad, Gujarat",
EM000163,Email,2025-01-05 09:32:00,"The traffic signal at {place} has not been working properly for the last few days. Vehicles from different directions are entering the junction at the same time. Dear Sir/Madam, I am contacting your department because I have been facing a problem regarding a public service issue in Visakhapatnam. The traffic signal at the main market road has not been working properly for the last few days. Vehicles from different directions are entering the junction at the same time. Please arrange for the signal to be checked. I had also mentioned this to the local office, but I have not received a clear update. Location: Visakhapatnam, Andhra Pradesh. Please let me know if any additional details are required. Regards, A concerned citizen",,"Visakhapatnam, Andhra Pradesh",
EM000164,Email,2025-12-25 23:20:00,"The road near {place} has several potholes and two-wheelers are having to move around them. After the recent rain, the damaged portions have become difficult to see at night. Dear Sir/Madam, I would like to request your help regarding an issue in my locality regarding a public service issue in Pune. The road near the main market road has several potholes and two-wheelers are having to move around them. After the recent rain, the damaged portions have become difficult to see at night. Could the road be inspected and repaired before there is an accident? This is not the first time we have faced this problem. Location: Pune, Maharashtra. I hope the department can look into this soon. Regards, A concerned citizen",,"Pune, Maharashtra",
EM000165,Email,2025-11-02 04:23:00,"Request for assistance - There is heavy traffic outside {place} every morning. Vehicles are being parked along both sides of the road, leaving very little space for buses and other vehicles. Dear Sir/Madam, I am a resident of the area and would like to raise a concern regarding a public service issue in Ahmedabad. There is heavy traffic outside the road leading to the government school every morning. Vehicles are being parked along both sides of the road, leaving very little space for buses and other vehicles. Could traffic personnel or the concerned municipal team look into this? Location: Ahmedabad, Gujarat. I would appreciate an update when possible. Regards, A concerned citizen",,"Ahmedabad, Gujarat",
EM000166,Email,2025-09-05 07:10:00,"The road near {place} has several potholes and two-wheelers are having to move around them. After the recent rain, the damaged portions have become difficult to see at night. Dear Sir/Madam, I wanted to bring a problem to your notice regarding a public service issue in New Delhi. The road near the central junction has several potholes and two-wheelers are having to move around them. After the recent rain, the damaged portions have become difficult to see at night. Could the road be inspected and repaired before there is an accident? Location: New Delhi, Delhi. Thank you for taking the time to read this. Regards, A concerned citizen",,"New Delhi, Delhi",
EM000167,Email,2025-05-19 20:48:00,"A street light close to {place} has been out for several nights. The road becomes quite dark after around 7 pm and residents are uncomfortable walking there. Dear Sir/Madam, I am a resident of the area and would like to raise a concern regarding a public service issue in Puducherry. A street light close to the junction near the bus stand has been out for several nights. The road becomes quite dark after around 7 pm and residents are uncomfortable walking there. Please arrange a repair if this falls under your department. I am attaching no personal documents; I only want the service issue to be addressed. Location: Puducherry, Puducherry. Please let me know if any additional details are required. Regards, A concerned citizen",,"Puducherry, Puducherry",
EM000168,Email,2025-03-31 21:09:00,"A pedestrian crossing is badly needed near {place}. School children and older people are crossing between moving vehicles because there is no safe crossing point. Dear Sir/Madam, I am a resident of the area and would like to raise a concern regarding a public service issue in Bhopal. A pedestrian crossing is badly needed near the main market road. School children and older people are crossing between moving vehicles because there is no safe crossing point. I request that the possibility of a marked crossing or other safety measure be considered. Location: Bhopal, Madhya Pradesh. Please acknowledge the complaint and advise me on the next step. Regards, A concerned citizen",,"Bhopal, Madhya Pradesh",
EM000169,Email,2025-12-23 08:36:00,"Follow-up: A street light close to {place} has been out for several nights. The road becomes quite dark after around 7 pm and residents are uncomfortable walking there. Dear Sir/Madam, I am a resident of the area and would like to raise a concern regarding a public service issue in Hyderabad. A street light close to the main market road has been out for several nights. The road becomes quite dark after around 7 pm and residents are uncomfortable walking there. Please arrange a repair if this falls under your department. Location: Hyderabad, Telangana. Thank you for taking the time to read this. Regards, A concerned citizen",,"Hyderabad, Telangana",
EM000170,Email,2025-06-17 15:45:00,"A pedestrian crossing is badly needed near {place}. School children and older people are crossing between moving vehicles because there is no safe crossing point. Dear Sir/Madam, I am not sure which department handles this, so I am writing here for assistance regarding a public service issue in Itanagar. A pedestrian crossing is badly needed near our residential lane. School children and older people are crossing between moving vehicles because there is no safe crossing point. I request that the possibility of a marked crossing or other safety measure be considered. I am attaching no personal documents; I only want the service issue to be addressed. Location: Itanagar, Arunachal Pradesh. Kindly let me know what action can be taken. Regards, A concerned citizen",,"Itanagar, Arunachal Pradesh",
EM000171,Email,2025-05-23 23:57:00,"We have been having power cuts almost every evening in {place}. Yesterday the supply went off several times and one interruption lasted for nearly three hours. Dear Sir/Madam, I wanted to check whether someone could look into the following matter regarding a public service issue in Gangtok. We have been having power cuts almost every evening in the apartment area. Yesterday the supply went off several times and one interruption lasted for nearly three hours. Could you please check whether there is a fault in the local supply line? I am attaching no personal documents; I only want the service issue to be addressed. Location: Gangtok, Sikkim. I would appreciate an update when possible. Regards, A concerned citizen",,"Gangtok, Sikkim",
EM000172,Email,2025-10-16 08:32:00,"Concern regarding We have been having power cuts almost every evening in {place}. Yesterday the supply went off several times and one interruption lasted for nearly three hours. Dear Sir/Madam, I would like to request your help regarding an issue in my locality regarding a public service issue in Aizawl. We have been having power cuts almost every evening in the western part of the locality. Yesterday the supply went off several times and one interruption lasted for nearly three hours. Could you please check whether there is a fault in the local supply line? This is not the first time we have faced this problem. Location: Aizawl, Mizoram. I hope the department can look into this soon. Regards, A concerned citizen",,"Aizawl, Mizoram",
EM000173,Email,2025-05-07 21:22:00,"There have been frequent voltage fluctuations in our area around {place}. Several residents have noticed lights becoming unusually bright and then dim. Dear Sir/Madam, I am writing to report an issue regarding a public service issue in Ranchi. There have been frequent voltage fluctuations in our area around the nearby market. Several residents have noticed lights becoming unusually bright and then dim. Please have the transformer or local line inspected. Location: Ranchi, Jharkhand. Thank you for taking the time to read this. Regards, A concerned citizen",,"Ranchi, Jharkhand",
EM000174,Email,2025-04-10 08:53:00,"There have been frequent voltage fluctuations in our area around {place}. Several residents have noticed lights becoming unusually bright and then dim. Dear Sir/Madam, I am a resident of the area and would like to raise a concern regarding a public service issue in Visakhapatnam. There have been frequent voltage fluctuations in our area around our neighbourhood. Several residents have noticed lights becoming unusually bright and then dim. Please have the transformer or local line inspected. Location: Visakhapatnam, Andhra Pradesh. Please let me know if any additional details are required. Regards, A concerned citizen",,"Visakhapatnam, Andhra Pradesh",
EM000175,Email,2025-09-23 23:13:00,"There have been frequent voltage fluctuations in our area around {place}. Several residents have noticed lights becoming unusually bright and then dim. Dear Sir/Madam, I am contacting your department because I have been facing a problem regarding a public service issue in Lucknow. There have been frequent voltage fluctuations in our area around the nearby market. Several residents have noticed lights becoming unusually bright and then dim. Please have the transformer or local line inspected. Location: Lucknow, Uttar Pradesh. Please acknowledge the complaint and advise me on the next step. Regards, A concerned citizen",,"Lucknow, Uttar Pradesh",
EM000176,Email,2025-11-24 19:07:00,"Power has been unavailable in part of our locality since last night. We have checked with nearby households and the problem seems to affect the whole street. Dear Sir/Madam, I wanted to bring a problem to your notice regarding a public service issue in Guwahati. Power has been unavailable in part of our locality since last night. We have checked with nearby households and the problem seems to affect the whole street. Please provide an update on the expected restoration time. I am attaching no personal documents; I only want the service issue to be addressed. Location: Guwahati, Assam. Thank you for taking the time to read this. Regards, A concerned citizen",,"Guwahati, Assam",
EM000177,Email,2025-06-20 05:11:00,"The transformer serving our neighbourhood in {place} appears to be overloaded. During peak hours the power goes off and sometimes takes a long time to return. Dear Sir/Madam, I am not sure which department handles this, so I am writing here for assistance regarding a public service issue in Visakhapatnam. The transformer serving our neighbourhood in our residential area appears to be overloaded. During peak hours the power goes off and sometimes takes a long time to return. I would be grateful if the department could check the load and advise on a permanent solution. I am attaching no personal documents; I only want the service issue to be addressed. Location: Visakhapatnam, Andhra Pradesh. Please let me know if any additional details are required. Regards, A concerned citizen",,"Visakhapatnam, Andhra Pradesh",
EM000178,Email,2025-05-23 00:14:00,"There have been frequent voltage fluctuations in our area around {place}. Several residents have noticed lights becoming unusually bright and then dim. Dear Sir/Madam, I am a resident of the area and would like to raise a concern regarding a public service issue in Imphal. There have been frequent voltage fluctuations in our area around our neighbourhood. Several residents have noticed lights becoming unusually bright and then dim. Please have the transformer or local line inspected. I understand that some delays are unavoidable, but the current situation is becoming difficult. Location: Imphal, Manipur. Please acknowledge the complaint and advise me on the next step. Regards, A concerned citizen",,"Imphal, Manipur",
EM000179,Email,2025-03-11 20:36:00,"There have been frequent voltage fluctuations in our area around {place}. Several residents have noticed lights becoming unusually bright and then dim. Dear Sir/Madam, I am writing after trying to get this issue resolved locally regarding a public service issue in Leh. There have been frequent voltage fluctuations in our area around the apartment area. Several residents have noticed lights becoming unusually bright and then dim. Please have the transformer or local line inspected. Location: Leh, Ladakh. Please acknowledge the complaint and advise me on the next step. Regards, A concerned citizen",,"Leh, Ladakh",
EM000180,Email,2025-01-15 18:59:00,"We have been having power cuts almost every evening in {place}. Yesterday the supply went off several times and one interruption lasted for nearly three hours. Dear Sir/Madam, I wanted to bring a problem to your notice regarding a public service issue in Lucknow. We have been having power cuts almost every evening in the western part of the locality. Yesterday the supply went off several times and one interruption lasted for nearly three hours. Could you please check whether there is a fault in the local supply line? I understand that some delays are unavoidable, but the current situation is becoming difficult. Location: Lucknow, Uttar Pradesh. I hope the department can look into this soon. Regards, A concerned citizen",,"Lucknow, Uttar Pradesh",
EM000181,Email,2025-09-01 19:23:00,"There have been frequent voltage fluctuations in our area around {place}. Several residents have noticed lights becoming unusually bright and then dim. Dear Sir/Madam, I am writing after trying to get this issue resolved locally regarding a public service issue in Bengaluru. There have been frequent voltage fluctuations in our area around the western part of the locality. Several residents have noticed lights becoming unusually bright and then dim. Please have the transformer or local line inspected. Location: Bengaluru, Karnataka. Please acknowledge the complaint and advise me on the next step. Regards, A concerned citizen",,"Bengaluru, Karnataka",
EM000182,Email,2025-01-26 01:47:00,"The transformer serving our neighbourhood in {place} appears to be overloaded. During peak hours the power goes off and sometimes takes a long time to return. Dear Sir/Madam, I am a resident of the area and would like to raise a concern regarding a public service issue in Pune. The transformer serving our neighbourhood in the western part of the locality appears to be overloaded. During peak hours the power goes off and sometimes takes a long time to return. I would be grateful if the department could check the load and advise on a permanent solution. I am mainly looking for a clear update and a practical solution. Location: Pune, Maharashtra. Kindly let me know what action can be taken. Regards, A concerned citizen",,"Pune, Maharashtra",
EM000183,Email,2025-02-22 01:04:00,"Concern regarding There have been frequent voltage fluctuations in our area around {place}. Several residents have noticed lights becoming unusually bright and then dim. Dear Sir/Madam, I wanted to bring a problem to your notice regarding a public service issue in Raipur. There have been frequent voltage fluctuations in our area around our neighbourhood. Several residents have noticed lights becoming unusually bright and then dim. Please have the transformer or local line inspected. I had also mentioned this to the local office, but I have not received a clear update. Location: Raipur, Chhattisgarh. I hope the department can look into this soon. Regards, A concerned citizen",,"Raipur, Chhattisgarh",
EM000184,Email,2025-02-23 06:08:00,"Follow-up: We have been having power cuts almost every evening in {place}. Yesterday the supply went off several times and one interruption lasted for nearly three hours. Dear Sir/Madam, I am a resident of the area and would like to raise a concern regarding a public service issue in Leh. We have been having power cuts almost every evening in our residential area. Yesterday the supply went off several times and one interruption lasted for nearly three hours. Could you please check whether there is a fault in the local supply line? Location: Leh, Ladakh. Kindly let me know what action can be taken. Regards, A concerned citizen",,"Leh, Ladakh",
EM000185,Email,2025-01-12 21:57:00,"The transformer serving our neighbourhood in {place} appears to be overloaded. During peak hours the power goes off and sometimes takes a long time to return. Dear Sir/Madam, I am not sure which department handles this, so I am writing here for assistance regarding a public service issue in Dehradun. The transformer serving our neighbourhood in the nearby market appears to be overloaded. During peak hours the power goes off and sometimes takes a long time to return. I would be grateful if the department could check the load and advise on a permanent solution. I am attaching no personal documents; I only want the service issue to be addressed. Location: Dehradun, Uttarakhand. Please acknowledge the complaint and advise me on the next step. Regards, A concerned citizen",,"Dehradun, Uttarakhand",
EM000186,Email,2025-04-16 15:58:00,"The transformer serving our neighbourhood in {place} appears to be overloaded. During peak hours the power goes off and sometimes takes a long time to return. Dear Sir/Madam, I am contacting your department because I have been facing a problem regarding a public service issue in Ahmedabad. The transformer serving our neighbourhood in our neighbourhood appears to be overloaded. During peak hours the power goes off and sometimes takes a long time to return. I would be grateful if the department could check the load and advise on a permanent solution. I had also mentioned this to the local office, but I have not received a clear update. Location: Ahmedabad, Gujarat. Please let me know if any additional details are required. Regards, A concerned citizen",,"Ahmedabad, Gujarat",
EM000187,Email,2025-03-28 02:39:00,"The transformer serving our neighbourhood in {place} appears to be overloaded. During peak hours the power goes off and sometimes takes a long time to return. Dear Sir/Madam, I am a resident of the area and would like to raise a concern regarding a public service issue in Kochi. The transformer serving our neighbourhood in our residential area appears to be overloaded. During peak hours the power goes off and sometimes takes a long time to return. I would be grateful if the department could check the load and advise on a permanent solution. This is not the first time we have faced this problem. Location: Kochi, Kerala. Please let me know if any additional details are required. Regards, A concerned citizen",,"Kochi, Kerala",
EM000188,Email,2025-06-04 03:25:00,"The transformer serving our neighbourhood in {place} appears to be overloaded. During peak hours the power goes off and sometimes takes a long time to return. Dear Sir/Madam, I am a resident of the area and would like to raise a concern regarding a public service issue in Panaji. The transformer serving our neighbourhood in the nearby market appears to be overloaded. During peak hours the power goes off and sometimes takes a long time to return. I would be grateful if the department could check the load and advise on a permanent solution. Location: Panaji, Goa. Kindly let me know what action can be taken. Regards, A concerned citizen",,"Panaji, Goa",
EM000189,Email,2025-10-21 13:09:00,"We have been having power cuts almost every evening in {place}. Yesterday the supply went off several times and one interruption lasted for nearly three hours. Dear Sir/Madam, I am writing to report an issue regarding a public service issue in Bhubaneswar. We have been having power cuts almost every evening in the nearby market. Yesterday the supply went off several times and one interruption lasted for nearly three hours. Could you please check whether there is a fault in the local supply line? Location: Bhubaneswar, Odisha. I would appreciate an update when possible. Regards, A concerned citizen",,"Bhubaneswar, Odisha",
EM000190,Email,2025-06-07 16:05:00,"Request for assistance - There have been frequent voltage fluctuations in our area around {place}. Several residents have noticed lights becoming unusually bright and then dim. Dear Sir/Madam, I am a resident of the area and would like to raise a concern regarding a public service issue in Raipur. There have been frequent voltage fluctuations in our area around our neighbourhood. Several residents have noticed lights becoming unusually bright and then dim. Please have the transformer or local line inspected. Location: Raipur, Chhattisgarh. Please acknowledge the complaint and advise me on the next step. Regards, A concerned citizen",,"Raipur, Chhattisgarh",
EM000191,Email,2025-09-20 03:42:00,"There have been frequent voltage fluctuations in our area around {place}. Several residents have noticed lights becoming unusually bright and then dim. Dear Sir/Madam, I wanted to check whether someone could look into the following matter regarding a public service issue in Agartala. There have been frequent voltage fluctuations in our area around the apartment area. Several residents have noticed lights becoming unusually bright and then dim. Please have the transformer or local line inspected. I had also mentioned this to the local office, but I have not received a clear update. Location: Agartala, Tripura. Kindly let me know what action can be taken. Regards, A concerned citizen",,"Agartala, Tripura",
EM000192,Email,2025-07-06 16:43:00,"There have been frequent voltage fluctuations in our area around {place}. Several residents have noticed lights becoming unusually bright and then dim. Dear Sir/Madam, I am writing after trying to get this issue resolved locally regarding a public service issue in Ludhiana. There have been frequent voltage fluctuations in our area around our neighbourhood. Several residents have noticed lights becoming unusually bright and then dim. Please have the transformer or local line inspected. I understand that some delays are unavoidable, but the current situation is becoming difficult. Location: Ludhiana, Punjab. Kindly let me know what action can be taken. Regards, A concerned citizen",,"Ludhiana, Punjab",
EM000193,Email,2025-04-25 08:36:00,"Power has been unavailable in part of our locality since last night. We have checked with nearby households and the problem seems to affect the whole street. Dear Sir/Madam, I would like to request your help regarding an issue in my locality regarding a public service issue in Shimla. Power has been unavailable in part of our locality since last night. We have checked with nearby households and the problem seems to affect the whole street. Please provide an update on the expected restoration time. Location: Shimla, Himachal Pradesh. Please let me know if any additional details are required. Regards, A concerned citizen",,"Shimla, Himachal Pradesh",
EM000194,Email,2025-12-07 09:27:00,"The transformer serving our neighbourhood in {place} appears to be overloaded. During peak hours the power goes off and sometimes takes a long time to return. Dear Sir/Madam, I wanted to check whether someone could look into the following matter regarding a public service issue in Puducherry. The transformer serving our neighbourhood in our neighbourhood appears to be overloaded. During peak hours the power goes off and sometimes takes a long time to return. I would be grateful if the department could check the load and advise on a permanent solution. I had also mentioned this to the local office, but I have not received a clear update. Location: Puducherry, Puducherry. Kindly let me know what action can be taken. Regards, A concerned citizen",,"Puducherry, Puducherry",
EM000195,Email,2025-01-16 17:23:00,"There have been frequent voltage fluctuations in our area around {place}. Several residents have noticed lights becoming unusually bright and then dim. Dear Sir/Madam, I am contacting your department because I have been facing a problem regarding a public service issue in Panaji. There have been frequent voltage fluctuations in our area around the nearby market. Several residents have noticed lights becoming unusually bright and then dim. Please have the transformer or local line inspected. I had also mentioned this to the local office, but I have not received a clear update. Location: Panaji, Goa. Please acknowledge the complaint and advise me on the next step. Regards, A concerned citizen",,"Panaji, Goa",
EM000196,Email,2025-06-10 12:53:00,"Follow-up: Power has been unavailable in part of our locality since last night. We have checked with nearby households and the problem seems to affect the whole street. Dear Sir/Madam, I wanted to check whether someone could look into the following matter regarding a public service issue in Bhubaneswar. Power has been unavailable in part of our locality since last night. We have checked with nearby households and the problem seems to affect the whole street. Please provide an update on the expected restoration time. I am mainly looking for a clear update and a practical solution. Location: Bhubaneswar, Odisha. Please let me know if any additional details are required. Regards, A concerned citizen",,"Bhubaneswar, Odisha",
EM000197,Email,2025-10-11 08:30:00,"There have been frequent voltage fluctuations in our area around {place}. Several residents have noticed lights becoming unusually bright and then dim. Dear Sir/Madam, I wanted to check whether someone could look into the following matter regarding a public service issue in Imphal. There have been frequent voltage fluctuations in our area around the nearby market. Several residents have noticed lights becoming unusually bright and then dim. Please have the transformer or local line inspected. Location: Imphal, Manipur. Please acknowledge the complaint and advise me on the next step. Regards, A concerned citizen",,"Imphal, Manipur",
EM000198,Email,2025-07-05 17:18:00,"Power has been unavailable in part of our locality since last night. We have checked with nearby households and the problem seems to affect the whole street. Dear Sir/Madam, I am writing to report an issue regarding a public service issue in Leh. Power has been unavailable in part of our locality since last night. We have checked with nearby households and the problem seems to affect the whole street. Please provide an update on the expected restoration time. Location: Leh, Ladakh. Thank you for taking the time to read this. Regards, A concerned citizen",,"Leh, Ladakh",
EM000199,Email,2025-12-01 23:06:00,"Power has been unavailable in part of our locality since last night. We have checked with nearby households and the problem seems to affect the whole street. Dear Sir/Madam, I would like to request your help regarding an issue in my locality regarding a public service issue in Bhubaneswar. Power has been unavailable in part of our locality since last night. We have checked with nearby households and the problem seems to affect the whole street. Please provide an update on the expected restoration time. Location: Bhubaneswar, Odisha. Please let me know if any additional details are required. Regards, A concerned citizen",,"Bhubaneswar, Odisha",
EM000200,Email,2025-01-04 07:37:00,"We have been having power cuts almost every evening in {place}. Yesterday the supply went off several times and one interruption lasted for nearly three hours. Dear Sir/Madam, I am writing after trying to get this issue resolved locally regarding a public service issue in Kochi. We have been having power cuts almost every evening in our neighbourhood. Yesterday the supply went off several times and one interruption lasted for nearly three hours. Could you please check whether there is a fault in the local supply line? This is not the first time we have faced this problem. Location: Kochi, Kerala. I hope the department can look into this soon. Regards, A concerned citizen",,"Kochi, Kerala",
EM000201,Email,2025-12-31 01:59:00,"The transformer serving our neighbourhood in {place} appears to be overloaded. During peak hours the power goes off and sometimes takes a long time to return. Dear Sir/Madam, I am writing after trying to get this issue resolved locally regarding a public service issue in Leh. The transformer serving our neighbourhood in the apartment area appears to be overloaded. During peak hours the power goes off and sometimes takes a long time to return. I would be grateful if the department could check the load and advise on a permanent solution. I am mainly looking for a clear update and a practical solution. Location: Leh, Ladakh. Please acknowledge the complaint and advise me on the next step. Regards, A concerned citizen",,"Leh, Ladakh",
EM000202,Email,2025-11-18 19:34:00,"We have been having power cuts almost every evening in {place}. Yesterday the supply went off several times and one interruption lasted for nearly three hours. Dear Sir/Madam, I am writing after trying to get this issue resolved locally regarding a public service issue in Kochi. We have been having power cuts almost every evening in the western part of the locality. Yesterday the supply went off several times and one interruption lasted for nearly three hours. Could you please check whether there is a fault in the local supply line? This is not the first time we have faced this problem. Location: Kochi, Kerala. Please let me know if any additional details are required. Regards, A concerned citizen",,"Kochi, Kerala",
EM000203,Email,2025-12-31 05:47:00,"The transformer serving our neighbourhood in {place} appears to be overloaded. During peak hours the power goes off and sometimes takes a long time to return. Dear Sir/Madam, I wanted to check whether someone could look into the following matter regarding a public service issue in Dehradun. The transformer serving our neighbourhood in the western part of the locality appears to be overloaded. During peak hours the power goes off and sometimes takes a long time to return. I would be grateful if the department could check the load and advise on a permanent solution. I had also mentioned this to the local office, but I have not received a clear update. Location: Dehradun, Uttarakhand. Please let me know if any additional details are required. Regards, A concerned citizen",,"Dehradun, Uttarakhand",
EM000204,Email,2025-12-26 11:29:00,"We have been having power cuts almost every evening in {place}. Yesterday the supply went off several times and one interruption lasted for nearly three hours. Dear Sir/Madam, I am a resident of the area and would like to raise a concern regarding a public service issue in Dehradun. We have been having power cuts almost every evening in our residential area. Yesterday the supply went off several times and one interruption lasted for nearly three hours. Could you please check whether there is a fault in the local supply line? Location: Dehradun, Uttarakhand. I would appreciate an update when possible. Regards, A concerned citizen",,"Dehradun, Uttarakhand",
EM000205,Email,2025-04-15 18:10:00,"Concern regarding We have been having power cuts almost every evening in {place}. Yesterday the supply went off several times and one interruption lasted for nearly three hours. Dear Sir/Madam, I am a resident of the area and would like to raise a concern regarding a public service issue in Itanagar. We have been having power cuts almost every evening in the apartment area. Yesterday the supply went off several times and one interruption lasted for nearly three hours. Could you please check whether there is a fault in the local supply line? Location: Itanagar, Arunachal Pradesh. Thank you for taking the time to read this. Regards, A concerned citizen",,"Itanagar, Arunachal Pradesh",
EM000206,Email,2025-11-17 00:09:00,"Concern regarding Power has been unavailable in part of our locality since last night. We have checked with nearby households and the problem seems to affect the whole street. Dear Sir/Madam, I would like to request your help regarding an issue in my locality regarding a public service issue in Patna. Power has been unavailable in part of our locality since last night. We have checked with nearby households and the problem seems to affect the whole street. Please provide an update on the expected restoration time. Location: Patna, Bihar. I would appreciate an update when possible. Regards, A concerned citizen",,"Patna, Bihar",
EM000207,Email,2025-12-12 20:48:00,"Power has been unavailable in part of our locality since last night. We have checked with nearby households and the problem seems to affect the whole street. Dear Sir/Madam, I would like to request your help regarding an issue in my locality regarding a public service issue in Kohima. Power has been unavailable in part of our locality since last night. We have checked with nearby households and the problem seems to affect the whole street. Please provide an update on the expected restoration time. This is not the first time we have faced this problem. Location: Kohima, Nagaland. Please let me know if any additional details are required. Regards, A concerned citizen",,"Kohima, Nagaland",
EM000208,Email,2025-06-07 11:38:00,"Power has been unavailable in part of our locality since last night. We have checked with nearby households and the problem seems to affect the whole street. Dear Sir/Madam, I am a resident of the area and would like to raise a concern regarding a public service issue in New Delhi. Power has been unavailable in part of our locality since last night. We have checked with nearby households and the problem seems to affect the whole street. Please provide an update on the expected restoration time. I had also mentioned this to the local office, but I have not received a clear update. Location: New Delhi, Delhi. Please acknowledge the complaint and advise me on the next step. Regards, A concerned citizen",,"New Delhi, Delhi",
EM000209,Email,2025-06-03 05:48:00,"The transformer serving our neighbourhood in {place} appears to be overloaded. During peak hours the power goes off and sometimes takes a long time to return. Dear Sir/Madam, I am writing after trying to get this issue resolved locally regarding a public service issue in Bhubaneswar. The transformer serving our neighbourhood in the apartment area appears to be overloaded. During peak hours the power goes off and sometimes takes a long time to return. I would be grateful if the department could check the load and advise on a permanent solution. I understand that some delays are unavoidable, but the current situation is becoming difficult. Location: Bhubaneswar, Odisha. I would appreciate an update when possible. Regards, A concerned citizen",,"Bhubaneswar, Odisha",
EM000210,Email,2025-10-31 17:57:00,"There have been frequent voltage fluctuations in our area around {place}. Several residents have noticed lights becoming unusually bright and then dim. Dear Sir/Madam, I am a resident of the area and would like to raise a concern regarding a public service issue in Pune. There have been frequent voltage fluctuations in our area around our residential area. Several residents have noticed lights becoming unusually bright and then dim. Please have the transformer or local line inspected. Location: Pune, Maharashtra. Please acknowledge the complaint and advise me on the next step. Regards, A concerned citizen",,"Pune, Maharashtra",
EM000211,Email,2025-12-23 06:34:00,"Follow-up: There have been frequent voltage fluctuations in our area around {place}. Several residents have noticed lights becoming unusually bright and then dim. Dear Sir/Madam, I wanted to bring a problem to your notice regarding a public service issue in Bengaluru. There have been frequent voltage fluctuations in our area around the apartment area. Several residents have noticed lights becoming unusually bright and then dim. Please have the transformer or local line inspected. This is not the first time we have faced this problem. Location: Bengaluru, Karnataka. Please let me know if any additional details are required. Regards, A concerned citizen",,"Bengaluru, Karnataka",
EM000212,Email,2025-05-13 03:12:00,"The transformer serving our neighbourhood in {place} appears to be overloaded. During peak hours the power goes off and sometimes takes a long time to return. Dear Sir/Madam, I am a resident of the area and would like to raise a concern regarding a public service issue in Panaji. The transformer serving our neighbourhood in our residential area appears to be overloaded. During peak hours the power goes off and sometimes takes a long time to return. I would be grateful if the department could check the load and advise on a permanent solution. Location: Panaji, Goa. Thank you for taking the time to read this. Regards, A concerned citizen",,"Panaji, Goa",
EM000213,Email,2025-05-19 05:27:00,"Power has been unavailable in part of our locality since last night. We have checked with nearby households and the problem seems to affect the whole street. Dear Sir/Madam, I am a resident of the area and would like to raise a concern regarding a public service issue in Patna. Power has been unavailable in part of our locality since last night. We have checked with nearby households and the problem seems to affect the whole street. Please provide an update on the expected restoration time. I understand that some delays are unavoidable, but the current situation is becoming difficult. Location: Patna, Bihar. I hope the department can look into this soon. Regards, A concerned citizen",,"Patna, Bihar",
EM000214,Email,2025-01-26 11:40:00,"We have been having power cuts almost every evening in {place}. Yesterday the supply went off several times and one interruption lasted for nearly three hours. Dear Sir/Madam, I am writing after trying to get this issue resolved locally regarding a public service issue in Leh. We have been having power cuts almost every evening in the apartment area. Yesterday the supply went off several times and one interruption lasted for nearly three hours. Could you please check whether there is a fault in the local supply line? I understand that some delays are unavoidable, but the current situation is becoming difficult. Location: Leh, Ladakh. I would appreciate an update when possible. Regards, A concerned citizen",,"Leh, Ladakh",
EM000215,Email,2025-07-29 06:50:00,"Follow-up: The transformer serving our neighbourhood in {place} appears to be overloaded. During peak hours the power goes off and sometimes takes a long time to return. Dear Sir/Madam, I am writing to report an issue regarding a public service issue in Kolkata. The transformer serving our neighbourhood in our neighbourhood appears to be overloaded. During peak hours the power goes off and sometimes takes a long time to return. I would be grateful if the department could check the load and advise on a permanent solution. Location: Kolkata, West Bengal. Please let me know if any additional details are required. Regards, A concerned citizen",,"Kolkata, West Bengal",
EM000216,Email,2025-01-21 16:09:00,"We have been having power cuts almost every evening in {place}. Yesterday the supply went off several times and one interruption lasted for nearly three hours. Dear Sir/Madam, I am writing after trying to get this issue resolved locally regarding a public service issue in Dehradun. We have been having power cuts almost every evening in the nearby market. Yesterday the supply went off several times and one interruption lasted for nearly three hours. Could you please check whether there is a fault in the local supply line? Location: Dehradun, Uttarakhand. Please acknowledge the complaint and advise me on the next step. Regards, A concerned citizen",,"Dehradun, Uttarakhand",
EM000217,Email,2025-03-23 11:58:00,"The transformer serving our neighbourhood in {place} appears to be overloaded. During peak hours the power goes off and sometimes takes a long time to return. Dear Sir/Madam, I am not sure which department handles this, so I am writing here for assistance regarding a public service issue in Srinagar. The transformer serving our neighbourhood in the nearby market appears to be overloaded. During peak hours the power goes off and sometimes takes a long time to return. I would be grateful if the department could check the load and advise on a permanent solution. I understand that some delays are unavoidable, but the current situation is becoming difficult. Location: Srinagar, Jammu and Kashmir. Thank you for taking the time to read this. Regards, A concerned citizen",,"Srinagar, Jammu and Kashmir",
EM000218,Email,2025-12-05 09:07:00,"Request for assistance - There have been frequent voltage fluctuations in our area around {place}. Several residents have noticed lights becoming unusually bright and then dim. Dear Sir/Madam, I am not sure which department handles this, so I am writing here for assistance regarding a public service issue in Pune. There have been frequent voltage fluctuations in our area around our residential area. Several residents have noticed lights becoming unusually bright and then dim. Please have the transformer or local line inspected. I understand that some delays are unavoidable, but the current situation is becoming difficult. Location: Pune, Maharashtra. Please acknowledge the complaint and advise me on the next step. Regards, A concerned citizen",,"Pune, Maharashtra",
EM000219,Email,2025-01-12 12:37:00,"We have been having power cuts almost every evening in {place}. Yesterday the supply went off several times and one interruption lasted for nearly three hours. Dear Sir/Madam, I am not sure which department handles this, so I am writing here for assistance regarding a public service issue in Chandigarh. We have been having power cuts almost every evening in the nearby market. Yesterday the supply went off several times and one interruption lasted for nearly three hours. Could you please check whether there is a fault in the local supply line? Location: Chandigarh, Chandigarh. Please acknowledge the complaint and advise me on the next step. Regards, A concerned citizen",,"Chandigarh, Chandigarh",
EM000220,Email,2025-09-25 05:39:00,"We have been having power cuts almost every evening in {place}. Yesterday the supply went off several times and one interruption lasted for nearly three hours. Dear Sir/Madam, I am not sure which department handles this, so I am writing here for assistance regarding a public service issue in Raipur. We have been having power cuts almost every evening in our residential area. Yesterday the supply went off several times and one interruption lasted for nearly three hours. Could you please check whether there is a fault in the local supply line? Location: Raipur, Chhattisgarh. Kindly let me know what action can be taken. Regards, A concerned citizen",,"Raipur, Chhattisgarh",
EM000221,Email,2025-04-08 20:08:00,"The transformer serving our neighbourhood in {place} appears to be overloaded. During peak hours the power goes off and sometimes takes a long time to return. Dear Sir/Madam, I am not sure which department handles this, so I am writing here for assistance regarding a public service issue in Ahmedabad. The transformer serving our neighbourhood in the apartment area appears to be overloaded. During peak hours the power goes off and sometimes takes a long time to return. I would be grateful if the department could check the load and advise on a permanent solution. Location: Ahmedabad, Gujarat. I would appreciate an update when possible. Regards, A concerned citizen",,"Ahmedabad, Gujarat",
EM000222,Email,2025-04-30 21:54:00,"We have been having power cuts almost every evening in {place}. Yesterday the supply went off several times and one interruption lasted for nearly three hours. Dear Sir/Madam, I am not sure which department handles this, so I am writing here for assistance regarding a public service issue in Raipur. We have been having power cuts almost every evening in the western part of the locality. Yesterday the supply went off several times and one interruption lasted for nearly three hours. Could you please check whether there is a fault in the local supply line? I had also mentioned this to the local office, but I have not received a clear update. Location: Raipur, Chhattisgarh. Please acknowledge the complaint and advise me on the next step. Regards, A concerned citizen",,"Raipur, Chhattisgarh",
EM000223,Email,2025-06-07 05:31:00,"Request for assistance - We have been having power cuts almost every evening in {place}. Yesterday the supply went off several times and one interruption lasted for nearly three hours. Dear Sir/Madam, I am not sure which department handles this, so I am writing here for assistance regarding a public service issue in Raipur. We have been having power cuts almost every evening in our neighbourhood. Yesterday the supply went off several times and one interruption lasted for nearly three hours. Could you please check whether there is a fault in the local supply line? I had also mentioned this to the local office, but I have not received a clear update. Location: Raipur, Chhattisgarh. Kindly let me know what action can be taken. Regards, A concerned citizen",,"Raipur, Chhattisgarh",
EM000224,Email,2025-08-27 00:58:00,"Power has been unavailable in part of our locality since last night. We have checked with nearby households and the problem seems to affect the whole street. Dear Sir/Madam, I am not sure which department handles this, so I am writing here for assistance regarding a public service issue in Agartala. Power has been unavailable in part of our locality since last night. We have checked with nearby households and the problem seems to affect the whole street. Please provide an update on the expected restoration time. Location: Agartala, Tripura. Please let me know if any additional details are required. Regards, A concerned citizen",,"Agartala, Tripura",
EM000225,Email,2025-02-03 05:18:00,"Follow-up: There have been frequent voltage fluctuations in our area around {place}. Several residents have noticed lights becoming unusually bright and then dim. Dear Sir/Madam, I wanted to check whether someone could look into the following matter regarding a public service issue in Bhubaneswar. There have been frequent voltage fluctuations in our area around our neighbourhood. Several residents have noticed lights becoming unusually bright and then dim. Please have the transformer or local line inspected. I am attaching no personal documents; I only want the service issue to be addressed. Location: Bhubaneswar, Odisha. Please let me know if any additional details are required. Regards, A concerned citizen",,"Bhubaneswar, Odisha",
EM000226,Email,2025-04-11 14:25:00,"The transformer serving our neighbourhood in {place} appears to be overloaded. During peak hours the power goes off and sometimes takes a long time to return. Dear Sir/Madam, I am not sure which department handles this, so I am writing here for assistance regarding a public service issue in Agartala. The transformer serving our neighbourhood in our neighbourhood appears to be overloaded. During peak hours the power goes off and sometimes takes a long time to return. I would be grateful if the department could check the load and advise on a permanent solution. Location: Agartala, Tripura. Please acknowledge the complaint and advise me on the next step. Regards, A concerned citizen",,"Agartala, Tripura",
EM000227,Email,2025-11-04 06:04:00,"There have been frequent voltage fluctuations in our area around {place}. Several residents have noticed lights becoming unusually bright and then dim. Dear Sir/Madam, I would like to request your help regarding an issue in my locality regarding a public service issue in Jaipur. There have been frequent voltage fluctuations in our area around the nearby market. Several residents have noticed lights becoming unusually bright and then dim. Please have the transformer or local line inspected. I am mainly looking for a clear update and a practical solution. Location: Jaipur, Rajasthan. Please let me know if any additional details are required. Regards, A concerned citizen",,"Jaipur, Rajasthan",
EM000228,Email,2025-09-21 16:11:00,"The transformer serving our neighbourhood in {place} appears to be overloaded. During peak hours the power goes off and sometimes takes a long time to return. Dear Sir/Madam, I am not sure which department handles this, so I am writing here for assistance regarding a public service issue in Pune. The transformer serving our neighbourhood in our residential area appears to be overloaded. During peak hours the power goes off and sometimes takes a long time to return. I would be grateful if the department could check the load and advise on a permanent solution. This is not the first time we have faced this problem. Location: Pune, Maharashtra. Kindly let me know what action can be taken. Regards, A concerned citizen",,"Pune, Maharashtra",
EM000229,Email,2025-03-30 03:23:00,"Power has been unavailable in part of our locality since last night. We have checked with nearby households and the problem seems to affect the whole street. Dear Sir/Madam, I would like to request your help regarding an issue in my locality regarding a public service issue in Itanagar. Power has been unavailable in part of our locality since last night. We have checked with nearby households and the problem seems to affect the whole street. Please provide an update on the expected restoration time. I am mainly looking for a clear update and a practical solution. Location: Itanagar, Arunachal Pradesh. Please acknowledge the complaint and advise me on the next step. Regards, A concerned citizen",,"Itanagar, Arunachal Pradesh",
EM000230,Email,2025-12-25 11:20:00,"There have been frequent voltage fluctuations in our area around {place}. Several residents have noticed lights becoming unusually bright and then dim. Dear Sir/Madam, I wanted to bring a problem to your notice regarding a public service issue in Ludhiana. There have been frequent voltage fluctuations in our area around the western part of the locality. Several residents have noticed lights becoming unusually bright and then dim. Please have the transformer or local line inspected. I had also mentioned this to the local office, but I have not received a clear update. Location: Ludhiana, Punjab. Kindly let me know what action can be taken. Regards, A concerned citizen",,"Ludhiana, Punjab",
EM000231,Email,2025-02-22 23:16:00,"Power has been unavailable in part of our locality since last night. We have checked with nearby households and the problem seems to affect the whole street. Dear Sir/Madam, I wanted to check whether someone could look into the following matter regarding a public service issue in Kohima. Power has been unavailable in part of our locality since last night. We have checked with nearby households and the problem seems to affect the whole street. Please provide an update on the expected restoration time. I am attaching no personal documents; I only want the service issue to be addressed. Location: Kohima, Nagaland. Thank you for taking the time to read this. Regards, A concerned citizen",,"Kohima, Nagaland",
EM000232,Email,2025-07-04 10:33:00,"The transformer serving our neighbourhood in {place} appears to be overloaded. During peak hours the power goes off and sometimes takes a long time to return. Dear Sir/Madam, I wanted to bring a problem to your notice regarding a public service issue in Visakhapatnam. The transformer serving our neighbourhood in our neighbourhood appears to be overloaded. During peak hours the power goes off and sometimes takes a long time to return. I would be grateful if the department could check the load and advise on a permanent solution. I had also mentioned this to the local office, but I have not received a clear update. Location: Visakhapatnam, Andhra Pradesh. I would appreciate an update when possible. Regards, A concerned citizen",,"Visakhapatnam, Andhra Pradesh",
EM000233,Email,2025-05-18 12:16:00,"Power has been unavailable in part of our locality since last night. We have checked with nearby households and the problem seems to affect the whole street. Dear Sir/Madam, I am not sure which department handles this, so I am writing here for assistance regarding a public service issue in Guwahati. Power has been unavailable in part of our locality since last night. We have checked with nearby households and the problem seems to affect the whole street. Please provide an update on the expected restoration time. This is not the first time we have faced this problem. Location: Guwahati, Assam. Please let me know if any additional details are required. Regards, A concerned citizen",,"Guwahati, Assam",
EM000234,Email,2025-03-24 14:10:00,"The transformer serving our neighbourhood in {place} appears to be overloaded. During peak hours the power goes off and sometimes takes a long time to return. Dear Sir/Madam, I wanted to bring a problem to your notice regarding a public service issue in Hyderabad. The transformer serving our neighbourhood in the apartment area appears to be overloaded. During peak hours the power goes off and sometimes takes a long time to return. I would be grateful if the department could check the load and advise on a permanent solution. I am mainly looking for a clear update and a practical solution. Location: Hyderabad, Telangana. Kindly let me know what action can be taken. Regards, A concerned citizen",,"Hyderabad, Telangana",
EM000235,Email,2025-01-10 13:50:00,"There have been frequent voltage fluctuations in our area around {place}. Several residents have noticed lights becoming unusually bright and then dim. Dear Sir/Madam, I am writing after trying to get this issue resolved locally regarding a public service issue in Puducherry. There have been frequent voltage fluctuations in our area around our neighbourhood. Several residents have noticed lights becoming unusually bright and then dim. Please have the transformer or local line inspected. I had also mentioned this to the local office, but I have not received a clear update. Location: Puducherry, Puducherry. I would appreciate an update when possible. Regards, A concerned citizen",,"Puducherry, Puducherry",
EM000236,Email,2025-09-25 16:55:00,"Request for assistance - The transformer serving our neighbourhood in {place} appears to be overloaded. During peak hours the power goes off and sometimes takes a long time to return. Dear Sir/Madam, I am not sure which department handles this, so I am writing here for assistance regarding a public service issue in Kochi. The transformer serving our neighbourhood in the nearby market appears to be overloaded. During peak hours the power goes off and sometimes takes a long time to return. I would be grateful if the department could check the load and advise on a permanent solution. I understand that some delays are unavoidable, but the current situation is becoming difficult. Location: Kochi, Kerala. Thank you for taking the time to read this. Regards, A concerned citizen",,"Kochi, Kerala",
EM000237,Email,2025-12-26 18:33:00,"Power has been unavailable in part of our locality since last night. We have checked with nearby households and the problem seems to affect the whole street. Dear Sir/Madam, I wanted to bring a problem to your notice regarding a public service issue in Srinagar. Power has been unavailable in part of our locality since last night. We have checked with nearby households and the problem seems to affect the whole street. Please provide an update on the expected restoration time. Location: Srinagar, Jammu and Kashmir. I hope the department can look into this soon. Regards, A concerned citizen",,"Srinagar, Jammu and Kashmir",
EM000238,Email,2025-12-01 02:31:00,"The transformer serving our neighbourhood in {place} appears to be overloaded. During peak hours the power goes off and sometimes takes a long time to return. Dear Sir/Madam, I am writing after trying to get this issue resolved locally regarding a public service issue in Chandigarh. The transformer serving our neighbourhood in the nearby market appears to be overloaded. During peak hours the power goes off and sometimes takes a long time to return. I would be grateful if the department could check the load and advise on a permanent solution. Location: Chandigarh, Chandigarh. Please let me know if any additional details are required. Regards, A concerned citizen",,"Chandigarh, Chandigarh",
EM000239,Email,2025-08-01 14:15:00,"The transformer serving our neighbourhood in {place} appears to be overloaded. During peak hours the power goes off and sometimes takes a long time to return. Dear Sir/Madam, I am not sure which department handles this, so I am writing here for assistance regarding a public service issue in Coimbatore. The transformer serving our neighbourhood in the apartment area appears to be overloaded. During peak hours the power goes off and sometimes takes a long time to return. I would be grateful if the department could check the load and advise on a permanent solution. I had also mentioned this to the local office, but I have not received a clear update. Location: Coimbatore, Tamil Nadu. Please acknowledge the complaint and advise me on the next step. Regards, A concerned citizen",,"Coimbatore, Tamil Nadu",
EM000240,Email,2025-10-13 14:18:00,"Power has been unavailable in part of our locality since last night. We have checked with nearby households and the problem seems to affect the whole street. Dear Sir/Madam, I am writing to report an issue regarding a public service issue in Bhopal. Power has been unavailable in part of our locality since last night. We have checked with nearby households and the problem seems to affect the whole street. Please provide an update on the expected restoration time. I am mainly looking for a clear update and a practical solution. Location: Bhopal, Madhya Pradesh. Thank you for taking the time to read this. Regards, A concerned citizen",,"Bhopal, Madhya Pradesh",
EM000241,Email,2025-05-26 09:58:00,"The transformer serving our neighbourhood in {place} appears to be overloaded. During peak hours the power goes off and sometimes takes a long time to return. Dear Sir/Madam, I wanted to check whether someone could look into the following matter regarding a public service issue in Kochi. The transformer serving our neighbourhood in our neighbourhood appears to be overloaded. During peak hours the power goes off and sometimes takes a long time to return. I would be grateful if the department could check the load and advise on a permanent solution. I am mainly looking for a clear update and a practical solution. Location: Kochi, Kerala. Kindly let me know what action can be taken. Regards, A concerned citizen",,"Kochi, Kerala",
EM000242,Email,2025-04-11 16:01:00,"Request for assistance - The transformer serving our neighbourhood in {place} appears to be overloaded. During peak hours the power goes off and sometimes takes a long time to return. Dear Sir/Madam, I am contacting your department because I have been facing a problem regarding a public service issue in Dehradun. The transformer serving our neighbourhood in our residential area appears to be overloaded. During peak hours the power goes off and sometimes takes a long time to return. I would be grateful if the department could check the load and advise on a permanent solution. I had also mentioned this to the local office, but I have not received a clear update. Location: Dehradun, Uttarakhand. Thank you for taking the time to read this. Regards, A concerned citizen",,"Dehradun, Uttarakhand",
EM000243,Email,2025-12-07 07:46:00,"Concern regarding There have been frequent voltage fluctuations in our area around {place}. Several residents have noticed lights becoming unusually bright and then dim. Dear Sir/Madam, I wanted to check whether someone could look into the following matter regarding a public service issue in Patna. There have been frequent voltage fluctuations in our area around our neighbourhood. Several residents have noticed lights becoming unusually bright and then dim. Please have the transformer or local line inspected. I understand that some delays are unavoidable, but the current situation is becoming difficult. Location: Patna, Bihar. Thank you for taking the time to read this. Regards, A concerned citizen",,"Patna, Bihar",
EM000244,Email,2025-05-11 17:35:00,"Concern regarding The transformer serving our neighbourhood in {place} appears to be overloaded. During peak hours the power goes off and sometimes takes a long time to return. Dear Sir/Madam, I am not sure which department handles this, so I am writing here for assistance regarding a public service issue in Chandigarh. The transformer serving our neighbourhood in our neighbourhood appears to be overloaded. During peak hours the power goes off and sometimes takes a long time to return. I would be grateful if the department could check the load and advise on a permanent solution. I had also mentioned this to the local office, but I have not received a clear update. Location: Chandigarh, Chandigarh. Please let me know if any additional details are required. Regards, A concerned citizen",,"Chandigarh, Chandigarh",
EM000245,Email,2025-07-20 12:16:00,"There have been frequent voltage fluctuations in our area around {place}. Several residents have noticed lights becoming unusually bright and then dim. Dear Sir/Madam, I wanted to check whether someone could look into the following matter regarding a public service issue in Pune. There have been frequent voltage fluctuations in our area around the western part of the locality. Several residents have noticed lights becoming unusually bright and then dim. Please have the transformer or local line inspected. I am mainly looking for a clear update and a practical solution. Location: Pune, Maharashtra. Kindly let me know what action can be taken. Regards, A concerned citizen",,"Pune, Maharashtra",
EM000246,Email,2025-11-27 04:28:00,"The transformer serving our neighbourhood in {place} appears to be overloaded. During peak hours the power goes off and sometimes takes a long time to return. Dear Sir/Madam, I wanted to bring a problem to your notice regarding a public service issue in Pune. The transformer serving our neighbourhood in our residential area appears to be overloaded. During peak hours the power goes off and sometimes takes a long time to return. I would be grateful if the department could check the load and advise on a permanent solution. This is not the first time we have faced this problem. Location: Pune, Maharashtra. I hope the department can look into this soon. Regards, A concerned citizen",,"Pune, Maharashtra",
EM000247,Email,2025-12-19 00:10:00,"Power has been unavailable in part of our locality since last night. We have checked with nearby households and the problem seems to affect the whole street. Dear Sir/Madam, I wanted to check whether someone could look into the following matter regarding a public service issue in Bhopal. Power has been unavailable in part of our locality since last night. We have checked with nearby households and the problem seems to affect the whole street. Please provide an update on the expected restoration time. Location: Bhopal, Madhya Pradesh. Please acknowledge the complaint and advise me on the next step. Regards, A concerned citizen",,"Bhopal, Madhya Pradesh",
EM000248,Email,2025-07-17 05:01:00,"The transformer serving our neighbourhood in {place} appears to be overloaded. During peak hours the power goes off and sometimes takes a long time to return. Dear Sir/Madam, I am contacting your department because I have been facing a problem regarding a public service issue in Raipur. The transformer serving our neighbourhood in the apartment area appears to be overloaded. During peak hours the power goes off and sometimes takes a long time to return. I would be grateful if the department could check the load and advise on a permanent solution. I had also mentioned this to the local office, but I have not received a clear update. Location: Raipur, Chhattisgarh. I would appreciate an update when possible. Regards, A concerned citizen",,"Raipur, Chhattisgarh",
EM000249,Email,2025-07-17 08:26:00,"There have been frequent voltage fluctuations in our area around {place}. Several residents have noticed lights becoming unusually bright and then dim. Dear Sir/Madam, I wanted to check whether someone could look into the following matter regarding a public service issue in Hyderabad. There have been frequent voltage fluctuations in our area around the nearby market. Several residents have noticed lights becoming unusually bright and then dim. Please have the transformer or local line inspected. This is not the first time we have faced this problem. Location: Hyderabad, Telangana. I would appreciate an update when possible. Regards, A concerned citizen",,"Hyderabad, Telangana",
EM000250,Email,2025-08-14 10:00:00,"Request for assistance - We have been having power cuts almost every evening in {place}. Yesterday the supply went off several times and one interruption lasted for nearly three hours. Dear Sir/Madam, I am contacting your department because I have been facing a problem regarding a public service issue in Aizawl. We have been having power cuts almost every evening in our neighbourhood. Yesterday the supply went off several times and one interruption lasted for nearly three hours. Could you please check whether there is a fault in the local supply line? Location: Aizawl, Mizoram. Thank you for taking the time to read this. Regards, A concerned citizen",,"Aizawl, Mizoram",
EM000251,Email,2025-05-31 20:48:00,"We have been having power cuts almost every evening in {place}. Yesterday the supply went off several times and one interruption lasted for nearly three hours. Dear Sir/Madam, I am contacting your department because I have been facing a problem regarding a public service issue in Pune. We have been having power cuts almost every evening in our neighbourhood. Yesterday the supply went off several times and one interruption lasted for nearly three hours. Could you please check whether there is a fault in the local supply line? I am attaching no personal documents; I only want the service issue to be addressed. Location: Pune, Maharashtra. Please let me know if any additional details are required. Regards, A concerned citizen",,"Pune, Maharashtra",
EM000252,Email,2025-10-06 15:56:00,"Follow-up: We have been having power cuts almost every evening in {place}. Yesterday the supply went off several times and one interruption lasted for nearly three hours. Dear Sir/Madam, I am not sure which department handles this, so I am writing here for assistance regarding a public service issue in Chandigarh. We have been having power cuts almost every evening in our neighbourhood. Yesterday the supply went off several times and one interruption lasted for nearly three hours. Could you please check whether there is a fault in the local supply line? Location: Chandigarh, Chandigarh. Kindly let me know what action can be taken. Regards, A concerned citizen",,"Chandigarh, Chandigarh",
EM000253,Email,2025-04-20 07:17:00,"There have been frequent voltage fluctuations in our area around {place}. Several residents have noticed lights becoming unusually bright and then dim. Dear Sir/Madam, I wanted to bring a problem to your notice regarding a public service issue in Lucknow. There have been frequent voltage fluctuations in our area around the apartment area. Several residents have noticed lights becoming unusually bright and then dim. Please have the transformer or local line inspected. Location: Lucknow, Uttar Pradesh. Kindly let me know what action can be taken. Regards, A concerned citizen",,"Lucknow, Uttar Pradesh",
EM000254,Email,2025-10-10 16:02:00,"The transformer serving our neighbourhood in {place} appears to be overloaded. During peak hours the power goes off and sometimes takes a long time to return. Dear Sir/Madam, I am writing after trying to get this issue resolved locally regarding a public service issue in Itanagar. The transformer serving our neighbourhood in the western part of the locality appears to be overloaded. During peak hours the power goes off and sometimes takes a long time to return. I would be grateful if the department could check the load and advise on a permanent solution. I had also mentioned this to the local office, but I have not received a clear update. Location: Itanagar, Arunachal Pradesh. Please let me know if any additional details are required. Regards, A concerned citizen",,"Itanagar, Arunachal Pradesh",
EM000255,Email,2025-02-13 12:15:00,"Power has been unavailable in part of our locality since last night. We have checked with nearby households and the problem seems to affect the whole street. Dear Sir/Madam, I am not sure which department handles this, so I am writing here for assistance regarding a public service issue in Kochi. Power has been unavailable in part of our locality since last night. We have checked with nearby households and the problem seems to affect the whole street. Please provide an update on the expected restoration time. I understand that some delays are unavoidable, but the current situation is becoming difficult. Location: Kochi, Kerala. Please acknowledge the complaint and advise me on the next step. Regards, A concerned citizen",,"Kochi, Kerala",
EM000256,Email,2025-09-16 01:06:00,"Concern regarding Power has been unavailable in part of our locality since last night. We have checked with nearby households and the problem seems to affect the whole street. Dear Sir/Madam, I am writing to report an issue regarding a public service issue in Kochi. Power has been unavailable in part of our locality since last night. We have checked with nearby households and the problem seems to affect the whole street. Please provide an update on the expected restoration time. Location: Kochi, Kerala. Kindly let me know what action can be taken. Regards, A concerned citizen",,"Kochi, Kerala",
EM000257,Email,2025-11-27 06:16:00,"Power has been unavailable in part of our locality since last night. We have checked with nearby households and the problem seems to affect the whole street. Dear Sir/Madam, I am not sure which department handles this, so I am writing here for assistance regarding a public service issue in Ludhiana. Power has been unavailable in part of our locality since last night. We have checked with nearby households and the problem seems to affect the whole street. Please provide an update on the expected restoration time. I am attaching no personal documents; I only want the service issue to be addressed. Location: Ludhiana, Punjab. I would appreciate an update when possible. Regards, A concerned citizen",,"Ludhiana, Punjab",
EM000258,Email,2025-05-11 08:27:00,"The transformer serving our neighbourhood in {place} appears to be overloaded. During peak hours the power goes off and sometimes takes a long time to return. Dear Sir/Madam, I am not sure which department handles this, so I am writing here for assistance regarding a public service issue in Raipur. The transformer serving our neighbourhood in the apartment area appears to be overloaded. During peak hours the power goes off and sometimes takes a long time to return. I would be grateful if the department could check the load and advise on a permanent solution. Location: Raipur, Chhattisgarh. Kindly let me know what action can be taken. Regards, A concerned citizen",,"Raipur, Chhattisgarh",
EM000259,Email,2025-09-08 01:54:00,"There have been frequent voltage fluctuations in our area around {place}. Several residents have noticed lights becoming unusually bright and then dim. Dear Sir/Madam, I am contacting your department because I have been facing a problem regarding a public service issue in Bengaluru. There have been frequent voltage fluctuations in our area around our neighbourhood. Several residents have noticed lights becoming unusually bright and then dim. Please have the transformer or local line inspected. This is not the first time we have faced this problem. Location: Bengaluru, Karnataka. I would appreciate an update when possible. Regards, A concerned citizen",,"Bengaluru, Karnataka",
EM000260,Email,2025-01-03 11:34:00,"Follow-up: We have been having power cuts almost every evening in {place}. Yesterday the supply went off several times and one interruption lasted for nearly three hours. Dear Sir/Madam, I am a resident of the area and would like to raise a concern regarding a public service issue in Aizawl. We have been having power cuts almost every evening in the nearby market. Yesterday the supply went off several times and one interruption lasted for nearly three hours. Could you please check whether there is a fault in the local supply line? I am attaching no personal documents; I only want the service issue to be addressed. Location: Aizawl, Mizoram. Kindly let me know what action can be taken. Regards, A concerned citizen",,"Aizawl, Mizoram",
EM000261,Email,2025-08-16 00:44:00,"Follow-up: We have been having power cuts almost every evening in {place}. Yesterday the supply went off several times and one interruption lasted for nearly three hours. Dear Sir/Madam, I am a resident of the area and would like to raise a concern regarding a public service issue in Kolkata. We have been having power cuts almost every evening in the nearby market. Yesterday the supply went off several times and one interruption lasted for nearly three hours. Could you please check whether there is a fault in the local supply line? I am mainly looking for a clear update and a practical solution. Location: Kolkata, West Bengal. Kindly let me know what action can be taken. Regards, A concerned citizen",,"Kolkata, West Bengal",
EM000262,Email,2025-08-21 23:55:00,"The transformer serving our neighbourhood in {place} appears to be overloaded. During peak hours the power goes off and sometimes takes a long time to return. Dear Sir/Madam, I wanted to check whether someone could look into the following matter regarding a public service issue in Shillong. The transformer serving our neighbourhood in our neighbourhood appears to be overloaded. During peak hours the power goes off and sometimes takes a long time to return. I would be grateful if the department could check the load and advise on a permanent solution. I understand that some delays are unavoidable, but the current situation is becoming difficult. Location: Shillong, Meghalaya. Please let me know if any additional details are required. Regards, A concerned citizen",,"Shillong, Meghalaya",
EM000263,Email,2025-05-22 09:33:00,"There have been frequent voltage fluctuations in our area around {place}. Several residents have noticed lights becoming unusually bright and then dim. Dear Sir/Madam, I am a resident of the area and would like to raise a concern regarding a public service issue in Hyderabad. There have been frequent voltage fluctuations in our area around the nearby market. Several residents have noticed lights becoming unusually bright and then dim. Please have the transformer or local line inspected. Location: Hyderabad, Telangana. Thank you for taking the time to read this. Regards, A concerned citizen",,"Hyderabad, Telangana",
EM000264,Email,2025-01-06 12:52:00,"Concern regarding We have been having power cuts almost every evening in {place}. Yesterday the supply went off several times and one interruption lasted for nearly three hours. Dear Sir/Madam, I wanted to check whether someone could look into the following matter regarding a public service issue in Dehradun. We have been having power cuts almost every evening in the western part of the locality. Yesterday the supply went off several times and one interruption lasted for nearly three hours. Could you please check whether there is a fault in the local supply line? This is not the first time we have faced this problem. Location: Dehradun, Uttarakhand. I hope the department can look into this soon. Regards, A concerned citizen",,"Dehradun, Uttarakhand",
EM000265,Email,2025-06-08 20:20:00,"Power has been unavailable in part of our locality since last night. We have checked with nearby households and the problem seems to affect the whole street. Dear Sir/Madam, I am writing after trying to get this issue resolved locally regarding a public service issue in Jaipur. Power has been unavailable in part of our locality since last night. We have checked with nearby households and the problem seems to affect the whole street. Please provide an update on the expected restoration time. I had also mentioned this to the local office, but I have not received a clear update. Location: Jaipur, Rajasthan. Please acknowledge the complaint and advise me on the next step. Regards, A concerned citizen",,"Jaipur, Rajasthan",
EM000266,Email,2025-05-15 18:32:00,"Power has been unavailable in part of our locality since last night. We have checked with nearby households and the problem seems to affect the whole street. Dear Sir/Madam, I am a resident of the area and would like to raise a concern regarding a public service issue in Leh. Power has been unavailable in part of our locality since last night. We have checked with nearby households and the problem seems to affect the whole street. Please provide an update on the expected restoration time. I am attaching no personal documents; I only want the service issue to be addressed. Location: Leh, Ladakh. Thank you for taking the time to read this. Regards, A concerned citizen",,"Leh, Ladakh",
EM000267,Email,2025-02-05 05:31:00,"Power has been unavailable in part of our locality since last night. We have checked with nearby households and the problem seems to affect the whole street. Dear Sir/Madam, I am contacting your department because I have been facing a problem regarding a public service issue in Gangtok. Power has been unavailable in part of our locality since last night. We have checked with nearby households and the problem seems to affect the whole street. Please provide an update on the expected restoration time. I am mainly looking for a clear update and a practical solution. Location: Gangtok, Sikkim. I would appreciate an update when possible. Regards, A concerned citizen",,"Gangtok, Sikkim",
EM000268,Email,2025-08-27 13:03:00,"There have been frequent voltage fluctuations in our area around {place}. Several residents have noticed lights becoming unusually bright and then dim. Dear Sir/Madam, I wanted to check whether someone could look into the following matter regarding a public service issue in Agartala. There have been frequent voltage fluctuations in our area around the apartment area. Several residents have noticed lights becoming unusually bright and then dim. Please have the transformer or local line inspected. I am mainly looking for a clear update and a practical solution. Location: Agartala, Tripura. Kindly let me know what action can be taken. Regards, A concerned citizen",,"Agartala, Tripura",
EM000269,Email,2025-02-03 16:42:00,"Power has been unavailable in part of our locality since last night. We have checked with nearby households and the problem seems to affect the whole street. Dear Sir/Madam, I am contacting your department because I have been facing a problem regarding a public service issue in Bengaluru. Power has been unavailable in part of our locality since last night. We have checked with nearby households and the problem seems to affect the whole street. Please provide an update on the expected restoration time. I am attaching no personal documents; I only want the service issue to be addressed. Location: Bengaluru, Karnataka. Please let me know if any additional details are required. Regards, A concerned citizen",,"Bengaluru, Karnataka",
EM000270,Email,2025-03-16 22:08:00,"Follow-up: We have been having power cuts almost every evening in {place}. Yesterday the supply went off several times and one interruption lasted for nearly three hours. Dear Sir/Madam, I am a resident of the area and would like to raise a concern regarding a public service issue in Bhubaneswar. We have been having power cuts almost every evening in the apartment area. Yesterday the supply went off several times and one interruption lasted for nearly three hours. Could you please check whether there is a fault in the local supply line? I understand that some delays are unavoidable, but the current situation is becoming difficult. Location: Bhubaneswar, Odisha. Please acknowledge the complaint and advise me on the next step. Regards, A concerned citizen",,"Bhubaneswar, Odisha",
EM000271,Email,2025-11-22 21:32:00,"There have been frequent voltage fluctuations in our area around {place}. Several residents have noticed lights becoming unusually bright and then dim. Dear Sir/Madam, I am writing after trying to get this issue resolved locally regarding a public service issue in Jaipur. There have been frequent voltage fluctuations in our area around our residential area. Several residents have noticed lights becoming unusually bright and then dim. Please have the transformer or local line inspected. Location: Jaipur, Rajasthan. Kindly let me know what action can be taken. Regards, A concerned citizen",,"Jaipur, Rajasthan",
EM000272,Email,2025-09-11 06:38:00,"There have been frequent voltage fluctuations in our area around {place}. Several residents have noticed lights becoming unusually bright and then dim. Dear Sir/Madam, I am writing to report an issue regarding a public service issue in Coimbatore. There have been frequent voltage fluctuations in our area around the apartment area. Several residents have noticed lights becoming unusually bright and then dim. Please have the transformer or local line inspected. I had also mentioned this to the local office, but I have not received a clear update. Location: Coimbatore, Tamil Nadu. Thank you for taking the time to read this. Regards, A concerned citizen",,"Coimbatore, Tamil Nadu",
EM000273,Email,2025-03-11 23:22:00,"There have been frequent voltage fluctuations in our area around {place}. Several residents have noticed lights becoming unusually bright and then dim. Dear Sir/Madam, I am writing to report an issue regarding a public service issue in Bhopal. There have been frequent voltage fluctuations in our area around the western part of the locality. Several residents have noticed lights becoming unusually bright and then dim. Please have the transformer or local line inspected. Location: Bhopal, Madhya Pradesh. I hope the department can look into this soon. Regards, A concerned citizen",,"Bhopal, Madhya Pradesh",
EM000274,Email,2025-10-03 19:12:00,"We have been having power cuts almost every evening in {place}. Yesterday the supply went off several times and one interruption lasted for nearly three hours. Dear Sir/Madam, I am not sure which department handles this, so I am writing here for assistance regarding a public service issue in Imphal. We have been having power cuts almost every evening in the apartment area. Yesterday the supply went off several times and one interruption lasted for nearly three hours. Could you please check whether there is a fault in the local supply line? I am mainly looking for a clear update and a practical solution. Location: Imphal, Manipur. Please let me know if any additional details are required. Regards, A concerned citizen",,"Imphal, Manipur",
EM000275,Email,2025-06-25 12:48:00,"Power has been unavailable in part of our locality since last night. We have checked with nearby households and the problem seems to affect the whole street. Dear Sir/Madam, I would like to request your help regarding an issue in my locality regarding a public service issue in Leh. Power has been unavailable in part of our locality since last night. We have checked with nearby households and the problem seems to affect the whole street. Please provide an update on the expected restoration time. Location: Leh, Ladakh. Thank you for taking the time to read this. Regards, A concerned citizen",,"Leh, Ladakh",
EM000276,Email,2025-02-15 19:15:00,"Power has been unavailable in part of our locality since last night. We have checked with nearby households and the problem seems to affect the whole street. Dear Sir/Madam, I wanted to bring a problem to your notice regarding a public service issue in Puducherry. Power has been unavailable in part of our locality since last night. We have checked with nearby households and the problem seems to affect the whole street. Please provide an update on the expected restoration time. I am mainly looking for a clear update and a practical solution. Location: Puducherry, Puducherry. Please acknowledge the complaint and advise me on the next step. Regards, A concerned citizen",,"Puducherry, Puducherry",
EM000277,Email,2025-10-04 04:05:00,"The transformer serving our neighbourhood in {place} appears to be overloaded. During peak hours the power goes off and sometimes takes a long time to return. Dear Sir/Madam, I am contacting your department because I have been facing a problem regarding a public service issue in Bhopal. The transformer serving our neighbourhood in the western part of the locality appears to be overloaded. During peak hours the power goes off and sometimes takes a long time to return. I would be grateful if the department could check the load and advise on a permanent solution. I am attaching no personal documents; I only want the service issue to be addressed. Location: Bhopal, Madhya Pradesh. I hope the department can look into this soon. Regards, A concerned citizen",,"Bhopal, Madhya Pradesh",
EM000278,Email,2025-07-22 15:58:00,"Concern regarding There have been frequent voltage fluctuations in our area around {place}. Several residents have noticed lights becoming unusually bright and then dim. Dear Sir/Madam, I am contacting your department because I have been facing a problem regarding a public service issue in Guwahati. There have been frequent voltage fluctuations in our area around the apartment area. Several residents have noticed lights becoming unusually bright and then dim. Please have the transformer or local line inspected. Location: Guwahati, Assam. Kindly let me know what action can be taken. Regards, A concerned citizen",,"Guwahati, Assam",
EM000279,Email,2025-12-01 05:43:00,"The transformer serving our neighbourhood in {place} appears to be overloaded. During peak hours the power goes off and sometimes takes a long time to return. Dear Sir/Madam, I wanted to check whether someone could look into the following matter regarding a public service issue in Ahmedabad. The transformer serving our neighbourhood in our neighbourhood appears to be overloaded. During peak hours the power goes off and sometimes takes a long time to return. I would be grateful if the department could check the load and advise on a permanent solution. This is not the first time we have faced this problem. Location: Ahmedabad, Gujarat. I would appreciate an update when possible. Regards, A concerned citizen",,"Ahmedabad, Gujarat",
EM000280,Email,2025-07-07 09:59:00,"Follow-up: There have been frequent voltage fluctuations in our area around {place}. Several residents have noticed lights becoming unusually bright and then dim. Dear Sir/Madam, I am writing after trying to get this issue resolved locally regarding a public service issue in Bhubaneswar. There have been frequent voltage fluctuations in our area around the apartment area. Several residents have noticed lights becoming unusually bright and then dim. Please have the transformer or local line inspected. Location: Bhubaneswar, Odisha. I would appreciate an update when possible. Regards, A concerned citizen",,"Bhubaneswar, Odisha",
EM000281,Email,2025-02-08 09:07:00,"Request for assistance - We have been having power cuts almost every evening in {place}. Yesterday the supply went off several times and one interruption lasted for nearly three hours. Dear Sir/Madam, I wanted to bring a problem to your notice regarding a public service issue in Lucknow. We have been having power cuts almost every evening in the nearby market. Yesterday the supply went off several times and one interruption lasted for nearly three hours. Could you please check whether there is a fault in the local supply line? I am attaching no personal documents; I only want the service issue to be addressed. Location: Lucknow, Uttar Pradesh. I would appreciate an update when possible. Regards, A concerned citizen",,"Lucknow, Uttar Pradesh",
EM000282,Email,2025-10-30 13:49:00,"The transformer serving our neighbourhood in {place} appears to be overloaded. During peak hours the power goes off and sometimes takes a long time to return. Dear Sir/Madam, I would like to request your help regarding an issue in my locality regarding a public service issue in Jaipur. The transformer serving our neighbourhood in our residential area appears to be overloaded. During peak hours the power goes off and sometimes takes a long time to return. I would be grateful if the department could check the load and advise on a permanent solution. Location: Jaipur, Rajasthan. Kindly let me know what action can be taken. Regards, A concerned citizen",,"Jaipur, Rajasthan",
EM000283,Email,2025-05-27 08:22:00,"Power has been unavailable in part of our locality since last night. We have checked with nearby households and the problem seems to affect the whole street. Dear Sir/Madam, I wanted to check whether someone could look into the following matter regarding a public service issue in Chandigarh. Power has been unavailable in part of our locality since last night. We have checked with nearby households and the problem seems to affect the whole street. Please provide an update on the expected restoration time. I understand that some delays are unavoidable, but the current situation is becoming difficult. Location: Chandigarh, Chandigarh. Kindly let me know what action can be taken. Regards, A concerned citizen",,"Chandigarh, Chandigarh",
EM000284,Email,2025-12-28 20:43:00,"Request for assistance - Power has been unavailable in part of our locality since last night. We have checked with nearby households and the problem seems to affect the whole street. Dear Sir/Madam, I am writing after trying to get this issue resolved locally regarding a public service issue in Panaji. Power has been unavailable in part of our locality since last night. We have checked with nearby households and the problem seems to affect the whole street. Please provide an update on the expected restoration time. Location: Panaji, Goa. Kindly let me know what action can be taken. Regards, A concerned citizen",,"Panaji, Goa",
EM000285,Email,2025-03-23 09:51:00,"The transformer serving our neighbourhood in {place} appears to be overloaded. During peak hours the power goes off and sometimes takes a long time to return. Dear Sir/Madam, I am not sure which department handles this, so I am writing here for assistance regarding a public service issue in Bengaluru. The transformer serving our neighbourhood in our neighbourhood appears to be overloaded. During peak hours the power goes off and sometimes takes a long time to return. I would be grateful if the department could check the load and advise on a permanent solution. Location: Bengaluru, Karnataka. Please acknowledge the complaint and advise me on the next step. Regards, A concerned citizen",,"Bengaluru, Karnataka",
EM000286,Email,2025-04-12 21:07:00,"The transformer serving our neighbourhood in {place} appears to be overloaded. During peak hours the power goes off and sometimes takes a long time to return. Dear Sir/Madam, I am a resident of the area and would like to raise a concern regarding a public service issue in New Delhi. The transformer serving our neighbourhood in the apartment area appears to be overloaded. During peak hours the power goes off and sometimes takes a long time to return. I would be grateful if the department could check the load and advise on a permanent solution. Location: New Delhi, Delhi. Please let me know if any additional details are required. Regards, A concerned citizen",,"New Delhi, Delhi",
EM000287,Email,2025-06-01 22:44:00,"There have been frequent voltage fluctuations in our area around {place}. Several residents have noticed lights becoming unusually bright and then dim. Dear Sir/Madam, I am writing after trying to get this issue resolved locally regarding a public service issue in Patna. There have been frequent voltage fluctuations in our area around the apartment area. Several residents have noticed lights becoming unusually bright and then dim. Please have the transformer or local line inspected. Location: Patna, Bihar. I hope the department can look into this soon. Regards, A concerned citizen",,"Patna, Bihar",
EM000288,Email,2025-10-03 09:11:00,"Power has been unavailable in part of our locality since last night. We have checked with nearby households and the problem seems to affect the whole street. Dear Sir/Madam, I am writing after trying to get this issue resolved locally regarding a public service issue in Dehradun. Power has been unavailable in part of our locality since last night. We have checked with nearby households and the problem seems to affect the whole street. Please provide an update on the expected restoration time. Location: Dehradun, Uttarakhand. Thank you for taking the time to read this. Regards, A concerned citizen",,"Dehradun, Uttarakhand",
EM000289,Email,2025-07-23 10:30:00,"There have been frequent voltage fluctuations in our area around {place}. Several residents have noticed lights becoming unusually bright and then dim. Dear Sir/Madam, I am writing after trying to get this issue resolved locally regarding a public service issue in Leh. There have been frequent voltage fluctuations in our area around our residential area. Several residents have noticed lights becoming unusually bright and then dim. Please have the transformer or local line inspected. I am attaching no personal documents; I only want the service issue to be addressed. Location: Leh, Ladakh. Please let me know if any additional details are required. Regards, A concerned citizen",,"Leh, Ladakh",
EM000290,Email,2025-01-08 22:46:00,"Follow-up: There have been frequent voltage fluctuations in our area around {place}. Several residents have noticed lights becoming unusually bright and then dim. Dear Sir/Madam, I wanted to check whether someone could look into the following matter regarding a public service issue in Itanagar. There have been frequent voltage fluctuations in our area around the apartment area. Several residents have noticed lights becoming unusually bright and then dim. Please have the transformer or local line inspected. I am mainly looking for a clear update and a practical solution. Location: Itanagar, Arunachal Pradesh. I would appreciate an update when possible. Regards, A concerned citizen",,"Itanagar, Arunachal Pradesh",
EM000291,Email,2025-12-29 05:40:00,"The transformer serving our neighbourhood in {place} appears to be overloaded. During peak hours the power goes off and sometimes takes a long time to return. Dear Sir/Madam, I wanted to bring a problem to your notice regarding a public service issue in Guwahati. The transformer serving our neighbourhood in the apartment area appears to be overloaded. During peak hours the power goes off and sometimes takes a long time to return. I would be grateful if the department could check the load and advise on a permanent solution. Location: Guwahati, Assam. Thank you for taking the time to read this. Regards, A concerned citizen",,"Guwahati, Assam",
EM000292,Email,2025-07-03 20:21:00,"Concern regarding Power has been unavailable in part of our locality since last night. We have checked with nearby households and the problem seems to affect the whole street. Dear Sir/Madam, I am not sure which department handles this, so I am writing here for assistance regarding a public service issue in Bengaluru. Power has been unavailable in part of our locality since last night. We have checked with nearby households and the problem seems to affect the whole street. Please provide an update on the expected restoration time. Location: Bengaluru, Karnataka. Please let me know if any additional details are required. Regards, A concerned citizen",,"Bengaluru, Karnataka",
EM000293,Email,2025-06-28 14:14:00,"We have been having power cuts almost every evening in {place}. Yesterday the supply went off several times and one interruption lasted for nearly three hours. Dear Sir/Madam, I am not sure which department handles this, so I am writing here for assistance regarding a public service issue in Ludhiana. We have been having power cuts almost every evening in the western part of the locality. Yesterday the supply went off several times and one interruption lasted for nearly three hours. Could you please check whether there is a fault in the local supply line? I am attaching no personal documents; I only want the service issue to be addressed. Location: Ludhiana, Punjab. I hope the department can look into this soon. Regards, A concerned citizen",,"Ludhiana, Punjab",
EM000294,Email,2025-11-24 15:03:00,"The transformer serving our neighbourhood in {place} appears to be overloaded. During peak hours the power goes off and sometimes takes a long time to return. Dear Sir/Madam, I am not sure which department handles this, so I am writing here for assistance regarding a public service issue in Kolkata. The transformer serving our neighbourhood in the western part of the locality appears to be overloaded. During peak hours the power goes off and sometimes takes a long time to return. I would be grateful if the department could check the load and advise on a permanent solution. I am attaching no personal documents; I only want the service issue to be addressed. Location: Kolkata, West Bengal. Please let me know if any additional details are required. Regards, A concerned citizen",,"Kolkata, West Bengal",
EM000295,Email,2025-03-19 14:18:00,"We have been having power cuts almost every evening in {place}. Yesterday the supply went off several times and one interruption lasted for nearly three hours. Dear Sir/Madam, I wanted to check whether someone could look into the following matter regarding a public service issue in Dehradun. We have been having power cuts almost every evening in the western part of the locality. Yesterday the supply went off several times and one interruption lasted for nearly three hours. Could you please check whether there is a fault in the local supply line? I understand that some delays are unavoidable, but the current situation is becoming difficult. Location: Dehradun, Uttarakhand. Thank you for taking the time to read this. Regards, A concerned citizen",,"Dehradun, Uttarakhand",
EM000296,Email,2025-03-25 21:48:00,"There have been frequent voltage fluctuations in our area around {place}. Several residents have noticed lights becoming unusually bright and then dim. Dear Sir/Madam, I am writing after trying to get this issue resolved locally regarding a public service issue in Lucknow. There have been frequent voltage fluctuations in our area around the western part of the locality. Several residents have noticed lights becoming unusually bright and then dim. Please have the transformer or local line inspected. Location: Lucknow, Uttar Pradesh. Kindly let me know what action can be taken. Regards, A concerned citizen",,"Lucknow, Uttar Pradesh",
EM000297,Email,2025-07-11 04:06:00,"We have been having power cuts almost every evening in {place}. Yesterday the supply went off several times and one interruption lasted for nearly three hours. Dear Sir/Madam, I wanted to check whether someone could look into the following matter regarding a public service issue in New Delhi. We have been having power cuts almost every evening in the apartment area. Yesterday the supply went off several times and one interruption lasted for nearly three hours. Could you please check whether there is a fault in the local supply line? I understand that some delays are unavoidable, but the current situation is becoming difficult. Location: New Delhi, Delhi. Thank you for taking the time to read this. Regards, A concerned citizen",,"New Delhi, Delhi",
EM000298,Email,2025-07-07 10:41:00,"There have been frequent voltage fluctuations in our area around {place}. Several residents have noticed lights becoming unusually bright and then dim. Dear Sir/Madam, I am a resident of the area and would like to raise a concern regarding a public service issue in Jaipur. There have been frequent voltage fluctuations in our area around the western part of the locality. Several residents have noticed lights becoming unusually bright and then dim. Please have the transformer or local line inspected. Location: Jaipur, Rajasthan. Kindly let me know what action can be taken. Regards, A concerned citizen",,"Jaipur, Rajasthan",
EM000299,Email,2025-03-07 01:39:00,"Request for assistance - The transformer serving our neighbourhood in {place} appears to be overloaded. During peak hours the power goes off and sometimes takes a long time to return. Dear Sir/Madam, I wanted to check whether someone could look into the following matter regarding a public service issue in Imphal. The transformer serving our neighbourhood in our residential area appears to be overloaded. During peak hours the power goes off and sometimes takes a long time to return. I would be grateful if the department could check the load and advise on a permanent solution. I had also mentioned this to the local office, but I have not received a clear update. Location: Imphal, Manipur. Kindly let me know what action can be taken. Regards, A concerned citizen",,"Imphal, Manipur",
EM000300,Email,2025-09-05 00:44:00,"There have been frequent voltage fluctuations in our area around {place}. Several residents have noticed lights becoming unusually bright and then dim. Dear Sir/Madam, I am writing after trying to get this issue resolved locally regarding a public service issue in New Delhi. There have been frequent voltage fluctuations in our area around our residential area. Several residents have noticed lights becoming unusually bright and then dim. Please have the transformer or local line inspected. Location: New Delhi, Delhi. I would appreciate an update when possible. Regards, A concerned citizen",,"New Delhi, Delhi",
EM000301,Email,2025-08-26 01:46:00,"Request for assistance - We have been having power cuts almost every evening in {place}. Yesterday the supply went off several times and one interruption lasted for nearly three hours. Dear Sir/Madam, I am a resident of the area and would like to raise a concern regarding a public service issue in Agartala. We have been having power cuts almost every evening in the apartment area. Yesterday the supply went off several times and one interruption lasted for nearly three hours. Could you please check whether there is a fault in the local supply line? I had also mentioned this to the local office, but I have not received a clear update. Location: Agartala, Tripura. Kindly let me know what action can be taken. Regards, A concerned citizen",,"Agartala, Tripura",
EM000302,Email,2025-05-14 00:07:00,"The transformer serving our neighbourhood in {place} appears to be overloaded. During peak hours the power goes off and sometimes takes a long time to return. Dear Sir/Madam, I wanted to check whether someone could look into the following matter regarding a public service issue in Kochi. The transformer serving our neighbourhood in the apartment area appears to be overloaded. During peak hours the power goes off and sometimes takes a long time to return. I would be grateful if the department could check the load and advise on a permanent solution. I had also mentioned this to the local office, but I have not received a clear update. Location: Kochi, Kerala. Please let me know if any additional details are required. Regards, A concerned citizen",,"Kochi, Kerala",
EM000303,Email,2025-01-27 15:54:00,"Power has been unavailable in part of our locality since last night. We have checked with nearby households and the problem seems to affect the whole street. Dear Sir/Madam, I wanted to check whether someone could look into the following matter regarding a public service issue in Puducherry. Power has been unavailable in part of our locality since last night. We have checked with nearby households and the problem seems to affect the whole street. Please provide an update on the expected restoration time. I am attaching no personal documents; I only want the service issue to be addressed. Location: Puducherry, Puducherry. I hope the department can look into this soon. Regards, A concerned citizen",,"Puducherry, Puducherry",
EM000304,Email,2025-05-30 19:09:00,"We have been having power cuts almost every evening in {place}. Yesterday the supply went off several times and one interruption lasted for nearly three hours. Dear Sir/Madam, I wanted to bring a problem to your notice regarding a public service issue in Raipur. We have been having power cuts almost every evening in the nearby market. Yesterday the supply went off several times and one interruption lasted for nearly three hours. Could you please check whether there is a fault in the local supply line? This is not the first time we have faced this problem. Location: Raipur, Chhattisgarh. I would appreciate an update when possible. Regards, A concerned citizen",,"Raipur, Chhattisgarh",
EM000305,Email,2025-12-30 21:54:00,"Power has been unavailable in part of our locality since last night. We have checked with nearby households and the problem seems to affect the whole street. Dear Sir/Madam, I would like to request your help regarding an issue in my locality regarding a public service issue in Patna. Power has been unavailable in part of our locality since last night. We have checked with nearby households and the problem seems to affect the whole street. Please provide an update on the expected restoration time. Location: Patna, Bihar. I hope the department can look into this soon. Regards, A concerned citizen",,"Patna, Bihar",
EM000306,Email,2025-12-23 09:56:00,"There have been frequent voltage fluctuations in our area around {place}. Several residents have noticed lights becoming unusually bright and then dim. Dear Sir/Madam, I wanted to check whether someone could look into the following matter regarding a public service issue in Panaji. There have been frequent voltage fluctuations in our area around the western part of the locality. Several residents have noticed lights becoming unusually bright and then dim. Please have the transformer or local line inspected. Location: Panaji, Goa. I would appreciate an update when possible. Regards, A concerned citizen",,"Panaji, Goa",
EM000307,Email,2025-02-19 10:25:00,"We have been having power cuts almost every evening in {place}. Yesterday the supply went off several times and one interruption lasted for nearly three hours. Dear Sir/Madam, I am not sure which department handles this, so I am writing here for assistance regarding a public service issue in Kochi. We have been having power cuts almost every evening in our neighbourhood. Yesterday the supply went off several times and one interruption lasted for nearly three hours. Could you please check whether there is a fault in the local supply line? Location: Kochi, Kerala. I would appreciate an update when possible. Regards, A concerned citizen",,"Kochi, Kerala",
EM000308,Email,2025-01-12 21:09:00,"We have been having power cuts almost every evening in {place}. Yesterday the supply went off several times and one interruption lasted for nearly three hours. Dear Sir/Madam, I wanted to bring a problem to your notice regarding a public service issue in Lucknow. We have been having power cuts almost every evening in the nearby market. Yesterday the supply went off several times and one interruption lasted for nearly three hours. Could you please check whether there is a fault in the local supply line? I understand that some delays are unavoidable, but the current situation is becoming difficult. Location: Lucknow, Uttar Pradesh. I would appreciate an update when possible. Regards, A concerned citizen",,"Lucknow, Uttar Pradesh",
EM000309,Email,2025-11-09 03:12:00,"We have been having power cuts almost every evening in {place}. Yesterday the supply went off several times and one interruption lasted for nearly three hours. Dear Sir/Madam, I wanted to bring a problem to your notice regarding a public service issue in Guwahati. We have been having power cuts almost every evening in the western part of the locality. Yesterday the supply went off several times and one interruption lasted for nearly three hours. Could you please check whether there is a fault in the local supply line? I had also mentioned this to the local office, but I have not received a clear update. Location: Guwahati, Assam. Please acknowledge the complaint and advise me on the next step. Regards, A concerned citizen",,"Guwahati, Assam",
EM000310,Email,2025-06-20 18:04:00,"There have been frequent voltage fluctuations in our area around {place}. Several residents have noticed lights becoming unusually bright and then dim. Dear Sir/Madam, I am not sure which department handles this, so I am writing here for assistance regarding a public service issue in Gurugram. There have been frequent voltage fluctuations in our area around our residential area. Several residents have noticed lights becoming unusually bright and then dim. Please have the transformer or local line inspected. Location: Gurugram, Haryana. Thank you for taking the time to read this. Regards, A concerned citizen",,"Gurugram, Haryana",
EM000311,Email,2025-11-22 00:58:00,"Follow-up: There have been frequent voltage fluctuations in our area around {place}. Several residents have noticed lights becoming unusually bright and then dim. Dear Sir/Madam, I am writing to report an issue regarding a public service issue in Ranchi. There have been frequent voltage fluctuations in our area around our neighbourhood. Several residents have noticed lights becoming unusually bright and then dim. Please have the transformer or local line inspected. I had also mentioned this to the local office, but I have not received a clear update. Location: Ranchi, Jharkhand. Please let me know if any additional details are required. Regards, A concerned citizen",,"Ranchi, Jharkhand",
EM000312,Email,2025-03-31 03:55:00,"We have been having power cuts almost every evening in {place}. Yesterday the supply went off several times and one interruption lasted for nearly three hours. Dear Sir/Madam, I am writing after trying to get this issue resolved locally regarding a public service issue in Dehradun. We have been having power cuts almost every evening in the western part of the locality. Yesterday the supply went off several times and one interruption lasted for nearly three hours. Could you please check whether there is a fault in the local supply line? This is not the first time we have faced this problem. Location: Dehradun, Uttarakhand. Kindly let me know what action can be taken. Regards, A concerned citizen",,"Dehradun, Uttarakhand",
EM000313,Email,2025-06-28 03:29:00,"Power has been unavailable in part of our locality since last night. We have checked with nearby households and the problem seems to affect the whole street. Dear Sir/Madam, I am writing to report an issue regarding a public service issue in Kohima. Power has been unavailable in part of our locality since last night. We have checked with nearby households and the problem seems to affect the whole street. Please provide an update on the expected restoration time. I understand that some delays are unavoidable, but the current situation is becoming difficult. Location: Kohima, Nagaland. Please acknowledge the complaint and advise me on the next step. Regards, A concerned citizen",,"Kohima, Nagaland",
EM000314,Email,2025-05-29 15:42:00,"Power has been unavailable in part of our locality since last night. We have checked with nearby households and the problem seems to affect the whole street. Dear Sir/Madam, I am writing after trying to get this issue resolved locally regarding a public service issue in Shimla. Power has been unavailable in part of our locality since last night. We have checked with nearby households and the problem seems to affect the whole street. Please provide an update on the expected restoration time. Location: Shimla, Himachal Pradesh. Please acknowledge the complaint and advise me on the next step. Regards, A concerned citizen",,"Shimla, Himachal Pradesh",
EM000315,Email,2025-05-16 07:14:00,"The transformer serving our neighbourhood in {place} appears to be overloaded. During peak hours the power goes off and sometimes takes a long time to return. Dear Sir/Madam, I am writing to report an issue regarding a public service issue in Shimla. The transformer serving our neighbourhood in our residential area appears to be overloaded. During peak hours the power goes off and sometimes takes a long time to return. I would be grateful if the department could check the load and advise on a permanent solution. Location: Shimla, Himachal Pradesh. I would appreciate an update when possible. Regards, A concerned citizen",,"Shimla, Himachal Pradesh",
EM000316,Email,2025-08-20 08:35:00,"Request for assistance - The transformer serving our neighbourhood in {place} appears to be overloaded. During peak hours the power goes off and sometimes takes a long time to return. Dear Sir/Madam, I wanted to bring a problem to your notice regarding a public service issue in Bhubaneswar. The transformer serving our neighbourhood in the western part of the locality appears to be overloaded. During peak hours the power goes off and sometimes takes a long time to return. I would be grateful if the department could check the load and advise on a permanent solution. Location: Bhubaneswar, Odisha. I would appreciate an update when possible. Regards, A concerned citizen",,"Bhubaneswar, Odisha",
EM000317,Email,2025-08-31 08:05:00,"Power has been unavailable in part of our locality since last night. We have checked with nearby households and the problem seems to affect the whole street. Dear Sir/Madam, I wanted to bring a problem to your notice regarding a public service issue in Leh. Power has been unavailable in part of our locality since last night. We have checked with nearby households and the problem seems to affect the whole street. Please provide an update on the expected restoration time. I am attaching no personal documents; I only want the service issue to be addressed. Location: Leh, Ladakh. I would appreciate an update when possible. Regards, A concerned citizen",,"Leh, Ladakh",
EM000318,Email,2025-03-28 08:17:00,"Power has been unavailable in part of our locality since last night. We have checked with nearby households and the problem seems to affect the whole street. Dear Sir/Madam, I am not sure which department handles this, so I am writing here for assistance regarding a public service issue in New Delhi. Power has been unavailable in part of our locality since last night. We have checked with nearby households and the problem seems to affect the whole street. Please provide an update on the expected restoration time. I am attaching no personal documents; I only want the service issue to be addressed. Location: New Delhi, Delhi. Kindly let me know what action can be taken. Regards, A concerned citizen",,"New Delhi, Delhi",
EM000319,Email,2025-03-20 04:12:00,"We have been having power cuts almost every evening in {place}. Yesterday the supply went off several times and one interruption lasted for nearly three hours. Dear Sir/Madam, I am writing after trying to get this issue resolved locally regarding a public service issue in Ahmedabad. We have been having power cuts almost every evening in our residential area. Yesterday the supply went off several times and one interruption lasted for nearly three hours. Could you please check whether there is a fault in the local supply line? This is not the first time we have faced this problem. Location: Ahmedabad, Gujarat. Thank you for taking the time to read this. Regards, A concerned citizen",,"Ahmedabad, Gujarat",
EM000320,Email,2025-03-15 17:31:00,"Request for assistance - Power has been unavailable in part of our locality since last night. We have checked with nearby households and the problem seems to affect the whole street. Dear Sir/Madam, I am a resident of the area and would like to raise a concern regarding a public service issue in Jaipur. Power has been unavailable in part of our locality since last night. We have checked with nearby households and the problem seems to affect the whole street. Please provide an update on the expected restoration time. I am mainly looking for a clear update and a practical solution. Location: Jaipur, Rajasthan. Please let me know if any additional details are required. Regards, A concerned citizen",,"Jaipur, Rajasthan",
EM000321,Email,2025-07-06 04:41:00,"My train was delayed considerably while travelling from {place}. There was very little information available at the station, and passengers were unsure whether to continue waiting. Dear Sir/Madam, I would like to request your help regarding an issue in my locality regarding a public service issue in Gurugram. My train was delayed considerably while travelling from the city outskirts. There was very little information available at the station, and passengers were unsure whether to continue waiting. I request better announcements and timely updates during such delays. I understand that some delays are unavoidable, but the current situation is becoming difficult. Location: Gurugram, Haryana. Thank you for taking the time to read this. Regards, A concerned citizen",,"Gurugram, Haryana",
EM000322,Email,2025-06-10 06:15:00,"There is no convenient public transport connection between our residential area and the main service centre in {place}. Dear Sir/Madam, I wanted to check whether someone could look into the following matter regarding a public service issue in Raipur. There is no convenient public transport connection between our residential area and the main service centre in the railway station. Could the department consider adding a route or improving the existing connection? This is not the first time we have faced this problem. Location: Raipur, Chhattisgarh. Kindly let me know what action can be taken. Regards, A concerned citizen",,"Raipur, Chhattisgarh",
EM000323,Email,2025-03-16 16:26:00,"I travel by public transport from {place} every day. Buses are extremely crowded during the morning peak and sometimes two buses pass without stopping. Dear Sir/Madam, I would like to request your help regarding an issue in my locality regarding a public service issue in Ludhiana. I travel by public transport from the city outskirts every day. Buses are extremely crowded during the morning peak and sometimes two buses pass without stopping. Please consider adding services during peak hours. Location: Ludhiana, Punjab. Please let me know if any additional details are required. Regards, A concerned citizen",,"Ludhiana, Punjab",
EM000324,Email,2025-04-04 03:08:00,"My train was delayed considerably while travelling from {place}. There was very little information available at the station, and passengers were unsure whether to continue waiting. Dear Sir/Madam, I wanted to bring a problem to your notice regarding a public service issue in Visakhapatnam. My train was delayed considerably while travelling from the central bus stand. There was very little information available at the station, and passengers were unsure whether to continue waiting. I request better announcements and timely updates during such delays. Location: Visakhapatnam, Andhra Pradesh. I hope the department can look into this soon. Regards, A concerned citizen",,"Visakhapatnam, Andhra Pradesh",
EM000325,Email,2025-09-08 23:34:00,"A bus stop near {place} does not have clear route information. New passengers often have to ask drivers which bus to take. Dear Sir/Madam, I would like to request your help regarding an issue in my locality regarding a public service issue in Guwahati. A bus stop near the central bus stand does not have clear route information. New passengers often have to ask drivers which bus to take. Could route and timetable information be displayed at the stop? Location: Guwahati, Assam. Thank you for taking the time to read this. Regards, A concerned citizen",,"Guwahati, Assam",
EM000326,Email,2025-08-19 00:13:00,"A bus stop near {place} does not have clear route information. New passengers often have to ask drivers which bus to take. Dear Sir/Madam, I wanted to bring a problem to your notice regarding a public service issue in Imphal. A bus stop near the central bus stand does not have clear route information. New passengers often have to ask drivers which bus to take. Could route and timetable information be displayed at the stop? Location: Imphal, Manipur. Thank you for taking the time to read this. Regards, A concerned citizen",,"Imphal, Manipur",
EM000327,Email,2025-04-24 00:47:00,"The bus service on the route used by residents around {place} has become unreliable. This morning the scheduled bus did not arrive and many people were late for work. Dear Sir/Madam, I am contacting your department because I have been facing a problem regarding a public service issue in Ranchi. The bus service on the route used by residents around the central bus stand has become unreliable. This morning the scheduled bus did not arrive and many people were late for work. Could the route schedule and frequency be reviewed? Location: Ranchi, Jharkhand. I hope the department can look into this soon. Regards, A concerned citizen",,"Ranchi, Jharkhand",
EM000328,Email,2025-04-03 16:17:00,"Follow-up: I travel by public transport from {place} every day. Buses are extremely crowded during the morning peak and sometimes two buses pass without stopping. Dear Sir/Madam, I am writing to report an issue regarding a public service issue in Visakhapatnam. I travel by public transport from the railway station every day. Buses are extremely crowded during the morning peak and sometimes two buses pass without stopping. Please consider adding services during peak hours. Location: Visakhapatnam, Andhra Pradesh. I hope the department can look into this soon. Regards, A concerned citizen",,"Visakhapatnam, Andhra Pradesh",
EM000329,Email,2025-02-15 00:51:00,"Request for assistance - There is no convenient public transport connection between our residential area and the main service centre in {place}. Dear Sir/Madam, I wanted to check whether someone could look into the following matter regarding a public service issue in Ludhiana. There is no convenient public transport connection between our residential area and the main service centre in the main commuter route. Could the department consider adding a route or improving the existing connection? This is not the first time we have faced this problem. Location: Ludhiana, Punjab. I would appreciate an update when possible. Regards, A concerned citizen",,"Ludhiana, Punjab",
EM000330,Email,2025-02-01 20:05:00,"Request for assistance - The bus service on the route used by residents around {place} has become unreliable. This morning the scheduled bus did not arrive and many people were late for work. Dear Sir/Madam, I am writing to report an issue regarding a public service issue in Patna. The bus service on the route used by residents around the central bus stand has become unreliable. This morning the scheduled bus did not arrive and many people were late for work. Could the route schedule and frequency be reviewed? Location: Patna, Bihar. I hope the department can look into this soon. Regards, A concerned citizen",,"Patna, Bihar",
EM000331,Email,2025-03-13 12:13:00,"The bus service on the route used by residents around {place} has become unreliable. This morning the scheduled bus did not arrive and many people were late for work. Dear Sir/Madam, I wanted to bring a problem to your notice regarding a public service issue in Puducherry. The bus service on the route used by residents around the central bus stand has become unreliable. This morning the scheduled bus did not arrive and many people were late for work. Could the route schedule and frequency be reviewed? This is not the first time we have faced this problem. Location: Puducherry, Puducherry. I hope the department can look into this soon. Regards, A concerned citizen",,"Puducherry, Puducherry",
EM000332,Email,2025-05-04 03:00:00,"The bus service on the route used by residents around {place} has become unreliable. This morning the scheduled bus did not arrive and many people were late for work. Dear Sir/Madam, I am a resident of the area and would like to raise a concern regarding a public service issue in Visakhapatnam. The bus service on the route used by residents around the main commuter route has become unreliable. This morning the scheduled bus did not arrive and many people were late for work. Could the route schedule and frequency be reviewed? Location: Visakhapatnam, Andhra Pradesh. Please let me know if any additional details are required. Regards, A concerned citizen",,"Visakhapatnam, Andhra Pradesh",
EM000333,Email,2025-06-28 20:26:00,"Request for assistance - A bus stop near {place} does not have clear route information. New passengers often have to ask drivers which bus to take. Dear Sir/Madam, I would like to request your help regarding an issue in my locality regarding a public service issue in Shimla. A bus stop near the railway station does not have clear route information. New passengers often have to ask drivers which bus to take. Could route and timetable information be displayed at the stop? Location: Shimla, Himachal Pradesh. Please let me know if any additional details are required. Regards, A concerned citizen",,"Shimla, Himachal Pradesh",
EM000334,Email,2025-11-08 10:52:00,"Request for assistance - I travel by public transport from {place} every day. Buses are extremely crowded during the morning peak and sometimes two buses pass without stopping. Dear Sir/Madam, I am contacting your department because I have been facing a problem regarding a public service issue in Panaji. I travel by public transport from the central bus stand every day. Buses are extremely crowded during the morning peak and sometimes two buses pass without stopping. Please consider adding services during peak hours. Location: Panaji, Goa. Please let me know if any additional details are required. Regards, A concerned citizen",,"Panaji, Goa",
EM000335,Email,2025-10-15 06:16:00,"A bus stop near {place} does not have clear route information. New passengers often have to ask drivers which bus to take. Dear Sir/Madam, I wanted to bring a problem to your notice regarding a public service issue in Kohima. A bus stop near the central bus stand does not have clear route information. New passengers often have to ask drivers which bus to take. Could route and timetable information be displayed at the stop? I am attaching no personal documents; I only want the service issue to be addressed. Location: Kohima, Nagaland. Kindly let me know what action can be taken. Regards, A concerned citizen",,"Kohima, Nagaland",
EM000336,Email,2025-10-04 18:28:00,"My train was delayed considerably while travelling from {place}. There was very little information available at the station, and passengers were unsure whether to continue waiting. Dear Sir/Madam, I wanted to bring a problem to your notice regarding a public service issue in Guwahati. My train was delayed considerably while travelling from the main commuter route. There was very little information available at the station, and passengers were unsure whether to continue waiting. I request better announcements and timely updates during such delays. I understand that some delays are unavoidable, but the current situation is becoming difficult. Location: Guwahati, Assam. Thank you for taking the time to read this. Regards, A concerned citizen",,"Guwahati, Assam",
EM000337,Email,2025-11-05 10:37:00,"My train was delayed considerably while travelling from {place}. There was very little information available at the station, and passengers were unsure whether to continue waiting. Dear Sir/Madam, I am not sure which department handles this, so I am writing here for assistance regarding a public service issue in Coimbatore. My train was delayed considerably while travelling from the main commuter route. There was very little information available at the station, and passengers were unsure whether to continue waiting. I request better announcements and timely updates during such delays. Location: Coimbatore, Tamil Nadu. I hope the department can look into this soon. Regards, A concerned citizen",,"Coimbatore, Tamil Nadu",
EM000338,Email,2025-04-04 17:35:00,"I travel by public transport from {place} every day. Buses are extremely crowded during the morning peak and sometimes two buses pass without stopping. Dear Sir/Madam, I wanted to bring a problem to your notice regarding a public service issue in Bhubaneswar. I travel by public transport from our residential area every day. Buses are extremely crowded during the morning peak and sometimes two buses pass without stopping. Please consider adding services during peak hours. Location: Bhubaneswar, Odisha. I hope the department can look into this soon. Regards, A concerned citizen",,"Bhubaneswar, Odisha",
EM000339,Email,2025-01-24 18:25:00,"My train was delayed considerably while travelling from {place}. There was very little information available at the station, and passengers were unsure whether to continue waiting. Dear Sir/Madam, I am not sure which department handles this, so I am writing here for assistance regarding a public service issue in Jaipur. My train was delayed considerably while travelling from the railway station. There was very little information available at the station, and passengers were unsure whether to continue waiting. I request better announcements and timely updates during such delays. Location: Jaipur, Rajasthan. Please let me know if any additional details are required. Regards, A concerned citizen",,"Jaipur, Rajasthan",
EM000340,Email,2025-09-08 09:17:00,"Concern regarding The bus service on the route used by residents around {place} has become unreliable. This morning the scheduled bus did not arrive and many people were late for work. Dear Sir/Madam, I would like to request your help regarding an issue in my locality regarding a public service issue in Shillong. The bus service on the route used by residents around our residential area has become unreliable. This morning the scheduled bus did not arrive and many people were late for work. Could the route schedule and frequency be reviewed? I am attaching no personal documents; I only want the service issue to be addressed. Location: Shillong, Meghalaya. I would appreciate an update when possible. Regards, A concerned citizen",,"Shillong, Meghalaya",
EM000341,Email,2025-09-20 12:03:00,"My train was delayed considerably while travelling from {place}. There was very little information available at the station, and passengers were unsure whether to continue waiting. Dear Sir/Madam, I wanted to check whether someone could look into the following matter regarding a public service issue in Guwahati. My train was delayed considerably while travelling from the main commuter route. There was very little information available at the station, and passengers were unsure whether to continue waiting. I request better announcements and timely updates during such delays. I am attaching no personal documents; I only want the service issue to be addressed. Location: Guwahati, Assam. Kindly let me know what action can be taken. Regards, A concerned citizen",,"Guwahati, Assam",
EM000342,Email,2025-02-25 01:42:00,"A bus stop near {place} does not have clear route information. New passengers often have to ask drivers which bus to take. Dear Sir/Madam, I wanted to bring a problem to your notice regarding a public service issue in Gurugram. A bus stop near our residential area does not have clear route information. New passengers often have to ask drivers which bus to take. Could route and timetable information be displayed at the stop? I am mainly looking for a clear update and a practical solution. Location: Gurugram, Haryana. Kindly let me know what action can be taken. Regards, A concerned citizen",,"Gurugram, Haryana",
EM000343,Email,2025-09-05 23:41:00,"I travel by public transport from {place} every day. Buses are extremely crowded during the morning peak and sometimes two buses pass without stopping. Dear Sir/Madam, I am writing to report an issue regarding a public service issue in Guwahati. I travel by public transport from the railway station every day. Buses are extremely crowded during the morning peak and sometimes two buses pass without stopping. Please consider adding services during peak hours. I had also mentioned this to the local office, but I have not received a clear update. Location: Guwahati, Assam. I would appreciate an update when possible. Regards, A concerned citizen",,"Guwahati, Assam",
EM000344,Email,2025-08-01 00:19:00,"There is no convenient public transport connection between our residential area and the main service centre in {place}. Dear Sir/Madam, I am contacting your department because I have been facing a problem regarding a public service issue in Kolkata. There is no convenient public transport connection between our residential area and the main service centre in the central bus stand. Could the department consider adding a route or improving the existing connection? Location: Kolkata, West Bengal. I would appreciate an update when possible. Regards, A concerned citizen",,"Kolkata, West Bengal",
EM000345,Email,2025-04-04 10:49:00,"I travel by public transport from {place} every day. Buses are extremely crowded during the morning peak and sometimes two buses pass without stopping. Dear Sir/Madam, I am not sure which department handles this, so I am writing here for assistance regarding a public service issue in Kolkata. I travel by public transport from the main commuter route every day. Buses are extremely crowded during the morning peak and sometimes two buses pass without stopping. Please consider adding services during peak hours. Location: Kolkata, West Bengal. Please acknowledge the complaint and advise me on the next step. Regards, A concerned citizen",,"Kolkata, West Bengal",
EM000346,Email,2025-09-05 06:57:00,"I travel by public transport from {place} every day. Buses are extremely crowded during the morning peak and sometimes two buses pass without stopping. Dear Sir/Madam, I am not sure which department handles this, so I am writing here for assistance regarding a public service issue in Gurugram. I travel by public transport from the central bus stand every day. Buses are extremely crowded during the morning peak and sometimes two buses pass without stopping. Please consider adding services during peak hours. I had also mentioned this to the local office, but I have not received a clear update. Location: Gurugram, Haryana. I hope the department can look into this soon. Regards, A concerned citizen",,"Gurugram, Haryana",
EM000347,Email,2025-06-12 12:58:00,"A bus stop near {place} does not have clear route information. New passengers often have to ask drivers which bus to take. Dear Sir/Madam, I am writing after trying to get this issue resolved locally regarding a public service issue in Visakhapatnam. A bus stop near our residential area does not have clear route information. New passengers often have to ask drivers which bus to take. Could route and timetable information be displayed at the stop? I had also mentioned this to the local office, but I have not received a clear update. Location: Visakhapatnam, Andhra Pradesh. Please acknowledge the complaint and advise me on the next step. Regards, A concerned citizen",,"Visakhapatnam, Andhra Pradesh",
EM000348,Email,2025-05-20 12:52:00,"Request for assistance - My train was delayed considerably while travelling from {place}. There was very little information available at the station, and passengers were unsure whether to continue waiting. Dear Sir/Madam, I am writing after trying to get this issue resolved locally regarding a public service issue in Shillong. My train was delayed considerably while travelling from the city outskirts. There was very little information available at the station, and passengers were unsure whether to continue waiting. I request better announcements and timely updates during such delays. I am attaching no personal documents; I only want the service issue to be addressed. Location: Shillong, Meghalaya. I hope the department can look into this soon. Regards, A concerned citizen",,"Shillong, Meghalaya",
EM000349,Email,2025-07-28 03:46:00,"My train was delayed considerably while travelling from {place}. There was very little information available at the station, and passengers were unsure whether to continue waiting. Dear Sir/Madam, I am not sure which department handles this, so I am writing here for assistance regarding a public service issue in Leh. My train was delayed considerably while travelling from the city outskirts. There was very little information available at the station, and passengers were unsure whether to continue waiting. I request better announcements and timely updates during such delays. Location: Leh, Ladakh. Please acknowledge the complaint and advise me on the next step. Regards, A concerned citizen",,"Leh, Ladakh",
EM000350,Email,2025-01-28 05:04:00,"My train was delayed considerably while travelling from {place}. There was very little information available at the station, and passengers were unsure whether to continue waiting. Dear Sir/Madam, I am not sure which department handles this, so I am writing here for assistance regarding a public service issue in Shimla. My train was delayed considerably while travelling from the railway station. There was very little information available at the station, and passengers were unsure whether to continue waiting. I request better announcements and timely updates during such delays. This is not the first time we have faced this problem. Location: Shimla, Himachal Pradesh. Kindly let me know what action can be taken. Regards, A concerned citizen",,"Shimla, Himachal Pradesh",
EM000351,Email,2025-02-25 02:29:00,"I travel by public transport from {place} every day. Buses are extremely crowded during the morning peak and sometimes two buses pass without stopping. Dear Sir/Madam, I am a resident of the area and would like to raise a concern regarding a public service issue in Bengaluru. I travel by public transport from the main commuter route every day. Buses are extremely crowded during the morning peak and sometimes two buses pass without stopping. Please consider adding services during peak hours. Location: Bengaluru, Karnataka. Please acknowledge the complaint and advise me on the next step. Regards, A concerned citizen",,"Bengaluru, Karnataka",
EM000352,Email,2025-07-11 15:11:00,"The bus service on the route used by residents around {place} has become unreliable. This morning the scheduled bus did not arrive and many people were late for work. Dear Sir/Madam, I am not sure which department handles this, so I am writing here for assistance regarding a public service issue in Shillong. The bus service on the route used by residents around the main commuter route has become unreliable. This morning the scheduled bus did not arrive and many people were late for work. Could the route schedule and frequency be reviewed? Location: Shillong, Meghalaya. Please let me know if any additional details are required. Regards, A concerned citizen",,"Shillong, Meghalaya",
EM000353,Email,2025-09-03 22:26:00,"A bus stop near {place} does not have clear route information. New passengers often have to ask drivers which bus to take. Dear Sir/Madam, I wanted to bring a problem to your notice regarding a public service issue in Bengaluru. A bus stop near the city outskirts does not have clear route information. New passengers often have to ask drivers which bus to take. Could route and timetable information be displayed at the stop? I understand that some delays are unavoidable, but the current situation is becoming difficult. Location: Bengaluru, Karnataka. I hope the department can look into this soon. Regards, A concerned citizen",,"Bengaluru, Karnataka",
EM000354,Email,2025-05-12 10:09:00,"Request for assistance - I travel by public transport from {place} every day. Buses are extremely crowded during the morning peak and sometimes two buses pass without stopping. Dear Sir/Madam, I am not sure which department handles this, so I am writing here for assistance regarding a public service issue in Bengaluru. I travel by public transport from the city outskirts every day. Buses are extremely crowded during the morning peak and sometimes two buses pass without stopping. Please consider adding services during peak hours. Location: Bengaluru, Karnataka. Thank you for taking the time to read this. Regards, A concerned citizen",,"Bengaluru, Karnataka",
EM000355,Email,2025-11-20 10:24:00,"My train was delayed considerably while travelling from {place}. There was very little information available at the station, and passengers were unsure whether to continue waiting. Dear Sir/Madam, I am contacting your department because I have been facing a problem regarding a public service issue in Shimla. My train was delayed considerably while travelling from the city outskirts. There was very little information available at the station, and passengers were unsure whether to continue waiting. I request better announcements and timely updates during such delays. I am attaching no personal documents; I only want the service issue to be addressed. Location: Shimla, Himachal Pradesh. Kindly let me know what action can be taken. Regards, A concerned citizen",,"Shimla, Himachal Pradesh",
EM000356,Email,2025-04-28 18:49:00,"Concern regarding I travel by public transport from {place} every day. Buses are extremely crowded during the morning peak and sometimes two buses pass without stopping. Dear Sir/Madam, I wanted to check whether someone could look into the following matter regarding a public service issue in Visakhapatnam. I travel by public transport from the main commuter route every day. Buses are extremely crowded during the morning peak and sometimes two buses pass without stopping. Please consider adding services during peak hours. Location: Visakhapatnam, Andhra Pradesh. I would appreciate an update when possible. Regards, A concerned citizen",,"Visakhapatnam, Andhra Pradesh",
EM000357,Email,2025-08-20 12:34:00,"A bus stop near {place} does not have clear route information. New passengers often have to ask drivers which bus to take. Dear Sir/Madam, I am writing after trying to get this issue resolved locally regarding a public service issue in Panaji. A bus stop near the railway station does not have clear route information. New passengers often have to ask drivers which bus to take. Could route and timetable information be displayed at the stop? I understand that some delays are unavoidable, but the current situation is becoming difficult. Location: Panaji, Goa. I would appreciate an update when possible. Regards, A concerned citizen",,"Panaji, Goa",
EM000358,Email,2025-08-24 18:42:00,"Follow-up: A bus stop near {place} does not have clear route information. New passengers often have to ask drivers which bus to take. Dear Sir/Madam, I am writing after trying to get this issue resolved locally regarding a public service issue in Agartala. A bus stop near the railway station does not have clear route information. New passengers often have to ask drivers which bus to take. Could route and timetable information be displayed at the stop? I had also mentioned this to the local office, but I have not received a clear update. Location: Agartala, Tripura. Kindly let me know what action can be taken. Regards, A concerned citizen",,"Agartala, Tripura",
EM000359,Email,2025-08-30 12:46:00,"Request for assistance - My train was delayed considerably while travelling from {place}. There was very little information available at the station, and passengers were unsure whether to continue waiting. Dear Sir/Madam, I am a resident of the area and would like to raise a concern regarding a public service issue in Chandigarh. My train was delayed considerably while travelling from the railway station. There was very little information available at the station, and passengers were unsure whether to continue waiting. I request better announcements and timely updates during such delays. I am attaching no personal documents; I only want the service issue to be addressed. Location: Chandigarh, Chandigarh. I hope the department can look into this soon. Regards, A concerned citizen",,"Chandigarh, Chandigarh",
EM000360,Email,2025-02-26 00:09:00,"My train was delayed considerably while travelling from {place}. There was very little information available at the station, and passengers were unsure whether to continue waiting. Dear Sir/Madam, I am not sure which department handles this, so I am writing here for assistance regarding a public service issue in Agartala. My train was delayed considerably while travelling from the railway station. There was very little information available at the station, and passengers were unsure whether to continue waiting. I request better announcements and timely updates during such delays. Location: Agartala, Tripura. I hope the department can look into this soon. Regards, A concerned citizen",,"Agartala, Tripura",
EM000361,Email,2025-10-22 23:50:00,"A bus stop near {place} does not have clear route information. New passengers often have to ask drivers which bus to take. Dear Sir/Madam, I would like to request your help regarding an issue in my locality regarding a public service issue in Pune. A bus stop near our residential area does not have clear route information. New passengers often have to ask drivers which bus to take. Could route and timetable information be displayed at the stop? Location: Pune, Maharashtra. I would appreciate an update when possible. Regards, A concerned citizen",,"Pune, Maharashtra",
EM000362,Email,2025-09-14 13:48:00,"My train was delayed considerably while travelling from {place}. There was very little information available at the station, and passengers were unsure whether to continue waiting. Dear Sir/Madam, I am writing to report an issue regarding a public service issue in Imphal. My train was delayed considerably while travelling from the main commuter route. There was very little information available at the station, and passengers were unsure whether to continue waiting. I request better announcements and timely updates during such delays. I understand that some delays are unavoidable, but the current situation is becoming difficult. Location: Imphal, Manipur. Please let me know if any additional details are required. Regards, A concerned citizen",,"Imphal, Manipur",
EM000363,Email,2025-03-03 01:51:00,"A bus stop near {place} does not have clear route information. New passengers often have to ask drivers which bus to take. Dear Sir/Madam, I am not sure which department handles this, so I am writing here for assistance regarding a public service issue in Kolkata. A bus stop near the city outskirts does not have clear route information. New passengers often have to ask drivers which bus to take. Could route and timetable information be displayed at the stop? I am attaching no personal documents; I only want the service issue to be addressed. Location: Kolkata, West Bengal. Please let me know if any additional details are required. Regards, A concerned citizen",,"Kolkata, West Bengal",
EM000364,Email,2025-03-18 11:39:00,"The bus service on the route used by residents around {place} has become unreliable. This morning the scheduled bus did not arrive and many people were late for work. Dear Sir/Madam, I would like to request your help regarding an issue in my locality regarding a public service issue in Shimla. The bus service on the route used by residents around the main commuter route has become unreliable. This morning the scheduled bus did not arrive and many people were late for work. Could the route schedule and frequency be reviewed? I am mainly looking for a clear update and a practical solution. Location: Shimla, Himachal Pradesh. Please let me know if any additional details are required. Regards, A concerned citizen",,"Shimla, Himachal Pradesh",
EM000365,Email,2025-02-01 15:42:00,"The bus service on the route used by residents around {place} has become unreliable. This morning the scheduled bus did not arrive and many people were late for work. Dear Sir/Madam, I am a resident of the area and would like to raise a concern regarding a public service issue in Itanagar. The bus service on the route used by residents around the railway station has become unreliable. This morning the scheduled bus did not arrive and many people were late for work. Could the route schedule and frequency be reviewed? Location: Itanagar, Arunachal Pradesh. Kindly let me know what action can be taken. Regards, A concerned citizen",,"Itanagar, Arunachal Pradesh",
EM000366,Email,2025-01-22 00:35:00,"A bus stop near {place} does not have clear route information. New passengers often have to ask drivers which bus to take. Dear Sir/Madam, I would like to request your help regarding an issue in my locality regarding a public service issue in Srinagar. A bus stop near the central bus stand does not have clear route information. New passengers often have to ask drivers which bus to take. Could route and timetable information be displayed at the stop? Location: Srinagar, Jammu and Kashmir. I would appreciate an update when possible. Regards, A concerned citizen",,"Srinagar, Jammu and Kashmir",
EM000367,Email,2025-07-26 08:09:00,"Concern regarding A bus stop near {place} does not have clear route information. New passengers often have to ask drivers which bus to take. Dear Sir/Madam, I am writing to report an issue regarding a public service issue in Kochi. A bus stop near the central bus stand does not have clear route information. New passengers often have to ask drivers which bus to take. Could route and timetable information be displayed at the stop? Location: Kochi, Kerala. Kindly let me know what action can be taken. Regards, A concerned citizen",,"Kochi, Kerala",
EM000368,Email,2025-10-17 19:49:00,"A bus stop near {place} does not have clear route information. New passengers often have to ask drivers which bus to take. Dear Sir/Madam, I am writing after trying to get this issue resolved locally regarding a public service issue in Bhubaneswar. A bus stop near the city outskirts does not have clear route information. New passengers often have to ask drivers which bus to take. Could route and timetable information be displayed at the stop? I had also mentioned this to the local office, but I have not received a clear update. Location: Bhubaneswar, Odisha. Thank you for taking the time to read this. Regards, A concerned citizen",,"Bhubaneswar, Odisha",
EM000369,Email,2025-03-12 13:54:00,"There is no convenient public transport connection between our residential area and the main service centre in {place}. Dear Sir/Madam, I wanted to bring a problem to your notice regarding a public service issue in Srinagar. There is no convenient public transport connection between our residential area and the main service centre in our residential area. Could the department consider adding a route or improving the existing connection? I understand that some delays are unavoidable, but the current situation is becoming difficult. Location: Srinagar, Jammu and Kashmir. Kindly let me know what action can be taken. Regards, A concerned citizen",,"Srinagar, Jammu and Kashmir",
EM000370,Email,2025-03-04 03:53:00,"Request for assistance - A bus stop near {place} does not have clear route information. New passengers often have to ask drivers which bus to take. Dear Sir/Madam, I am writing to report an issue regarding a public service issue in Kohima. A bus stop near our residential area does not have clear route information. New passengers often have to ask drivers which bus to take. Could route and timetable information be displayed at the stop? I understand that some delays are unavoidable, but the current situation is becoming difficult. Location: Kohima, Nagaland. Kindly let me know what action can be taken. Regards, A concerned citizen",,"Kohima, Nagaland",
EM000371,Email,2025-04-24 11:27:00,"My train was delayed considerably while travelling from {place}. There was very little information available at the station, and passengers were unsure whether to continue waiting. Dear Sir/Madam, I am writing to report an issue regarding a public service issue in Ahmedabad. My train was delayed considerably while travelling from the railway station. There was very little information available at the station, and passengers were unsure whether to continue waiting. I request better announcements and timely updates during such delays. I understand that some delays are unavoidable, but the current situation is becoming difficult. Location: Ahmedabad, Gujarat. Kindly let me know what action can be taken. Regards, A concerned citizen",,"Ahmedabad, Gujarat",
EM000372,Email,2025-01-11 23:01:00,"A bus stop near {place} does not have clear route information. New passengers often have to ask drivers which bus to take. Dear Sir/Madam, I am writing to report an issue regarding a public service issue in Visakhapatnam. A bus stop near our residential area does not have clear route information. New passengers often have to ask drivers which bus to take. Could route and timetable information be displayed at the stop? I am attaching no personal documents; I only want the service issue to be addressed. Location: Visakhapatnam, Andhra Pradesh. I hope the department can look into this soon. Regards, A concerned citizen",,"Visakhapatnam, Andhra Pradesh",
EM000373,Email,2025-12-04 16:03:00,"The bus service on the route used by residents around {place} has become unreliable. This morning the scheduled bus did not arrive and many people were late for work. Dear Sir/Madam, I am not sure which department handles this, so I am writing here for assistance regarding a public service issue in Raipur. The bus service on the route used by residents around our residential area has become unreliable. This morning the scheduled bus did not arrive and many people were late for work. Could the route schedule and frequency be reviewed? I understand that some delays are unavoidable, but the current situation is becoming difficult. Location: Raipur, Chhattisgarh. I hope the department can look into this soon. Regards, A concerned citizen",,"Raipur, Chhattisgarh",
EM000374,Email,2025-10-31 07:59:00,"There is no convenient public transport connection between our residential area and the main service centre in {place}. Dear Sir/Madam, I would like to request your help regarding an issue in my locality regarding a public service issue in Aizawl. There is no convenient public transport connection between our residential area and the main service centre in the main commuter route. Could the department consider adding a route or improving the existing connection? I am mainly looking for a clear update and a practical solution. Location: Aizawl, Mizoram. I hope the department can look into this soon. Regards, A concerned citizen",,"Aizawl, Mizoram",
EM000375,Email,2025-01-20 13:23:00,"The bus service on the route used by residents around {place} has become unreliable. This morning the scheduled bus did not arrive and many people were late for work. Dear Sir/Madam, I am not sure which department handles this, so I am writing here for assistance regarding a public service issue in Aizawl. The bus service on the route used by residents around the main commuter route has become unreliable. This morning the scheduled bus did not arrive and many people were late for work. Could the route schedule and frequency be reviewed? Location: Aizawl, Mizoram. Thank you for taking the time to read this. Regards, A concerned citizen",,"Aizawl, Mizoram",
EM000376,Email,2025-09-06 22:30:00,"The bus service on the route used by residents around {place} has become unreliable. This morning the scheduled bus did not arrive and many people were late for work. Dear Sir/Madam, I would like to request your help regarding an issue in my locality regarding a public service issue in Imphal. The bus service on the route used by residents around the main commuter route has become unreliable. This morning the scheduled bus did not arrive and many people were late for work. Could the route schedule and frequency be reviewed? I am attaching no personal documents; I only want the service issue to be addressed. Location: Imphal, Manipur. Please let me know if any additional details are required. Regards, A concerned citizen",,"Imphal, Manipur",
EM000377,Email,2025-10-22 11:34:00,"The bus service on the route used by residents around {place} has become unreliable. This morning the scheduled bus did not arrive and many people were late for work. Dear Sir/Madam, I am not sure which department handles this, so I am writing here for assistance regarding a public service issue in Panaji. The bus service on the route used by residents around the central bus stand has become unreliable. This morning the scheduled bus did not arrive and many people were late for work. Could the route schedule and frequency be reviewed? I understand that some delays are unavoidable, but the current situation is becoming difficult. Location: Panaji, Goa. Thank you for taking the time to read this. Regards, A concerned citizen",,"Panaji, Goa",
EM000378,Email,2025-03-19 06:37:00,"There is no convenient public transport connection between our residential area and the main service centre in {place}. Dear Sir/Madam, I am writing after trying to get this issue resolved locally regarding a public service issue in Gangtok. There is no convenient public transport connection between our residential area and the main service centre in the railway station. Could the department consider adding a route or improving the existing connection? I understand that some delays are unavoidable, but the current situation is becoming difficult. Location: Gangtok, Sikkim. I hope the department can look into this soon. Regards, A concerned citizen",,"Gangtok, Sikkim",
EM000379,Email,2025-06-25 16:13:00,"I travel by public transport from {place} every day. Buses are extremely crowded during the morning peak and sometimes two buses pass without stopping. Dear Sir/Madam, I am not sure which department handles this, so I am writing here for assistance regarding a public service issue in Bhopal. I travel by public transport from the main commuter route every day. Buses are extremely crowded during the morning peak and sometimes two buses pass without stopping. Please consider adding services during peak hours. I had also mentioned this to the local office, but I have not received a clear update. Location: Bhopal, Madhya Pradesh. I would appreciate an update when possible. Regards, A concerned citizen",,"Bhopal, Madhya Pradesh",
EM000380,Email,2025-03-26 14:22:00,"My train was delayed considerably while travelling from {place}. There was very little information available at the station, and passengers were unsure whether to continue waiting. Dear Sir/Madam, I am writing after trying to get this issue resolved locally regarding a public service issue in Kohima. My train was delayed considerably while travelling from the main commuter route. There was very little information available at the station, and passengers were unsure whether to continue waiting. I request better announcements and timely updates during such delays. I had also mentioned this to the local office, but I have not received a clear update. Location: Kohima, Nagaland. Please acknowledge the complaint and advise me on the next step. Regards, A concerned citizen",,"Kohima, Nagaland",
EM000381,Email,2025-02-16 18:33:00,"There is no convenient public transport connection between our residential area and the main service centre in {place}. Dear Sir/Madam, I wanted to bring a problem to your notice regarding a public service issue in Aizawl. There is no convenient public transport connection between our residential area and the main service centre in the main commuter route. Could the department consider adding a route or improving the existing connection? Location: Aizawl, Mizoram. I would appreciate an update when possible. Regards, A concerned citizen",,"Aizawl, Mizoram",
EM000382,Email,2025-01-24 08:42:00,"My train was delayed considerably while travelling from {place}. There was very little information available at the station, and passengers were unsure whether to continue waiting. Dear Sir/Madam, I am contacting your department because I have been facing a problem regarding a public service issue in Hyderabad. My train was delayed considerably while travelling from the railway station. There was very little information available at the station, and passengers were unsure whether to continue waiting. I request better announcements and timely updates during such delays. Location: Hyderabad, Telangana. Please acknowledge the complaint and advise me on the next step. Regards, A concerned citizen",,"Hyderabad, Telangana",
EM000383,Email,2025-01-27 08:27:00,"I travel by public transport from {place} every day. Buses are extremely crowded during the morning peak and sometimes two buses pass without stopping. Dear Sir/Madam, I am writing to report an issue regarding a public service issue in Pune. I travel by public transport from the main commuter route every day. Buses are extremely crowded during the morning peak and sometimes two buses pass without stopping. Please consider adding services during peak hours. I am attaching no personal documents; I only want the service issue to be addressed. Location: Pune, Maharashtra. I would appreciate an update when possible. Regards, A concerned citizen",,"Pune, Maharashtra",
EM000384,Email,2025-06-20 08:58:00,"Follow-up: I travel by public transport from {place} every day. Buses are extremely crowded during the morning peak and sometimes two buses pass without stopping. Dear Sir/Madam, I wanted to bring a problem to your notice regarding a public service issue in Shillong. I travel by public transport from the main commuter route every day. Buses are extremely crowded during the morning peak and sometimes two buses pass without stopping. Please consider adding services during peak hours. Location: Shillong, Meghalaya. I hope the department can look into this soon. Regards, A concerned citizen",,"Shillong, Meghalaya",
EM000385,Email,2025-12-08 17:26:00,"There is no convenient public transport connection between our residential area and the main service centre in {place}. Dear Sir/Madam, I am writing after trying to get this issue resolved locally regarding a public service issue in Bengaluru. There is no convenient public transport connection between our residential area and the main service centre in the city outskirts. Could the department consider adding a route or improving the existing connection? Location: Bengaluru, Karnataka. Please acknowledge the complaint and advise me on the next step. Regards, A concerned citizen",,"Bengaluru, Karnataka",
EM000386,Email,2025-08-18 20:11:00,"I travel by public transport from {place} every day. Buses are extremely crowded during the morning peak and sometimes two buses pass without stopping. Dear Sir/Madam, I would like to request your help regarding an issue in my locality regarding a public service issue in Guwahati. I travel by public transport from the main commuter route every day. Buses are extremely crowded during the morning peak and sometimes two buses pass without stopping. Please consider adding services during peak hours. I am mainly looking for a clear update and a practical solution. Location: Guwahati, Assam. Please let me know if any additional details are required. Regards, A concerned citizen",,"Guwahati, Assam",
EM000387,Email,2025-09-04 13:13:00,"A bus stop near {place} does not have clear route information. New passengers often have to ask drivers which bus to take. Dear Sir/Madam, I wanted to bring a problem to your notice regarding a public service issue in Jaipur. A bus stop near the central bus stand does not have clear route information. New passengers often have to ask drivers which bus to take. Could route and timetable information be displayed at the stop? Location: Jaipur, Rajasthan. Thank you for taking the time to read this. Regards, A concerned citizen",,"Jaipur, Rajasthan",
EM000388,Email,2025-03-26 15:44:00,"My train was delayed considerably while travelling from {place}. There was very little information available at the station, and passengers were unsure whether to continue waiting. Dear Sir/Madam, I am a resident of the area and would like to raise a concern regarding a public service issue in Visakhapatnam. My train was delayed considerably while travelling from our residential area. There was very little information available at the station, and passengers were unsure whether to continue waiting. I request better announcements and timely updates during such delays. Location: Visakhapatnam, Andhra Pradesh. I would appreciate an update when possible. Regards, A concerned citizen",,"Visakhapatnam, Andhra Pradesh",
EM000389,Email,2025-12-20 03:50:00,"Follow-up: The bus service on the route used by residents around {place} has become unreliable. This morning the scheduled bus did not arrive and many people were late for work. Dear Sir/Madam, I am writing to report an issue regarding a public service issue in Pune. The bus service on the route used by residents around the main commuter route has become unreliable. This morning the scheduled bus did not arrive and many people were late for work. Could the route schedule and frequency be reviewed? Location: Pune, Maharashtra. Thank you for taking the time to read this. Regards, A concerned citizen",,"Pune, Maharashtra",
EM000390,Email,2025-09-09 22:59:00,"Follow-up: My train was delayed considerably while travelling from {place}. There was very little information available at the station, and passengers were unsure whether to continue waiting. Dear Sir/Madam, I am writing after trying to get this issue resolved locally regarding a public service issue in Aizawl. My train was delayed considerably while travelling from the central bus stand. There was very little information available at the station, and passengers were unsure whether to continue waiting. I request better announcements and timely updates during such delays. Location: Aizawl, Mizoram. Thank you for taking the time to read this. Regards, A concerned citizen",,"Aizawl, Mizoram",
EM000391,Email,2025-08-09 14:25:00,"Follow-up: There is no convenient public transport connection between our residential area and the main service centre in {place}. Dear Sir/Madam, I would like to request your help regarding an issue in my locality regarding a public service issue in Visakhapatnam. There is no convenient public transport connection between our residential area and the main service centre in our residential area. Could the department consider adding a route or improving the existing connection? Location: Visakhapatnam, Andhra Pradesh. I would appreciate an update when possible. Regards, A concerned citizen",,"Visakhapatnam, Andhra Pradesh",
EM000392,Email,2025-02-28 20:18:00,"Request for assistance - There is no convenient public transport connection between our residential area and the main service centre in {place}. Dear Sir/Madam, I am contacting your department because I have been facing a problem regarding a public service issue in Raipur. There is no convenient public transport connection between our residential area and the main service centre in the main commuter route. Could the department consider adding a route or improving the existing connection? This is not the first time we have faced this problem. Location: Raipur, Chhattisgarh. Thank you for taking the time to read this. Regards, A concerned citizen",,"Raipur, Chhattisgarh",
EM000393,Email,2025-11-07 07:12:00,"The bus service on the route used by residents around {place} has become unreliable. This morning the scheduled bus did not arrive and many people were late for work. Dear Sir/Madam, I wanted to check whether someone could look into the following matter regarding a public service issue in Bengaluru. The bus service on the route used by residents around our residential area has become unreliable. This morning the scheduled bus did not arrive and many people were late for work. Could the route schedule and frequency be reviewed? Location: Bengaluru, Karnataka. I hope the department can look into this soon. Regards, A concerned citizen",,"Bengaluru, Karnataka",
EM000394,Email,2025-07-21 05:58:00,"My train was delayed considerably while travelling from {place}. There was very little information available at the station, and passengers were unsure whether to continue waiting. Dear Sir/Madam, I wanted to bring a problem to your notice regarding a public service issue in Kochi. My train was delayed considerably while travelling from the central bus stand. There was very little information available at the station, and passengers were unsure whether to continue waiting. I request better announcements and timely updates during such delays. I am mainly looking for a clear update and a practical solution. Location: Kochi, Kerala. Please acknowledge the complaint and advise me on the next step. Regards, A concerned citizen",,"Kochi, Kerala",
EM000395,Email,2025-02-12 18:12:00,"Concern regarding My train was delayed considerably while travelling from {place}. There was very little information available at the station, and passengers were unsure whether to continue waiting. Dear Sir/Madam, I wanted to bring a problem to your notice regarding a public service issue in Aizawl. My train was delayed considerably while travelling from the railway station. There was very little information available at the station, and passengers were unsure whether to continue waiting. I request better announcements and timely updates during such delays. This is not the first time we have faced this problem. Location: Aizawl, Mizoram. Thank you for taking the time to read this. Regards, A concerned citizen",,"Aizawl, Mizoram",
EM000396,Email,2025-09-06 22:49:00,"My train was delayed considerably while travelling from {place}. There was very little information available at the station, and passengers were unsure whether to continue waiting. Dear Sir/Madam, I am writing after trying to get this issue resolved locally regarding a public service issue in Panaji. My train was delayed considerably while travelling from our residential area. There was very little information available at the station, and passengers were unsure whether to continue waiting. I request better announcements and timely updates during such delays. I am attaching no personal documents; I only want the service issue to be addressed. Location: Panaji, Goa. Kindly let me know what action can be taken. Regards, A concerned citizen",,"Panaji, Goa",
EM000397,Email,2025-04-20 06:26:00,"A bus stop near {place} does not have clear route information. New passengers often have to ask drivers which bus to take. Dear Sir/Madam, I am writing after trying to get this issue resolved locally regarding a public service issue in Jaipur. A bus stop near the city outskirts does not have clear route information. New passengers often have to ask drivers which bus to take. Could route and timetable information be displayed at the stop? I am attaching no personal documents; I only want the service issue to be addressed. Location: Jaipur, Rajasthan. Please let me know if any additional details are required. Regards, A concerned citizen",,"Jaipur, Rajasthan",
EM000398,Email,2025-08-25 11:19:00,"Concern regarding I travel by public transport from {place} every day. Buses are extremely crowded during the morning peak and sometimes two buses pass without stopping. Dear Sir/Madam, I am a resident of the area and would like to raise a concern regarding a public service issue in Kochi. I travel by public transport from our residential area every day. Buses are extremely crowded during the morning peak and sometimes two buses pass without stopping. Please consider adding services during peak hours. Location: Kochi, Kerala. Kindly let me know what action can be taken. Regards, A concerned citizen",,"Kochi, Kerala",
EM000399,Email,2025-03-11 01:42:00,"Request for assistance - A bus stop near {place} does not have clear route information. New passengers often have to ask drivers which bus to take. Dear Sir/Madam, I am contacting your department because I have been facing a problem regarding a public service issue in Visakhapatnam. A bus stop near the railway station does not have clear route information. New passengers often have to ask drivers which bus to take. Could route and timetable information be displayed at the stop? Location: Visakhapatnam, Andhra Pradesh. Kindly let me know what action can be taken. Regards, A concerned citizen",,"Visakhapatnam, Andhra Pradesh",
EM000400,Email,2025-06-05 03:49:00,"Follow-up: The bus service on the route used by residents around {place} has become unreliable. This morning the scheduled bus did not arrive and many people were late for work. Dear Sir/Madam, I would like to request your help regarding an issue in my locality regarding a public service issue in Kochi. The bus service on the route used by residents around the central bus stand has become unreliable. This morning the scheduled bus did not arrive and many people were late for work. Could the route schedule and frequency be reviewed? Location: Kochi, Kerala. Please let me know if any additional details are required. Regards, A concerned citizen",,"Kochi, Kerala",
EM000401,Email,2025-04-15 16:48:00,"Request for assistance - The bus service on the route used by residents around {place} has become unreliable. This morning the scheduled bus did not arrive and many people were late for work. Dear Sir/Madam, I would like to request your help regarding an issue in my locality regarding a public service issue in Bengaluru. The bus service on the route used by residents around the railway station has become unreliable. This morning the scheduled bus did not arrive and many people were late for work. Could the route schedule and frequency be reviewed? I am mainly looking for a clear update and a practical solution. Location: Bengaluru, Karnataka. Kindly let me know what action can be taken. Regards, A concerned citizen",,"Bengaluru, Karnataka",
EM000402,Email,2025-03-02 01:46:00,"I travel by public transport from {place} every day. Buses are extremely crowded during the morning peak and sometimes two buses pass without stopping. Dear Sir/Madam, I am contacting your department because I have been facing a problem regarding a public service issue in Pune. I travel by public transport from the city outskirts every day. Buses are extremely crowded during the morning peak and sometimes two buses pass without stopping. Please consider adding services during peak hours. I understand that some delays are unavoidable, but the current situation is becoming difficult. Location: Pune, Maharashtra. Thank you for taking the time to read this. Regards, A concerned citizen",,"Pune, Maharashtra",
EM000403,Email,2025-02-09 07:54:00,"I travel by public transport from {place} every day. Buses are extremely crowded during the morning peak and sometimes two buses pass without stopping. Dear Sir/Madam, I am a resident of the area and would like to raise a concern regarding a public service issue in Kochi. I travel by public transport from the city outskirts every day. Buses are extremely crowded during the morning peak and sometimes two buses pass without stopping. Please consider adding services during peak hours. I am attaching no personal documents; I only want the service issue to be addressed. Location: Kochi, Kerala. Kindly let me know what action can be taken. Regards, A concerned citizen",,"Kochi, Kerala",
EM000404,Email,2025-01-30 01:52:00,"Request for assistance - I travel by public transport from {place} every day. Buses are extremely crowded during the morning peak and sometimes two buses pass without stopping. Dear Sir/Madam, I would like to request your help regarding an issue in my locality regarding a public service issue in Srinagar. I travel by public transport from the central bus stand every day. Buses are extremely crowded during the morning peak and sometimes two buses pass without stopping. Please consider adding services during peak hours. Location: Srinagar, Jammu and Kashmir. Please acknowledge the complaint and advise me on the next step. Regards, A concerned citizen",,"Srinagar, Jammu and Kashmir",
EM000405,Email,2025-11-18 18:14:00,"Follow-up: A bus stop near {place} does not have clear route information. New passengers often have to ask drivers which bus to take. Dear Sir/Madam, I am writing to report an issue regarding a public service issue in Bhopal. A bus stop near the city outskirts does not have clear route information. New passengers often have to ask drivers which bus to take. Could route and timetable information be displayed at the stop? Location: Bhopal, Madhya Pradesh. Kindly let me know what action can be taken. Regards, A concerned citizen",,"Bhopal, Madhya Pradesh",
EM000406,Email,2025-08-15 02:42:00,"There is no convenient public transport connection between our residential area and the main service centre in {place}. Dear Sir/Madam, I am not sure which department handles this, so I am writing here for assistance regarding a public service issue in Guwahati. There is no convenient public transport connection between our residential area and the main service centre in the railway station. Could the department consider adding a route or improving the existing connection? This is not the first time we have faced this problem. Location: Guwahati, Assam. Thank you for taking the time to read this. Regards, A concerned citizen",,"Guwahati, Assam",
EM000407,Email,2025-09-30 14:36:00,"Concern regarding My train was delayed considerably while travelling from {place}. There was very little information available at the station, and passengers were unsure whether to continue waiting. Dear Sir/Madam, I would like to request your help regarding an issue in my locality regarding a public service issue in Ahmedabad. My train was delayed considerably while travelling from the railway station. There was very little information available at the station, and passengers were unsure whether to continue waiting. I request better announcements and timely updates during such delays. This is not the first time we have faced this problem. Location: Ahmedabad, Gujarat. I would appreciate an update when possible. Regards, A concerned citizen",,"Ahmedabad, Gujarat",
EM000408,Email,2025-10-28 19:52:00,"My train was delayed considerably while travelling from {place}. There was very little information available at the station, and passengers were unsure whether to continue waiting. Dear Sir/Madam, I am writing after trying to get this issue resolved locally regarding a public service issue in Shillong. My train was delayed considerably while travelling from the railway station. There was very little information available at the station, and passengers were unsure whether to continue waiting. I request better announcements and timely updates during such delays. I am attaching no personal documents; I only want the service issue to be addressed. Location: Shillong, Meghalaya. Thank you for taking the time to read this. Regards, A concerned citizen",,"Shillong, Meghalaya",
EM000409,Email,2025-07-26 17:04:00,"My train was delayed considerably while travelling from {place}. There was very little information available at the station, and passengers were unsure whether to continue waiting. Dear Sir/Madam, I would like to request your help regarding an issue in my locality regarding a public service issue in Panaji. My train was delayed considerably while travelling from the city outskirts. There was very little information available at the station, and passengers were unsure whether to continue waiting. I request better announcements and timely updates during such delays. I understand that some delays are unavoidable, but the current situation is becoming difficult. Location: Panaji, Goa. Please let me know if any additional details are required. Regards, A concerned citizen",,"Panaji, Goa",
EM000410,Email,2025-05-22 05:50:00,"Concern regarding The bus service on the route used by residents around {place} has become unreliable. This morning the scheduled bus did not arrive and many people were late for work. Dear Sir/Madam, I am not sure which department handles this, so I am writing here for assistance regarding a public service issue in Agartala. The bus service on the route used by residents around the main commuter route has become unreliable. This morning the scheduled bus did not arrive and many people were late for work. Could the route schedule and frequency be reviewed? I am mainly looking for a clear update and a practical solution. Location: Agartala, Tripura. Thank you for taking the time to read this. Regards, A concerned citizen",,"Agartala, Tripura",
EM000411,Email,2025-03-29 13:04:00,"I travel by public transport from {place} every day. Buses are extremely crowded during the morning peak and sometimes two buses pass without stopping. Dear Sir/Madam, I am writing after trying to get this issue resolved locally regarding a public service issue in Coimbatore. I travel by public transport from the central bus stand every day. Buses are extremely crowded during the morning peak and sometimes two buses pass without stopping. Please consider adding services during peak hours. Location: Coimbatore, Tamil Nadu. I hope the department can look into this soon. Regards, A concerned citizen",,"Coimbatore, Tamil Nadu",
EM000412,Email,2025-03-20 22:44:00,"A bus stop near {place} does not have clear route information. New passengers often have to ask drivers which bus to take. Dear Sir/Madam, I am writing after trying to get this issue resolved locally regarding a public service issue in Gurugram. A bus stop near the central bus stand does not have clear route information. New passengers often have to ask drivers which bus to take. Could route and timetable information be displayed at the stop? I had also mentioned this to the local office, but I have not received a clear update. Location: Gurugram, Haryana. I would appreciate an update when possible. Regards, A concerned citizen",,"Gurugram, Haryana",
EM000413,Email,2025-12-20 05:17:00,"A bus stop near {place} does not have clear route information. New passengers often have to ask drivers which bus to take. Dear Sir/Madam, I would like to request your help regarding an issue in my locality regarding a public service issue in Aizawl. A bus stop near the railway station does not have clear route information. New passengers often have to ask drivers which bus to take. Could route and timetable information be displayed at the stop? Location: Aizawl, Mizoram. Please acknowledge the complaint and advise me on the next step. Regards, A concerned citizen",,"Aizawl, Mizoram",
EM000414,Email,2025-10-17 08:22:00,"There is no convenient public transport connection between our residential area and the main service centre in {place}. Dear Sir/Madam, I am writing after trying to get this issue resolved locally regarding a public service issue in Ahmedabad. There is no convenient public transport connection between our residential area and the main service centre in the central bus stand. Could the department consider adding a route or improving the existing connection? This is not the first time we have faced this problem. Location: Ahmedabad, Gujarat. I would appreciate an update when possible. Regards, A concerned citizen",,"Ahmedabad, Gujarat",
EM000415,Email,2025-06-22 15:28:00,"I travel by public transport from {place} every day. Buses are extremely crowded during the morning peak and sometimes two buses pass without stopping. Dear Sir/Madam, I would like to request your help regarding an issue in my locality regarding a public service issue in Aizawl. I travel by public transport from our residential area every day. Buses are extremely crowded during the morning peak and sometimes two buses pass without stopping. Please consider adding services during peak hours. I am mainly looking for a clear update and a practical solution. Location: Aizawl, Mizoram. Kindly let me know what action can be taken. Regards, A concerned citizen",,"Aizawl, Mizoram",
EM000416,Email,2025-01-01 09:27:00,"The bus service on the route used by residents around {place} has become unreliable. This morning the scheduled bus did not arrive and many people were late for work. Dear Sir/Madam, I am writing to report an issue regarding a public service issue in Puducherry. The bus service on the route used by residents around the railway station has become unreliable. This morning the scheduled bus did not arrive and many people were late for work. Could the route schedule and frequency be reviewed? I am mainly looking for a clear update and a practical solution. Location: Puducherry, Puducherry. I would appreciate an update when possible. Regards, A concerned citizen",,"Puducherry, Puducherry",
EM000417,Email,2025-02-12 11:10:00,"Follow-up: I travel by public transport from {place} every day. Buses are extremely crowded during the morning peak and sometimes two buses pass without stopping. Dear Sir/Madam, I wanted to bring a problem to your notice regarding a public service issue in Ahmedabad. I travel by public transport from the city outskirts every day. Buses are extremely crowded during the morning peak and sometimes two buses pass without stopping. Please consider adding services during peak hours. This is not the first time we have faced this problem. Location: Ahmedabad, Gujarat. I would appreciate an update when possible. Regards, A concerned citizen",,"Ahmedabad, Gujarat",
EM000418,Email,2025-07-02 04:52:00,"My train was delayed considerably while travelling from {place}. There was very little information available at the station, and passengers were unsure whether to continue waiting. Dear Sir/Madam, I am contacting your department because I have been facing a problem regarding a public service issue in Raipur. My train was delayed considerably while travelling from the city outskirts. There was very little information available at the station, and passengers were unsure whether to continue waiting. I request better announcements and timely updates during such delays. Location: Raipur, Chhattisgarh. I hope the department can look into this soon. Regards, A concerned citizen",,"Raipur, Chhattisgarh",
EM000419,Email,2025-02-12 13:03:00,"My train was delayed considerably while travelling from {place}. There was very little information available at the station, and passengers were unsure whether to continue waiting. Dear Sir/Madam, I wanted to check whether someone could look into the following matter regarding a public service issue in Bhopal. My train was delayed considerably while travelling from the city outskirts. There was very little information available at the station, and passengers were unsure whether to continue waiting. I request better announcements and timely updates during such delays. Location: Bhopal, Madhya Pradesh. I hope the department can look into this soon. Regards, A concerned citizen",,"Bhopal, Madhya Pradesh",
EM000420,Email,2025-07-11 09:16:00,"Concern regarding My train was delayed considerably while travelling from {place}. There was very little information available at the station, and passengers were unsure whether to continue waiting. Dear Sir/Madam, I am contacting your department because I have been facing a problem regarding a public service issue in Leh. My train was delayed considerably while travelling from the central bus stand. There was very little information available at the station, and passengers were unsure whether to continue waiting. I request better announcements and timely updates during such delays. Location: Leh, Ladakh. I would appreciate an update when possible. Regards, A concerned citizen",,"Leh, Ladakh",
EM000421,Email,2025-12-15 08:30:00,"My train was delayed considerably while travelling from {place}. There was very little information available at the station, and passengers were unsure whether to continue waiting. Dear Sir/Madam, I am not sure which department handles this, so I am writing here for assistance regarding a public service issue in Gurugram. My train was delayed considerably while travelling from the railway station. There was very little information available at the station, and passengers were unsure whether to continue waiting. I request better announcements and timely updates during such delays. I am attaching no personal documents; I only want the service issue to be addressed. Location: Gurugram, Haryana. Kindly let me know what action can be taken. Regards, A concerned citizen",,"Gurugram, Haryana",
EM000422,Email,2025-07-11 09:26:00,"My train was delayed considerably while travelling from {place}. There was very little information available at the station, and passengers were unsure whether to continue waiting. Dear Sir/Madam, I wanted to check whether someone could look into the following matter regarding a public service issue in Lucknow. My train was delayed considerably while travelling from the main commuter route. There was very little information available at the station, and passengers were unsure whether to continue waiting. I request better announcements and timely updates during such delays. This is not the first time we have faced this problem. Location: Lucknow, Uttar Pradesh. Kindly let me know what action can be taken. Regards, A concerned citizen",,"Lucknow, Uttar Pradesh",
EM000423,Email,2025-11-04 02:26:00,"There is no convenient public transport connection between our residential area and the main service centre in {place}. Dear Sir/Madam, I am writing to report an issue regarding a public service issue in Chandigarh. There is no convenient public transport connection between our residential area and the main service centre in the central bus stand. Could the department consider adding a route or improving the existing connection? This is not the first time we have faced this problem. Location: Chandigarh, Chandigarh. Thank you for taking the time to read this. Regards, A concerned citizen",,"Chandigarh, Chandigarh",
EM000424,Email,2025-08-04 07:56:00,"Request for assistance - A bus stop near {place} does not have clear route information. New passengers often have to ask drivers which bus to take. Dear Sir/Madam, I would like to request your help regarding an issue in my locality regarding a public service issue in Imphal. A bus stop near the railway station does not have clear route information. New passengers often have to ask drivers which bus to take. Could route and timetable information be displayed at the stop? I understand that some delays are unavoidable, but the current situation is becoming difficult. Location: Imphal, Manipur. I would appreciate an update when possible. Regards, A concerned citizen",,"Imphal, Manipur",
EM000425,Email,2025-12-27 23:57:00,"The bus service on the route used by residents around {place} has become unreliable. This morning the scheduled bus did not arrive and many people were late for work. Dear Sir/Madam, I am writing to report an issue regarding a public service issue in Imphal. The bus service on the route used by residents around our residential area has become unreliable. This morning the scheduled bus did not arrive and many people were late for work. Could the route schedule and frequency be reviewed? I understand that some delays are unavoidable, but the current situation is becoming difficult. Location: Imphal, Manipur. Please let me know if any additional details are required. Regards, A concerned citizen",,"Imphal, Manipur",
EM000426,Email,2025-10-10 20:43:00,"Request for assistance - A bus stop near {place} does not have clear route information. New passengers often have to ask drivers which bus to take. Dear Sir/Madam, I am a resident of the area and would like to raise a concern regarding a public service issue in Shillong. A bus stop near the main commuter route does not have clear route information. New passengers often have to ask drivers which bus to take. Could route and timetable information be displayed at the stop? I am mainly looking for a clear update and a practical solution. Location: Shillong, Meghalaya. Please let me know if any additional details are required. Regards, A concerned citizen",,"Shillong, Meghalaya",
EM000427,Email,2025-10-04 21:02:00,"My train was delayed considerably while travelling from {place}. There was very little information available at the station, and passengers were unsure whether to continue waiting. Dear Sir/Madam, I am contacting your department because I have been facing a problem regarding a public service issue in Bengaluru. My train was delayed considerably while travelling from the central bus stand. There was very little information available at the station, and passengers were unsure whether to continue waiting. I request better announcements and timely updates during such delays. Location: Bengaluru, Karnataka. Please acknowledge the complaint and advise me on the next step. Regards, A concerned citizen",,"Bengaluru, Karnataka",
EM000428,Email,2025-10-29 06:05:00,"Request for assistance - There is no convenient public transport connection between our residential area and the main service centre in {place}. Dear Sir/Madam, I am writing after trying to get this issue resolved locally regarding a public service issue in Raipur. There is no convenient public transport connection between our residential area and the main service centre in the main commuter route. Could the department consider adding a route or improving the existing connection? Location: Raipur, Chhattisgarh. Please let me know if any additional details are required. Regards, A concerned citizen",,"Raipur, Chhattisgarh",
EM000429,Email,2025-10-23 08:44:00,"A bus stop near {place} does not have clear route information. New passengers often have to ask drivers which bus to take. Dear Sir/Madam, I am a resident of the area and would like to raise a concern regarding a public service issue in Bhopal. A bus stop near the railway station does not have clear route information. New passengers often have to ask drivers which bus to take. Could route and timetable information be displayed at the stop? I had also mentioned this to the local office, but I have not received a clear update. Location: Bhopal, Madhya Pradesh. Thank you for taking the time to read this. Regards, A concerned citizen",,"Bhopal, Madhya Pradesh",
EM000430,Email,2025-12-28 10:36:00,"Request for assistance - The bus service on the route used by residents around {place} has become unreliable. This morning the scheduled bus did not arrive and many people were late for work. Dear Sir/Madam, I would like to request your help regarding an issue in my locality regarding a public service issue in Bengaluru. The bus service on the route used by residents around the railway station has become unreliable. This morning the scheduled bus did not arrive and many people were late for work. Could the route schedule and frequency be reviewed? I am mainly looking for a clear update and a practical solution. Location: Bengaluru, Karnataka. Please acknowledge the complaint and advise me on the next step. Regards, A concerned citizen",,"Bengaluru, Karnataka",
EM000431,Email,2025-09-07 00:23:00,"Request for assistance - My train was delayed considerably while travelling from {place}. There was very little information available at the station, and passengers were unsure whether to continue waiting. Dear Sir/Madam, I am a resident of the area and would like to raise a concern regarding a public service issue in Ludhiana. My train was delayed considerably while travelling from our residential area. There was very little information available at the station, and passengers were unsure whether to continue waiting. I request better announcements and timely updates during such delays. Location: Ludhiana, Punjab. Please let me know if any additional details are required. Regards, A concerned citizen",,"Ludhiana, Punjab",
EM000432,Email,2025-07-03 12:18:00,"The bus service on the route used by residents around {place} has become unreliable. This morning the scheduled bus did not arrive and many people were late for work. Dear Sir/Madam, I am a resident of the area and would like to raise a concern regarding a public service issue in Coimbatore. The bus service on the route used by residents around the central bus stand has become unreliable. This morning the scheduled bus did not arrive and many people were late for work. Could the route schedule and frequency be reviewed? This is not the first time we have faced this problem. Location: Coimbatore, Tamil Nadu. Kindly let me know what action can be taken. Regards, A concerned citizen",,"Coimbatore, Tamil Nadu",
EM000433,Email,2025-05-08 11:00:00,"Request for assistance - A bus stop near {place} does not have clear route information. New passengers often have to ask drivers which bus to take. Dear Sir/Madam, I wanted to bring a problem to your notice regarding a public service issue in Shillong. A bus stop near the railway station does not have clear route information. New passengers often have to ask drivers which bus to take. Could route and timetable information be displayed at the stop? I understand that some delays are unavoidable, but the current situation is becoming difficult. Location: Shillong, Meghalaya. I would appreciate an update when possible. Regards, A concerned citizen",,"Shillong, Meghalaya",
EM000434,Email,2025-10-06 17:07:00,"I travel by public transport from {place} every day. Buses are extremely crowded during the morning peak and sometimes two buses pass without stopping. Dear Sir/Madam, I am contacting your department because I have been facing a problem regarding a public service issue in Aizawl. I travel by public transport from the main commuter route every day. Buses are extremely crowded during the morning peak and sometimes two buses pass without stopping. Please consider adding services during peak hours. I understand that some delays are unavoidable, but the current situation is becoming difficult. Location: Aizawl, Mizoram. Please acknowledge the complaint and advise me on the next step. Regards, A concerned citizen",,"Aizawl, Mizoram",
EM000435,Email,2025-02-17 21:02:00,"I travel by public transport from {place} every day. Buses are extremely crowded during the morning peak and sometimes two buses pass without stopping. Dear Sir/Madam, I wanted to bring a problem to your notice regarding a public service issue in Aizawl. I travel by public transport from the railway station every day. Buses are extremely crowded during the morning peak and sometimes two buses pass without stopping. Please consider adding services during peak hours. I am attaching no personal documents; I only want the service issue to be addressed. Location: Aizawl, Mizoram. Thank you for taking the time to read this. Regards, A concerned citizen",,"Aizawl, Mizoram",
EM000436,Email,2025-04-09 06:12:00,"Concern regarding My train was delayed considerably while travelling from {place}. There was very little information available at the station, and passengers were unsure whether to continue waiting. Dear Sir/Madam, I wanted to check whether someone could look into the following matter regarding a public service issue in Visakhapatnam. My train was delayed considerably while travelling from our residential area. There was very little information available at the station, and passengers were unsure whether to continue waiting. I request better announcements and timely updates during such delays. Location: Visakhapatnam, Andhra Pradesh. I hope the department can look into this soon. Regards, A concerned citizen",,"Visakhapatnam, Andhra Pradesh",
EM000437,Email,2025-07-08 13:31:00,"Follow-up: I travel by public transport from {place} every day. Buses are extremely crowded during the morning peak and sometimes two buses pass without stopping. Dear Sir/Madam, I am writing after trying to get this issue resolved locally regarding a public service issue in Ludhiana. I travel by public transport from the railway station every day. Buses are extremely crowded during the morning peak and sometimes two buses pass without stopping. Please consider adding services during peak hours. Location: Ludhiana, Punjab. Thank you for taking the time to read this. Regards, A concerned citizen",,"Ludhiana, Punjab",
EM000438,Email,2025-05-23 15:37:00,"A bus stop near {place} does not have clear route information. New passengers often have to ask drivers which bus to take. Dear Sir/Madam, I am a resident of the area and would like to raise a concern regarding a public service issue in Coimbatore. A bus stop near the main commuter route does not have clear route information. New passengers often have to ask drivers which bus to take. Could route and timetable information be displayed at the stop? I am mainly looking for a clear update and a practical solution. Location: Coimbatore, Tamil Nadu. I would appreciate an update when possible. Regards, A concerned citizen",,"Coimbatore, Tamil Nadu",
EM000439,Email,2025-04-25 14:58:00,"Request for assistance - A bus stop near {place} does not have clear route information. New passengers often have to ask drivers which bus to take. Dear Sir/Madam, I am a resident of the area and would like to raise a concern regarding a public service issue in New Delhi. A bus stop near the railway station does not have clear route information. New passengers often have to ask drivers which bus to take. Could route and timetable information be displayed at the stop? Location: New Delhi, Delhi. Please let me know if any additional details are required. Regards, A concerned citizen",,"New Delhi, Delhi",
EM000440,Email,2025-04-09 14:41:00,"There is no convenient public transport connection between our residential area and the main service centre in {place}. Dear Sir/Madam, I am not sure which department handles this, so I am writing here for assistance regarding a public service issue in Gangtok. There is no convenient public transport connection between our residential area and the main service centre in our residential area. Could the department consider adding a route or improving the existing connection? I understand that some delays are unavoidable, but the current situation is becoming difficult. Location: Gangtok, Sikkim. I would appreciate an update when possible. Regards, A concerned citizen",,"Gangtok, Sikkim",
EM000441,Email,2025-08-15 05:37:00,"My train was delayed considerably while travelling from {place}. There was very little information available at the station, and passengers were unsure whether to continue waiting. Dear Sir/Madam, I am writing after trying to get this issue resolved locally regarding a public service issue in Chandigarh. My train was delayed considerably while travelling from the railway station. There was very little information available at the station, and passengers were unsure whether to continue waiting. I request better announcements and timely updates during such delays. This is not the first time we have faced this problem. Location: Chandigarh, Chandigarh. Please acknowledge the complaint and advise me on the next step. Regards, A concerned citizen",,"Chandigarh, Chandigarh",
EM000442,Email,2025-05-05 16:50:00,"There is no convenient public transport connection between our residential area and the main service centre in {place}. Dear Sir/Madam, I wanted to check whether someone could look into the following matter regarding a public service issue in Kochi. There is no convenient public transport connection between our residential area and the main service centre in the city outskirts. Could the department consider adding a route or improving the existing connection? This is not the first time we have faced this problem. Location: Kochi, Kerala. Thank you for taking the time to read this. Regards, A concerned citizen",,"Kochi, Kerala",
EM000443,Email,2025-12-18 10:15:00,"Request for assistance - I travel by public transport from {place} every day. Buses are extremely crowded during the morning peak and sometimes two buses pass without stopping. Dear Sir/Madam, I am a resident of the area and would like to raise a concern regarding a public service issue in Visakhapatnam. I travel by public transport from our residential area every day. Buses are extremely crowded during the morning peak and sometimes two buses pass without stopping. Please consider adding services during peak hours. Location: Visakhapatnam, Andhra Pradesh. Please let me know if any additional details are required. Regards, A concerned citizen",,"Visakhapatnam, Andhra Pradesh",
EM000444,Email,2025-01-11 06:45:00,"A bus stop near {place} does not have clear route information. New passengers often have to ask drivers which bus to take. Dear Sir/Madam, I wanted to check whether someone could look into the following matter regarding a public service issue in Panaji. A bus stop near the railway station does not have clear route information. New passengers often have to ask drivers which bus to take. Could route and timetable information be displayed at the stop? I had also mentioned this to the local office, but I have not received a clear update. Location: Panaji, Goa. Please acknowledge the complaint and advise me on the next step. Regards, A concerned citizen",,"Panaji, Goa",
EM000445,Email,2025-12-05 03:44:00,"Request for assistance - My train was delayed considerably while travelling from {place}. There was very little information available at the station, and passengers were unsure whether to continue waiting. Dear Sir/Madam, I am not sure which department handles this, so I am writing here for assistance regarding a public service issue in Bhopal. My train was delayed considerably while travelling from the main commuter route. There was very little information available at the station, and passengers were unsure whether to continue waiting. I request better announcements and timely updates during such delays. Location: Bhopal, Madhya Pradesh. I hope the department can look into this soon. Regards, A concerned citizen",,"Bhopal, Madhya Pradesh",
EM000446,Email,2025-08-01 20:11:00,"The bus service on the route used by residents around {place} has become unreliable. This morning the scheduled bus did not arrive and many people were late for work. Dear Sir/Madam, I wanted to bring a problem to your notice regarding a public service issue in Raipur. The bus service on the route used by residents around the central bus stand has become unreliable. This morning the scheduled bus did not arrive and many people were late for work. Could the route schedule and frequency be reviewed? Location: Raipur, Chhattisgarh. Please let me know if any additional details are required. Regards, A concerned citizen",,"Raipur, Chhattisgarh",
EM000447,Email,2025-02-19 20:03:00,"Concern regarding There is no convenient public transport connection between our residential area and the main service centre in {place}. Dear Sir/Madam, I am not sure which department handles this, so I am writing here for assistance regarding a public service issue in Dehradun. There is no convenient public transport connection between our residential area and the main service centre in our residential area. Could the department consider adding a route or improving the existing connection? Location: Dehradun, Uttarakhand. Please let me know if any additional details are required. Regards, A concerned citizen",,"Dehradun, Uttarakhand",
EM000448,Email,2025-06-22 20:47:00,"I travel by public transport from {place} every day. Buses are extremely crowded during the morning peak and sometimes two buses pass without stopping. Dear Sir/Madam, I am a resident of the area and would like to raise a concern regarding a public service issue in Srinagar. I travel by public transport from the railway station every day. Buses are extremely crowded during the morning peak and sometimes two buses pass without stopping. Please consider adding services during peak hours. I am mainly looking for a clear update and a practical solution. Location: Srinagar, Jammu and Kashmir. Please acknowledge the complaint and advise me on the next step. Regards, A concerned citizen",,"Srinagar, Jammu and Kashmir",
EM000449,Email,2025-01-10 10:12:00,"I travel by public transport from {place} every day. Buses are extremely crowded during the morning peak and sometimes two buses pass without stopping. Dear Sir/Madam, I would like to request your help regarding an issue in my locality regarding a public service issue in Visakhapatnam. I travel by public transport from the main commuter route every day. Buses are extremely crowded during the morning peak and sometimes two buses pass without stopping. Please consider adding services during peak hours. Location: Visakhapatnam, Andhra Pradesh. Kindly let me know what action can be taken. Regards, A concerned citizen",,"Visakhapatnam, Andhra Pradesh",
EM000450,Email,2025-06-08 18:51:00,"There is no convenient public transport connection between our residential area and the main service centre in {place}. Dear Sir/Madam, I wanted to bring a problem to your notice regarding a public service issue in Hyderabad. There is no convenient public transport connection between our residential area and the main service centre in the city outskirts. Could the department consider adding a route or improving the existing connection? I had also mentioned this to the local office, but I have not received a clear update. Location: Hyderabad, Telangana. I hope the department can look into this soon. Regards, A concerned citizen",,"Hyderabad, Telangana",
EM000451,Email,2025-05-19 07:17:00,"I travel by public transport from {place} every day. Buses are extremely crowded during the morning peak and sometimes two buses pass without stopping. Dear Sir/Madam, I am contacting your department because I have been facing a problem regarding a public service issue in Dehradun. I travel by public transport from the railway station every day. Buses are extremely crowded during the morning peak and sometimes two buses pass without stopping. Please consider adding services during peak hours. I am attaching no personal documents; I only want the service issue to be addressed. Location: Dehradun, Uttarakhand. I hope the department can look into this soon. Regards, A concerned citizen",,"Dehradun, Uttarakhand",
EM000452,Email,2025-09-20 05:40:00,"There is no convenient public transport connection between our residential area and the main service centre in {place}. Dear Sir/Madam, I wanted to check whether someone could look into the following matter regarding a public service issue in Patna. There is no convenient public transport connection between our residential area and the main service centre in the railway station. Could the department consider adding a route or improving the existing connection? This is not the first time we have faced this problem. Location: Patna, Bihar. I would appreciate an update when possible. Regards, A concerned citizen",,"Patna, Bihar",
EM000453,Email,2025-07-19 10:54:00,"There is no convenient public transport connection between our residential area and the main service centre in {place}. Dear Sir/Madam, I wanted to check whether someone could look into the following matter regarding a public service issue in Puducherry. There is no convenient public transport connection between our residential area and the main service centre in the city outskirts. Could the department consider adding a route or improving the existing connection? I am attaching no personal documents; I only want the service issue to be addressed. Location: Puducherry, Puducherry. Kindly let me know what action can be taken. Regards, A concerned citizen",,"Puducherry, Puducherry",
EM000454,Email,2025-05-18 12:03:00,"I travel by public transport from {place} every day. Buses are extremely crowded during the morning peak and sometimes two buses pass without stopping. Dear Sir/Madam, I would like to request your help regarding an issue in my locality regarding a public service issue in Panaji. I travel by public transport from our residential area every day. Buses are extremely crowded during the morning peak and sometimes two buses pass without stopping. Please consider adding services during peak hours. I understand that some delays are unavoidable, but the current situation is becoming difficult. Location: Panaji, Goa. Please let me know if any additional details are required. Regards, A concerned citizen",,"Panaji, Goa",
EM000455,Email,2025-05-15 13:14:00,"I travel by public transport from {place} every day. Buses are extremely crowded during the morning peak and sometimes two buses pass without stopping. Dear Sir/Madam, I wanted to bring a problem to your notice regarding a public service issue in Bhubaneswar. I travel by public transport from the railway station every day. Buses are extremely crowded during the morning peak and sometimes two buses pass without stopping. Please consider adding services during peak hours. I understand that some delays are unavoidable, but the current situation is becoming difficult. Location: Bhubaneswar, Odisha. I hope the department can look into this soon. Regards, A concerned citizen",,"Bhubaneswar, Odisha",
EM000456,Email,2025-12-18 16:08:00,"There is no convenient public transport connection between our residential area and the main service centre in {place}. Dear Sir/Madam, I am not sure which department handles this, so I am writing here for assistance regarding a public service issue in New Delhi. There is no convenient public transport connection between our residential area and the main service centre in our residential area. Could the department consider adding a route or improving the existing connection? I had also mentioned this to the local office, but I have not received a clear update. Location: New Delhi, Delhi. Kindly let me know what action can be taken. Regards, A concerned citizen",,"New Delhi, Delhi",
EM000457,Email,2025-02-11 02:11:00,"The bus service on the route used by residents around {place} has become unreliable. This morning the scheduled bus did not arrive and many people were late for work. Dear Sir/Madam, I am a resident of the area and would like to raise a concern regarding a public service issue in Aizawl. The bus service on the route used by residents around the central bus stand has become unreliable. This morning the scheduled bus did not arrive and many people were late for work. Could the route schedule and frequency be reviewed? I am attaching no personal documents; I only want the service issue to be addressed. Location: Aizawl, Mizoram. Kindly let me know what action can be taken. Regards, A concerned citizen",,"Aizawl, Mizoram",
EM000458,Email,2025-08-19 06:05:00,"A bus stop near {place} does not have clear route information. New passengers often have to ask drivers which bus to take. Dear Sir/Madam, I wanted to bring a problem to your notice regarding a public service issue in Puducherry. A bus stop near the central bus stand does not have clear route information. New passengers often have to ask drivers which bus to take. Could route and timetable information be displayed at the stop? I am mainly looking for a clear update and a practical solution. Location: Puducherry, Puducherry. Kindly let me know what action can be taken. Regards, A concerned citizen",,"Puducherry, Puducherry",
EM000459,Email,2025-03-09 21:12:00,"The bus service on the route used by residents around {place} has become unreliable. This morning the scheduled bus did not arrive and many people were late for work. Dear Sir/Madam, I wanted to bring a problem to your notice regarding a public service issue in Visakhapatnam. The bus service on the route used by residents around the main commuter route has become unreliable. This morning the scheduled bus did not arrive and many people were late for work. Could the route schedule and frequency be reviewed? I am mainly looking for a clear update and a practical solution. Location: Visakhapatnam, Andhra Pradesh. I hope the department can look into this soon. Regards, A concerned citizen",,"Visakhapatnam, Andhra Pradesh",
EM000460,Email,2025-10-24 04:00:00,"A bus stop near {place} does not have clear route information. New passengers often have to ask drivers which bus to take. Dear Sir/Madam, I would like to request your help regarding an issue in my locality regarding a public service issue in Aizawl. A bus stop near the city outskirts does not have clear route information. New passengers often have to ask drivers which bus to take. Could route and timetable information be displayed at the stop? I understand that some delays are unavoidable, but the current situation is becoming difficult. Location: Aizawl, Mizoram. I would appreciate an update when possible. Regards, A concerned citizen",,"Aizawl, Mizoram",
EM000461,Email,2025-06-27 17:41:00,"The bus service on the route used by residents around {place} has become unreliable. This morning the scheduled bus did not arrive and many people were late for work. Dear Sir/Madam, I am contacting your department because I have been facing a problem regarding a public service issue in Aizawl. The bus service on the route used by residents around the main commuter route has become unreliable. This morning the scheduled bus did not arrive and many people were late for work. Could the route schedule and frequency be reviewed? Location: Aizawl, Mizoram. Please let me know if any additional details are required. Regards, A concerned citizen",,"Aizawl, Mizoram",
EM000462,Email,2025-09-11 01:45:00,"A bus stop near {place} does not have clear route information. New passengers often have to ask drivers which bus to take. Dear Sir/Madam, I am a resident of the area and would like to raise a concern regarding a public service issue in Kolkata. A bus stop near the city outskirts does not have clear route information. New passengers often have to ask drivers which bus to take. Could route and timetable information be displayed at the stop? I am mainly looking for a clear update and a practical solution. Location: Kolkata, West Bengal. I would appreciate an update when possible. Regards, A concerned citizen",,"Kolkata, West Bengal",
EM000463,Email,2025-04-07 17:52:00,"Request for assistance - My train was delayed considerably while travelling from {place}. There was very little information available at the station, and passengers were unsure whether to continue waiting. Dear Sir/Madam, I am a resident of the area and would like to raise a concern regarding a public service issue in Bhubaneswar. My train was delayed considerably while travelling from the central bus stand. There was very little information available at the station, and passengers were unsure whether to continue waiting. I request better announcements and timely updates during such delays. Location: Bhubaneswar, Odisha. I hope the department can look into this soon. Regards, A concerned citizen",,"Bhubaneswar, Odisha",
EM000464,Email,2025-07-04 19:13:00,"Concern regarding A bus stop near {place} does not have clear route information. New passengers often have to ask drivers which bus to take. Dear Sir/Madam, I am not sure which department handles this, so I am writing here for assistance regarding a public service issue in Aizawl. A bus stop near the central bus stand does not have clear route information. New passengers often have to ask drivers which bus to take. Could route and timetable information be displayed at the stop? I am mainly looking for a clear update and a practical solution. Location: Aizawl, Mizoram. Please let me know if any additional details are required. Regards, A concerned citizen",,"Aizawl, Mizoram",
EM000465,Email,2025-12-12 19:32:00,"My train was delayed considerably while travelling from {place}. There was very little information available at the station, and passengers were unsure whether to continue waiting. Dear Sir/Madam, I am not sure which department handles this, so I am writing here for assistance regarding a public service issue in Kochi. My train was delayed considerably while travelling from the main commuter route. There was very little information available at the station, and passengers were unsure whether to continue waiting. I request better announcements and timely updates during such delays. I had also mentioned this to the local office, but I have not received a clear update. Location: Kochi, Kerala. Thank you for taking the time to read this. Regards, A concerned citizen",,"Kochi, Kerala",
EM000466,Email,2025-06-13 09:13:00,"My train was delayed considerably while travelling from {place}. There was very little information available at the station, and passengers were unsure whether to continue waiting. Dear Sir/Madam, I wanted to check whether someone could look into the following matter regarding a public service issue in Kohima. My train was delayed considerably while travelling from our residential area. There was very little information available at the station, and passengers were unsure whether to continue waiting. I request better announcements and timely updates during such delays. I understand that some delays are unavoidable, but the current situation is becoming difficult. Location: Kohima, Nagaland. Please acknowledge the complaint and advise me on the next step. Regards, A concerned citizen",,"Kohima, Nagaland",
EM000467,Email,2025-12-10 16:21:00,"Follow-up: I travel by public transport from {place} every day. Buses are extremely crowded during the morning peak and sometimes two buses pass without stopping. Dear Sir/Madam, I am not sure which department handles this, so I am writing here for assistance regarding a public service issue in Ranchi. I travel by public transport from the main commuter route every day. Buses are extremely crowded during the morning peak and sometimes two buses pass without stopping. Please consider adding services during peak hours. I am attaching no personal documents; I only want the service issue to be addressed. Location: Ranchi, Jharkhand. I would appreciate an update when possible. Regards, A concerned citizen",,"Ranchi, Jharkhand",
EM000468,Email,2025-09-13 01:24:00,"I travel by public transport from {place} every day. Buses are extremely crowded during the morning peak and sometimes two buses pass without stopping. Dear Sir/Madam, I wanted to check whether someone could look into the following matter regarding a public service issue in Bengaluru. I travel by public transport from the city outskirts every day. Buses are extremely crowded during the morning peak and sometimes two buses pass without stopping. Please consider adding services during peak hours. This is not the first time we have faced this problem. Location: Bengaluru, Karnataka. Please acknowledge the complaint and advise me on the next step. Regards, A concerned citizen",,"Bengaluru, Karnataka",
EM000469,Email,2025-02-03 21:24:00,"A bus stop near {place} does not have clear route information. New passengers often have to ask drivers which bus to take. Dear Sir/Madam, I wanted to bring a problem to your notice regarding a public service issue in Imphal. A bus stop near our residential area does not have clear route information. New passengers often have to ask drivers which bus to take. Could route and timetable information be displayed at the stop? I understand that some delays are unavoidable, but the current situation is becoming difficult. Location: Imphal, Manipur. Kindly let me know what action can be taken. Regards, A concerned citizen",,"Imphal, Manipur",
EM000470,Email,2025-09-08 12:44:00,"I travel by public transport from {place} every day. Buses are extremely crowded during the morning peak and sometimes two buses pass without stopping. Dear Sir/Madam, I wanted to check whether someone could look into the following matter regarding a public service issue in Kochi. I travel by public transport from our residential area every day. Buses are extremely crowded during the morning peak and sometimes two buses pass without stopping. Please consider adding services during peak hours. I am mainly looking for a clear update and a practical solution. Location: Kochi, Kerala. Thank you for taking the time to read this. Regards, A concerned citizen",,"Kochi, Kerala",
EM000471,Email,2025-11-12 17:55:00,"The water supplied to our locality in {place} has looked cloudy on two occasions this week. Residents are concerned about whether it is safe for drinking. Dear Sir/Madam, I would like to request your help regarding an issue in my locality regarding a public service issue in Lucknow. The water supplied to our locality in the nearby housing area has looked cloudy on two occasions this week. Residents are concerned about whether it is safe for drinking. Please arrange an inspection and let residents know if there is any issue with the supply. This is not the first time we have faced this problem. Location: Lucknow, Uttar Pradesh. I would appreciate an update when possible. Regards, A concerned citizen",,"Lucknow, Uttar Pradesh",
EM000472,Email,2025-09-28 21:01:00,"There is a water pipeline leak near {place}. Water has been flowing onto the road since yesterday and the surrounding area has become muddy. Dear Sir/Madam, I wanted to check whether someone could look into the following matter regarding a public service issue in Srinagar. There is a water pipeline leak near our residential street. Water has been flowing onto the road since yesterday and the surrounding area has become muddy. Could the leak be repaired at the earliest? I am mainly looking for a clear update and a practical solution. Location: Srinagar, Jammu and Kashmir. Please let me know if any additional details are required. Regards, A concerned citizen",,"Srinagar, Jammu and Kashmir",
EM000473,Email,2025-08-22 04:29:00,"There is a water pipeline leak near {place}. Water has been flowing onto the road since yesterday and the surrounding area has become muddy. Dear Sir/Madam, I am contacting your department because I have been facing a problem regarding a public service issue in Patna. There is a water pipeline leak near the market-side streets. Water has been flowing onto the road since yesterday and the surrounding area has become muddy. Could the leak be repaired at the earliest? Location: Patna, Bihar. Please acknowledge the complaint and advise me on the next step. Regards, A concerned citizen",,"Patna, Bihar",
EM000474,Email,2025-10-08 00:15:00,"The water tanker normally comes to our area in {place}, but it has not arrived for the last two scheduled visits. Dear Sir/Madam, I am writing after trying to get this issue resolved locally regarding a public service issue in Ahmedabad. The water tanker normally comes to our area in our neighbourhood, but it has not arrived for the last two scheduled visits. Please let us know when the next supply will be provided. I understand that some delays are unavoidable, but the current situation is becoming difficult. Location: Ahmedabad, Gujarat. Kindly let me know what action can be taken. Regards, A concerned citizen",,"Ahmedabad, Gujarat",
EM000475,Email,2025-03-07 01:40:00,"Our street in {place} has received very little water for the last few days. The supply comes for a short time and the pressure is too low for many households. Dear Sir/Madam, I wanted to bring a problem to your notice regarding a public service issue in Gangtok. Our street in our residential street has received very little water for the last few days. The supply comes for a short time and the pressure is too low for many households. Please check the local pipeline and supply schedule. This is not the first time we have faced this problem. Location: Gangtok, Sikkim. Thank you for taking the time to read this. Regards, A concerned citizen",,"Gangtok, Sikkim",
EM000476,Email,2025-05-30 08:04:00,"Several houses around {place} have been without regular water supply since the weekend. We have been managing with stored water but that is becoming difficult. Dear Sir/Madam, I wanted to bring a problem to your notice regarding a public service issue in Gurugram. Several houses around our residential street have been without regular water supply since the weekend. We have been managing with stored water but that is becoming difficult. I request that the supply issue be checked and resolved. Location: Gurugram, Haryana. I hope the department can look into this soon. Regards, A concerned citizen",,"Gurugram, Haryana",
EM000477,Email,2025-12-07 14:18:00,"The water supplied to our locality in {place} has looked cloudy on two occasions this week. Residents are concerned about whether it is safe for drinking. Dear Sir/Madam, I wanted to bring a problem to your notice regarding a public service issue in Panaji. The water supplied to our locality in the eastern part of the locality has looked cloudy on two occasions this week. Residents are concerned about whether it is safe for drinking. Please arrange an inspection and let residents know if there is any issue with the supply. Location: Panaji, Goa. I would appreciate an update when possible. Regards, A concerned citizen",,"Panaji, Goa",
EM000478,Email,2025-11-10 01:50:00,"Concern regarding The water tanker normally comes to our area in {place}, but it has not arrived for the last two scheduled visits. Dear Sir/Madam, I am writing after trying to get this issue resolved locally regarding a public service issue in Ahmedabad. The water tanker normally comes to our area in the market-side streets, but it has not arrived for the last two scheduled visits. Please let us know when the next supply will be provided. I am mainly looking for a clear update and a practical solution. Location: Ahmedabad, Gujarat. Please let me know if any additional details are required. Regards, A concerned citizen",,"Ahmedabad, Gujarat",
EM000479,Email,2025-04-25 19:44:00,"There is a water pipeline leak near {place}. Water has been flowing onto the road since yesterday and the surrounding area has become muddy. Dear Sir/Madam, I would like to request your help regarding an issue in my locality regarding a public service issue in Kochi. There is a water pipeline leak near the eastern part of the locality. Water has been flowing onto the road since yesterday and the surrounding area has become muddy. Could the leak be repaired at the earliest? I had also mentioned this to the local office, but I have not received a clear update. Location: Kochi, Kerala. I would appreciate an update when possible. Regards, A concerned citizen",,"Kochi, Kerala",
EM000480,Email,2025-11-25 07:25:00,"There is a water pipeline leak near {place}. Water has been flowing onto the road since yesterday and the surrounding area has become muddy. Dear Sir/Madam, I am a resident of the area and would like to raise a concern regarding a public service issue in Guwahati. There is a water pipeline leak near our residential street. Water has been flowing onto the road since yesterday and the surrounding area has become muddy. Could the leak be repaired at the earliest? I understand that some delays are unavoidable, but the current situation is becoming difficult. Location: Guwahati, Assam. I hope the department can look into this soon. Regards, A concerned citizen",,"Guwahati, Assam",
EM000481,Email,2025-08-21 19:22:00,"Request for assistance - Our street in {place} has received very little water for the last few days. The supply comes for a short time and the pressure is too low for many households. Dear Sir/Madam, I would like to request your help regarding an issue in my locality regarding a public service issue in Bhubaneswar. Our street in our neighbourhood has received very little water for the last few days. The supply comes for a short time and the pressure is too low for many households. Please check the local pipeline and supply schedule. I am attaching no personal documents; I only want the service issue to be addressed. Location: Bhubaneswar, Odisha. Please acknowledge the complaint and advise me on the next step. Regards, A concerned citizen",,"Bhubaneswar, Odisha",
EM000482,Email,2025-01-14 20:36:00,"There is a water pipeline leak near {place}. Water has been flowing onto the road since yesterday and the surrounding area has become muddy. Dear Sir/Madam, I wanted to check whether someone could look into the following matter regarding a public service issue in New Delhi. There is a water pipeline leak near the eastern part of the locality. Water has been flowing onto the road since yesterday and the surrounding area has become muddy. Could the leak be repaired at the earliest? I had also mentioned this to the local office, but I have not received a clear update. Location: New Delhi, Delhi. I would appreciate an update when possible. Regards, A concerned citizen",,"New Delhi, Delhi",
EM000483,Email,2025-09-23 19:19:00,"There is a water pipeline leak near {place}. Water has been flowing onto the road since yesterday and the surrounding area has become muddy. Dear Sir/Madam, I am writing to report an issue regarding a public service issue in Raipur. There is a water pipeline leak near the nearby housing area. Water has been flowing onto the road since yesterday and the surrounding area has become muddy. Could the leak be repaired at the earliest? I understand that some delays are unavoidable, but the current situation is becoming difficult. Location: Raipur, Chhattisgarh. I hope the department can look into this soon. Regards, A concerned citizen",,"Raipur, Chhattisgarh",
EM000484,Email,2025-10-20 15:06:00,"The water tanker normally comes to our area in {place}, but it has not arrived for the last two scheduled visits. Dear Sir/Madam, I am writing after trying to get this issue resolved locally regarding a public service issue in Kohima. The water tanker normally comes to our area in our residential street, but it has not arrived for the last two scheduled visits. Please let us know when the next supply will be provided. I am attaching no personal documents; I only want the service issue to be addressed. Location: Kohima, Nagaland. Please let me know if any additional details are required. Regards, A concerned citizen",,"Kohima, Nagaland",
EM000485,Email,2025-11-30 18:20:00,"Our street in {place} has received very little water for the last few days. The supply comes for a short time and the pressure is too low for many households. Dear Sir/Madam, I am writing to report an issue regarding a public service issue in Aizawl. Our street in the market-side streets has received very little water for the last few days. The supply comes for a short time and the pressure is too low for many households. Please check the local pipeline and supply schedule. Location: Aizawl, Mizoram. I would appreciate an update when possible. Regards, A concerned citizen",,"Aizawl, Mizoram",
EM000486,Email,2025-01-20 21:16:00,"Follow-up: There is a water pipeline leak near {place}. Water has been flowing onto the road since yesterday and the surrounding area has become muddy. Dear Sir/Madam, I am writing after trying to get this issue resolved locally regarding a public service issue in Kolkata. There is a water pipeline leak near the nearby housing area. Water has been flowing onto the road since yesterday and the surrounding area has become muddy. Could the leak be repaired at the earliest? Location: Kolkata, West Bengal. Please let me know if any additional details are required. Regards, A concerned citizen",,"Kolkata, West Bengal",
EM000487,Email,2025-10-21 01:35:00,"The water supplied to our locality in {place} has looked cloudy on two occasions this week. Residents are concerned about whether it is safe for drinking. Dear Sir/Madam, I am a resident of the area and would like to raise a concern regarding a public service issue in Srinagar. The water supplied to our locality in our neighbourhood has looked cloudy on two occasions this week. Residents are concerned about whether it is safe for drinking. Please arrange an inspection and let residents know if there is any issue with the supply. This is not the first time we have faced this problem. Location: Srinagar, Jammu and Kashmir. Kindly let me know what action can be taken. Regards, A concerned citizen",,"Srinagar, Jammu and Kashmir",
EM000488,Email,2025-01-30 08:32:00,"Request for assistance - The water supplied to our locality in {place} has looked cloudy on two occasions this week. Residents are concerned about whether it is safe for drinking. Dear Sir/Madam, I am contacting your department because I have been facing a problem regarding a public service issue in Srinagar. The water supplied to our locality in the nearby housing area has looked cloudy on two occasions this week. Residents are concerned about whether it is safe for drinking. Please arrange an inspection and let residents know if there is any issue with the supply. I am attaching no personal documents; I only want the service issue to be addressed. Location: Srinagar, Jammu and Kashmir. I hope the department can look into this soon. Regards, A concerned citizen",,"Srinagar, Jammu and Kashmir",
EM000489,Email,2025-04-22 05:03:00,"Concern regarding The water tanker normally comes to our area in {place}, but it has not arrived for the last two scheduled visits. Dear Sir/Madam, I wanted to bring a problem to your notice regarding a public service issue in Ludhiana. The water tanker normally comes to our area in the eastern part of the locality, but it has not arrived for the last two scheduled visits. Please let us know when the next supply will be provided. I am mainly looking for a clear update and a practical solution. Location: Ludhiana, Punjab. Please acknowledge the complaint and advise me on the next step. Regards, A concerned citizen",,"Ludhiana, Punjab",
EM000490,Email,2025-06-07 07:38:00,"Follow-up: The water tanker normally comes to our area in {place}, but it has not arrived for the last two scheduled visits. Dear Sir/Madam, I wanted to check whether someone could look into the following matter regarding a public service issue in Aizawl. The water tanker normally comes to our area in the eastern part of the locality, but it has not arrived for the last two scheduled visits. Please let us know when the next supply will be provided. Location: Aizawl, Mizoram. I hope the department can look into this soon. Regards, A concerned citizen",,"Aizawl, Mizoram",
EM000491,Email,2025-05-13 22:56:00,"The water supplied to our locality in {place} has looked cloudy on two occasions this week. Residents are concerned about whether it is safe for drinking. Dear Sir/Madam, I wanted to check whether someone could look into the following matter regarding a public service issue in Itanagar. The water supplied to our locality in the eastern part of the locality has looked cloudy on two occasions this week. Residents are concerned about whether it is safe for drinking. Please arrange an inspection and let residents know if there is any issue with the supply. I had also mentioned this to the local office, but I have not received a clear update. Location: Itanagar, Arunachal Pradesh. Thank you for taking the time to read this. Regards, A concerned citizen",,"Itanagar, Arunachal Pradesh",
EM000492,Email,2025-03-08 02:40:00,"The water tanker normally comes to our area in {place}, but it has not arrived for the last two scheduled visits. Dear Sir/Madam, I wanted to bring a problem to your notice regarding a public service issue in Shimla. The water tanker normally comes to our area in the nearby housing area, but it has not arrived for the last two scheduled visits. Please let us know when the next supply will be provided. Location: Shimla, Himachal Pradesh. I would appreciate an update when possible. Regards, A concerned citizen",,"Shimla, Himachal Pradesh",
EM000493,Email,2025-04-07 10:07:00,"Our street in {place} has received very little water for the last few days. The supply comes for a short time and the pressure is too low for many households. Dear Sir/Madam, I am contacting your department because I have been facing a problem regarding a public service issue in Puducherry. Our street in the nearby housing area has received very little water for the last few days. The supply comes for a short time and the pressure is too low for many households. Please check the local pipeline and supply schedule. I am mainly looking for a clear update and a practical solution. Location: Puducherry, Puducherry. Thank you for taking the time to read this. Regards, A concerned citizen",,"Puducherry, Puducherry",
EM000494,Email,2025-04-15 20:09:00,"Several houses around {place} have been without regular water supply since the weekend. We have been managing with stored water but that is becoming difficult. Dear Sir/Madam, I wanted to bring a problem to your notice regarding a public service issue in Itanagar. Several houses around our residential street have been without regular water supply since the weekend. We have been managing with stored water but that is becoming difficult. I request that the supply issue be checked and resolved. Location: Itanagar, Arunachal Pradesh. Please let me know if any additional details are required. Regards, A concerned citizen",,"Itanagar, Arunachal Pradesh",
EM000495,Email,2025-01-06 19:48:00,"Request for assistance - Our street in {place} has received very little water for the last few days. The supply comes for a short time and the pressure is too low for many households. Dear Sir/Madam, I am writing after trying to get this issue resolved locally regarding a public service issue in Hyderabad. Our street in our residential street has received very little water for the last few days. The supply comes for a short time and the pressure is too low for many households. Please check the local pipeline and supply schedule. Location: Hyderabad, Telangana. I would appreciate an update when possible. Regards, A concerned citizen",,"Hyderabad, Telangana",
EM000496,Email,2025-06-23 17:56:00,"Concern regarding Several houses around {place} have been without regular water supply since the weekend. We have been managing with stored water but that is becoming difficult. Dear Sir/Madam, I would like to request your help regarding an issue in my locality regarding a public service issue in Chandigarh. Several houses around our neighbourhood have been without regular water supply since the weekend. We have been managing with stored water but that is becoming difficult. I request that the supply issue be checked and resolved. I had also mentioned this to the local office, but I have not received a clear update. Location: Chandigarh, Chandigarh. Kindly let me know what action can be taken. Regards, A concerned citizen",,"Chandigarh, Chandigarh",
EM000497,Email,2025-07-19 01:58:00,"There is a water pipeline leak near {place}. Water has been flowing onto the road since yesterday and the surrounding area has become muddy. Dear Sir/Madam, I wanted to bring a problem to your notice regarding a public service issue in Jaipur. There is a water pipeline leak near the eastern part of the locality. Water has been flowing onto the road since yesterday and the surrounding area has become muddy. Could the leak be repaired at the earliest? Location: Jaipur, Rajasthan. Please let me know if any additional details are required. Regards, A concerned citizen",,"Jaipur, Rajasthan",
EM000498,Email,2025-11-04 06:23:00,"Concern regarding The water tanker normally comes to our area in {place}, but it has not arrived for the last two scheduled visits. Dear Sir/Madam, I wanted to check whether someone could look into the following matter regarding a public service issue in Patna. The water tanker normally comes to our area in the eastern part of the locality, but it has not arrived for the last two scheduled visits. Please let us know when the next supply will be provided. I had also mentioned this to the local office, but I have not received a clear update. Location: Patna, Bihar. I hope the department can look into this soon. Regards, A concerned citizen",,"Patna, Bihar",
EM000499,Email,2025-10-19 19:27:00,"The water supplied to our locality in {place} has looked cloudy on two occasions this week. Residents are concerned about whether it is safe for drinking. Dear Sir/Madam, I am not sure which department handles this, so I am writing here for assistance regarding a public service issue in Srinagar. The water supplied to our locality in the eastern part of the locality has looked cloudy on two occasions this week. Residents are concerned about whether it is safe for drinking. Please arrange an inspection and let residents know if there is any issue with the supply. Location: Srinagar, Jammu and Kashmir. I hope the department can look into this soon. Regards, A concerned citizen",,"Srinagar, Jammu and Kashmir",
EM000500,Email,2025-03-24 06:34:00,"Our street in {place} has received very little water for the last few days. The supply comes for a short time and the pressure is too low for many households. Dear Sir/Madam, I am not sure which department handles this, so I am writing here for assistance regarding a public service issue in Kohima. Our street in our residential street has received very little water for the last few days. The supply comes for a short time and the pressure is too low for many households. Please check the local pipeline and supply schedule. I am mainly looking for a clear update and a practical solution. Location: Kohima, Nagaland. I would appreciate an update when possible. Regards, A concerned citizen",,"Kohima, Nagaland",
EM000501,Email,2025-07-10 16:20:00,"The water supplied to our locality in {place} has looked cloudy on two occasions this week. Residents are concerned about whether it is safe for drinking. Dear Sir/Madam, I am a resident of the area and would like to raise a concern regarding a public service issue in Hyderabad. The water supplied to our locality in our residential street has looked cloudy on two occasions this week. Residents are concerned about whether it is safe for drinking. Please arrange an inspection and let residents know if there is any issue with the supply. Location: Hyderabad, Telangana. I hope the department can look into this soon. Regards, A concerned citizen",,"Hyderabad, Telangana",
EM000502,Email,2025-12-11 05:14:00,"The water supplied to our locality in {place} has looked cloudy on two occasions this week. Residents are concerned about whether it is safe for drinking. Dear Sir/Madam, I am contacting your department because I have been facing a problem regarding a public service issue in Dehradun. The water supplied to our locality in the eastern part of the locality has looked cloudy on two occasions this week. Residents are concerned about whether it is safe for drinking. Please arrange an inspection and let residents know if there is any issue with the supply. I am mainly looking for a clear update and a practical solution. Location: Dehradun, Uttarakhand. Thank you for taking the time to read this. Regards, A concerned citizen",,"Dehradun, Uttarakhand",
EM000503,Email,2025-05-04 10:34:00,"Concern regarding The water tanker normally comes to our area in {place}, but it has not arrived for the last two scheduled visits. Dear Sir/Madam, I am a resident of the area and would like to raise a concern regarding a public service issue in New Delhi. The water tanker normally comes to our area in our neighbourhood, but it has not arrived for the last two scheduled visits. Please let us know when the next supply will be provided. Location: New Delhi, Delhi. Kindly let me know what action can be taken. Regards, A concerned citizen",,"New Delhi, Delhi",
EM000504,Email,2025-03-31 18:28:00,"The water supplied to our locality in {place} has looked cloudy on two occasions this week. Residents are concerned about whether it is safe for drinking. Dear Sir/Madam, I would like to request your help regarding an issue in my locality regarding a public service issue in Guwahati. The water supplied to our locality in the eastern part of the locality has looked cloudy on two occasions this week. Residents are concerned about whether it is safe for drinking. Please arrange an inspection and let residents know if there is any issue with the supply. I understand that some delays are unavoidable, but the current situation is becoming difficult. Location: Guwahati, Assam. I hope the department can look into this soon. Regards, A concerned citizen",,"Guwahati, Assam",
EM000505,Email,2025-09-12 08:45:00,"There is a water pipeline leak near {place}. Water has been flowing onto the road since yesterday and the surrounding area has become muddy. Dear Sir/Madam, I wanted to check whether someone could look into the following matter regarding a public service issue in Raipur. There is a water pipeline leak near the nearby housing area. Water has been flowing onto the road since yesterday and the surrounding area has become muddy. Could the leak be repaired at the earliest? I am mainly looking for a clear update and a practical solution. Location: Raipur, Chhattisgarh. Please let me know if any additional details are required. Regards, A concerned citizen",,"Raipur, Chhattisgarh",
EM000506,Email,2025-04-06 20:23:00,"Request for assistance - There is a water pipeline leak near {place}. Water has been flowing onto the road since yesterday and the surrounding area has become muddy. Dear Sir/Madam, I am a resident of the area and would like to raise a concern regarding a public service issue in Ludhiana. There is a water pipeline leak near our residential street. Water has been flowing onto the road since yesterday and the surrounding area has become muddy. Could the leak be repaired at the earliest? I had also mentioned this to the local office, but I have not received a clear update. Location: Ludhiana, Punjab. Please acknowledge the complaint and advise me on the next step. Regards, A concerned citizen",,"Ludhiana, Punjab",
EM000507,Email,2025-07-11 18:31:00,"Our street in {place} has received very little water for the last few days. The supply comes for a short time and the pressure is too low for many households. Dear Sir/Madam, I am writing after trying to get this issue resolved locally regarding a public service issue in Imphal. Our street in the market-side streets has received very little water for the last few days. The supply comes for a short time and the pressure is too low for many households. Please check the local pipeline and supply schedule. Location: Imphal, Manipur. Please let me know if any additional details are required. Regards, A concerned citizen",,"Imphal, Manipur",
EM000508,Email,2025-07-22 01:52:00,"Request for assistance - Our street in {place} has received very little water for the last few days. The supply comes for a short time and the pressure is too low for many households. Dear Sir/Madam, I wanted to check whether someone could look into the following matter regarding a public service issue in Guwahati. Our street in the market-side streets has received very little water for the last few days. The supply comes for a short time and the pressure is too low for many households. Please check the local pipeline and supply schedule. I understand that some delays are unavoidable, but the current situation is becoming difficult. Location: Guwahati, Assam. Thank you for taking the time to read this. Regards, A concerned citizen",,"Guwahati, Assam",
EM000509,Email,2025-06-15 07:06:00,"Our street in {place} has received very little water for the last few days. The supply comes for a short time and the pressure is too low for many households. Dear Sir/Madam, I would like to request your help regarding an issue in my locality regarding a public service issue in Patna. Our street in the market-side streets has received very little water for the last few days. The supply comes for a short time and the pressure is too low for many households. Please check the local pipeline and supply schedule. Location: Patna, Bihar. Thank you for taking the time to read this. Regards, A concerned citizen",,"Patna, Bihar",
EM000510,Email,2025-02-20 11:21:00,"The water tanker normally comes to our area in {place}, but it has not arrived for the last two scheduled visits. Dear Sir/Madam, I wanted to check whether someone could look into the following matter regarding a public service issue in Chandigarh. The water tanker normally comes to our area in our neighbourhood, but it has not arrived for the last two scheduled visits. Please let us know when the next supply will be provided. I understand that some delays are unavoidable, but the current situation is becoming difficult. Location: Chandigarh, Chandigarh. Please let me know if any additional details are required. Regards, A concerned citizen",,"Chandigarh, Chandigarh",
EM000511,Email,2025-12-10 01:16:00,"The water supplied to our locality in {place} has looked cloudy on two occasions this week. Residents are concerned about whether it is safe for drinking. Dear Sir/Madam, I wanted to check whether someone could look into the following matter regarding a public service issue in Lucknow. The water supplied to our locality in the market-side streets has looked cloudy on two occasions this week. Residents are concerned about whether it is safe for drinking. Please arrange an inspection and let residents know if there is any issue with the supply. Location: Lucknow, Uttar Pradesh. Please acknowledge the complaint and advise me on the next step. Regards, A concerned citizen",,"Lucknow, Uttar Pradesh",
EM000512,Email,2026-01-01 03:21:00,"Our street in {place} has received very little water for the last few days. The supply comes for a short time and the pressure is too low for many households. Dear Sir/Madam, I am a resident of the area and would like to raise a concern regarding a public service issue in Itanagar. Our street in the nearby housing area has received very little water for the last few days. The supply comes for a short time and the pressure is too low for many households. Please check the local pipeline and supply schedule. Location: Itanagar, Arunachal Pradesh. I hope the department can look into this soon. Regards, A concerned citizen",,"Itanagar, Arunachal Pradesh",
EM000513,Email,2025-06-03 18:10:00,"Follow-up: There is a water pipeline leak near {place}. Water has been flowing onto the road since yesterday and the surrounding area has become muddy. Dear Sir/Madam, I am not sure which department handles this, so I am writing here for assistance regarding a public service issue in Hyderabad. There is a water pipeline leak near the market-side streets. Water has been flowing onto the road since yesterday and the surrounding area has become muddy. Could the leak be repaired at the earliest? Location: Hyderabad, Telangana. Kindly let me know what action can be taken. Regards, A concerned citizen",,"Hyderabad, Telangana",
EM000514,Email,2025-06-22 00:32:00,"The water supplied to our locality in {place} has looked cloudy on two occasions this week. Residents are concerned about whether it is safe for drinking. Dear Sir/Madam, I am contacting your department because I have been facing a problem regarding a public service issue in Srinagar. The water supplied to our locality in our residential street has looked cloudy on two occasions this week. Residents are concerned about whether it is safe for drinking. Please arrange an inspection and let residents know if there is any issue with the supply. I had also mentioned this to the local office, but I have not received a clear update. Location: Srinagar, Jammu and Kashmir. I would appreciate an update when possible. Regards, A concerned citizen",,"Srinagar, Jammu and Kashmir",
EM000515,Email,2025-12-03 03:50:00,"Follow-up: Our street in {place} has received very little water for the last few days. The supply comes for a short time and the pressure is too low for many households. Dear Sir/Madam, I wanted to bring a problem to your notice regarding a public service issue in Kochi. Our street in our neighbourhood has received very little water for the last few days. The supply comes for a short time and the pressure is too low for many households. Please check the local pipeline and supply schedule. Location: Kochi, Kerala. I hope the department can look into this soon. Regards, A concerned citizen",,"Kochi, Kerala",
EM000516,Email,2025-10-05 06:34:00,"The water tanker normally comes to our area in {place}, but it has not arrived for the last two scheduled visits. Dear Sir/Madam, I am writing to report an issue regarding a public service issue in Kochi. The water tanker normally comes to our area in our neighbourhood, but it has not arrived for the last two scheduled visits. Please let us know when the next supply will be provided. Location: Kochi, Kerala. Thank you for taking the time to read this. Regards, A concerned citizen",,"Kochi, Kerala",
EM000517,Email,2025-06-16 02:50:00,"Several houses around {place} have been without regular water supply since the weekend. We have been managing with stored water but that is becoming difficult. Dear Sir/Madam, I would like to request your help regarding an issue in my locality regarding a public service issue in Itanagar. Several houses around our residential street have been without regular water supply since the weekend. We have been managing with stored water but that is becoming difficult. I request that the supply issue be checked and resolved. Location: Itanagar, Arunachal Pradesh. Please let me know if any additional details are required. Regards, A concerned citizen",,"Itanagar, Arunachal Pradesh",
EM000518,Email,2025-07-03 22:30:00,"The water supplied to our locality in {place} has looked cloudy on two occasions this week. Residents are concerned about whether it is safe for drinking. Dear Sir/Madam, I am a resident of the area and would like to raise a concern regarding a public service issue in Shimla. The water supplied to our locality in the market-side streets has looked cloudy on two occasions this week. Residents are concerned about whether it is safe for drinking. Please arrange an inspection and let residents know if there is any issue with the supply. I understand that some delays are unavoidable, but the current situation is becoming difficult. Location: Shimla, Himachal Pradesh. Thank you for taking the time to read this. Regards, A concerned citizen",,"Shimla, Himachal Pradesh",
EM000519,Email,2025-11-16 15:51:00,"Several houses around {place} have been without regular water supply since the weekend. We have been managing with stored water but that is becoming difficult. Dear Sir/Madam, I would like to request your help regarding an issue in my locality regarding a public service issue in Leh. Several houses around the eastern part of the locality have been without regular water supply since the weekend. We have been managing with stored water but that is becoming difficult. I request that the supply issue be checked and resolved. I understand that some delays are unavoidable, but the current situation is becoming difficult. Location: Leh, Ladakh. Please acknowledge the complaint and advise me on the next step. Regards, A concerned citizen",,"Leh, Ladakh",
EM000520,Email,2025-02-04 00:33:00,"Several houses around {place} have been without regular water supply since the weekend. We have been managing with stored water but that is becoming difficult. Dear Sir/Madam, I am contacting your department because I have been facing a problem regarding a public service issue in Agartala. Several houses around the nearby housing area have been without regular water supply since the weekend. We have been managing with stored water but that is becoming difficult. I request that the supply issue be checked and resolved. Location: Agartala, Tripura. Please acknowledge the complaint and advise me on the next step. Regards, A concerned citizen",,"Agartala, Tripura",
EM000521,Email,2025-08-21 00:53:00,"The water supplied to our locality in {place} has looked cloudy on two occasions this week. Residents are concerned about whether it is safe for drinking. Dear Sir/Madam, I am writing after trying to get this issue resolved locally regarding a public service issue in Pune. The water supplied to our locality in our residential street has looked cloudy on two occasions this week. Residents are concerned about whether it is safe for drinking. Please arrange an inspection and let residents know if there is any issue with the supply. Location: Pune, Maharashtra. Please acknowledge the complaint and advise me on the next step. Regards, A concerned citizen",,"Pune, Maharashtra",
EM000522,Email,2025-02-01 11:57:00,"The water tanker normally comes to our area in {place}, but it has not arrived for the last two scheduled visits. Dear Sir/Madam, I wanted to bring a problem to your notice regarding a public service issue in Chandigarh. The water tanker normally comes to our area in the market-side streets, but it has not arrived for the last two scheduled visits. Please let us know when the next supply will be provided. I am attaching no personal documents; I only want the service issue to be addressed. Location: Chandigarh, Chandigarh. Kindly let me know what action can be taken. Regards, A concerned citizen",,"Chandigarh, Chandigarh",
EM000523,Email,2025-07-07 23:47:00,"Follow-up: There is a water pipeline leak near {place}. Water has been flowing onto the road since yesterday and the surrounding area has become muddy. Dear Sir/Madam, I am not sure which department handles this, so I am writing here for assistance regarding a public service issue in Coimbatore. There is a water pipeline leak near the eastern part of the locality. Water has been flowing onto the road since yesterday and the surrounding area has become muddy. Could the leak be repaired at the earliest? I had also mentioned this to the local office, but I have not received a clear update. Location: Coimbatore, Tamil Nadu. Kindly let me know what action can be taken. Regards, A concerned citizen",,"Coimbatore, Tamil Nadu",
EM000524,Email,2025-07-06 00:53:00,"The water supplied to our locality in {place} has looked cloudy on two occasions this week. Residents are concerned about whether it is safe for drinking. Dear Sir/Madam, I would like to request your help regarding an issue in my locality regarding a public service issue in Gangtok. The water supplied to our locality in our residential street has looked cloudy on two occasions this week. Residents are concerned about whether it is safe for drinking. Please arrange an inspection and let residents know if there is any issue with the supply. Location: Gangtok, Sikkim. Kindly let me know what action can be taken. Regards, A concerned citizen",,"Gangtok, Sikkim",
EM000525,Email,2025-06-01 06:35:00,"Our street in {place} has received very little water for the last few days. The supply comes for a short time and the pressure is too low for many households. Dear Sir/Madam, I am contacting your department because I have been facing a problem regarding a public service issue in Pune. Our street in the eastern part of the locality has received very little water for the last few days. The supply comes for a short time and the pressure is too low for many households. Please check the local pipeline and supply schedule. This is not the first time we have faced this problem. Location: Pune, Maharashtra. Please acknowledge the complaint and advise me on the next step. Regards, A concerned citizen",,"Pune, Maharashtra",
EM000526,Email,2025-06-24 22:38:00,"The water tanker normally comes to our area in {place}, but it has not arrived for the last two scheduled visits. Dear Sir/Madam, I wanted to check whether someone could look into the following matter regarding a public service issue in Kochi. The water tanker normally comes to our area in our neighbourhood, but it has not arrived for the last two scheduled visits. Please let us know when the next supply will be provided. Location: Kochi, Kerala. I hope the department can look into this soon. Regards, A concerned citizen",,"Kochi, Kerala",
EM000527,Email,2025-11-15 01:37:00,"Several houses around {place} have been without regular water supply since the weekend. We have been managing with stored water but that is becoming difficult. Dear Sir/Madam, I wanted to bring a problem to your notice regarding a public service issue in Srinagar. Several houses around our residential street have been without regular water supply since the weekend. We have been managing with stored water but that is becoming difficult. I request that the supply issue be checked and resolved. I understand that some delays are unavoidable, but the current situation is becoming difficult. Location: Srinagar, Jammu and Kashmir. I would appreciate an update when possible. Regards, A concerned citizen",,"Srinagar, Jammu and Kashmir",
EM000528,Email,2025-08-28 14:57:00,"The water tanker normally comes to our area in {place}, but it has not arrived for the last two scheduled visits. Dear Sir/Madam, I would like to request your help regarding an issue in my locality regarding a public service issue in Coimbatore. The water tanker normally comes to our area in the nearby housing area, but it has not arrived for the last two scheduled visits. Please let us know when the next supply will be provided. Location: Coimbatore, Tamil Nadu. Kindly let me know what action can be taken. Regards, A concerned citizen",,"Coimbatore, Tamil Nadu",
EM000529,Email,2025-12-21 01:08:00,"The water tanker normally comes to our area in {place}, but it has not arrived for the last two scheduled visits. Dear Sir/Madam, I wanted to bring a problem to your notice regarding a public service issue in Chandigarh. The water tanker normally comes to our area in the market-side streets, but it has not arrived for the last two scheduled visits. Please let us know when the next supply will be provided. I am attaching no personal documents; I only want the service issue to be addressed. Location: Chandigarh, Chandigarh. Thank you for taking the time to read this. Regards, A concerned citizen",,"Chandigarh, Chandigarh",
EM000530,Email,2025-12-17 10:32:00,"The water tanker normally comes to our area in {place}, but it has not arrived for the last two scheduled visits. Dear Sir/Madam, I am a resident of the area and would like to raise a concern regarding a public service issue in Gangtok. The water tanker normally comes to our area in our neighbourhood, but it has not arrived for the last two scheduled visits. Please let us know when the next supply will be provided. Location: Gangtok, Sikkim. I would appreciate an update when possible. Regards, A concerned citizen",,"Gangtok, Sikkim",
EM000531,Email,2025-04-01 01:21:00,"Request for assistance - Our street in {place} has received very little water for the last few days. The supply comes for a short time and the pressure is too low for many households. Dear Sir/Madam, I wanted to bring a problem to your notice regarding a public service issue in Kohima. Our street in our neighbourhood has received very little water for the last few days. The supply comes for a short time and the pressure is too low for many households. Please check the local pipeline and supply schedule. I had also mentioned this to the local office, but I have not received a clear update. Location: Kohima, Nagaland. Please let me know if any additional details are required. Regards, A concerned citizen",,"Kohima, Nagaland",
EM000532,Email,2025-11-06 02:52:00,"The water supplied to our locality in {place} has looked cloudy on two occasions this week. Residents are concerned about whether it is safe for drinking. Dear Sir/Madam, I would like to request your help regarding an issue in my locality regarding a public service issue in Gurugram. The water supplied to our locality in our residential street has looked cloudy on two occasions this week. Residents are concerned about whether it is safe for drinking. Please arrange an inspection and let residents know if there is any issue with the supply. Location: Gurugram, Haryana. I would appreciate an update when possible. Regards, A concerned citizen",,"Gurugram, Haryana",
EM000533,Email,2025-03-01 18:34:00,"The water tanker normally comes to our area in {place}, but it has not arrived for the last two scheduled visits. Dear Sir/Madam, I would like to request your help regarding an issue in my locality regarding a public service issue in Gurugram. The water tanker normally comes to our area in the nearby housing area, but it has not arrived for the last two scheduled visits. Please let us know when the next supply will be provided. Location: Gurugram, Haryana. I hope the department can look into this soon. Regards, A concerned citizen",,"Gurugram, Haryana",
EM000534,Email,2025-08-09 22:05:00,"Follow-up: There is a water pipeline leak near {place}. Water has been flowing onto the road since yesterday and the surrounding area has become muddy. Dear Sir/Madam, I am contacting your department because I have been facing a problem regarding a public service issue in Gangtok. There is a water pipeline leak near the eastern part of the locality. Water has been flowing onto the road since yesterday and the surrounding area has become muddy. Could the leak be repaired at the earliest? Location: Gangtok, Sikkim. I hope the department can look into this soon. Regards, A concerned citizen",,"Gangtok, Sikkim",
EM000535,Email,2025-10-20 06:00:00,"The water tanker normally comes to our area in {place}, but it has not arrived for the last two scheduled visits. Dear Sir/Madam, I am writing after trying to get this issue resolved locally regarding a public service issue in Jaipur. The water tanker normally comes to our area in the market-side streets, but it has not arrived for the last two scheduled visits. Please let us know when the next supply will be provided. Location: Jaipur, Rajasthan. Please acknowledge the complaint and advise me on the next step. Regards, A concerned citizen",,"Jaipur, Rajasthan",
EM000536,Email,2025-10-24 23:29:00,"Several houses around {place} have been without regular water supply since the weekend. We have been managing with stored water but that is becoming difficult. Dear Sir/Madam, I am a resident of the area and would like to raise a concern regarding a public service issue in Bengaluru. Several houses around our neighbourhood have been without regular water supply since the weekend. We have been managing with stored water but that is becoming difficult. I request that the supply issue be checked and resolved. I understand that some delays are unavoidable, but the current situation is becoming difficult. Location: Bengaluru, Karnataka. I would appreciate an update when possible. Regards, A concerned citizen",,"Bengaluru, Karnataka",
EM000537,Email,2025-11-04 23:57:00,"The water supplied to our locality in {place} has looked cloudy on two occasions this week. Residents are concerned about whether it is safe for drinking. Dear Sir/Madam, I am writing after trying to get this issue resolved locally regarding a public service issue in Raipur. The water supplied to our locality in our residential street has looked cloudy on two occasions this week. Residents are concerned about whether it is safe for drinking. Please arrange an inspection and let residents know if there is any issue with the supply. This is not the first time we have faced this problem. Location: Raipur, Chhattisgarh. Please let me know if any additional details are required. Regards, A concerned citizen",,"Raipur, Chhattisgarh",
EM000538,Email,2025-05-12 09:00:00,"The water supplied to our locality in {place} has looked cloudy on two occasions this week. Residents are concerned about whether it is safe for drinking. Dear Sir/Madam, I wanted to check whether someone could look into the following matter regarding a public service issue in Hyderabad. The water supplied to our locality in our residential street has looked cloudy on two occasions this week. Residents are concerned about whether it is safe for drinking. Please arrange an inspection and let residents know if there is any issue with the supply. Location: Hyderabad, Telangana. Thank you for taking the time to read this. Regards, A concerned citizen",,"Hyderabad, Telangana",
EM000539,Email,2025-02-07 16:09:00,"Several houses around {place} have been without regular water supply since the weekend. We have been managing with stored water but that is becoming difficult. Dear Sir/Madam, I am contacting your department because I have been facing a problem regarding a public service issue in Coimbatore. Several houses around our residential street have been without regular water supply since the weekend. We have been managing with stored water but that is becoming difficult. I request that the supply issue be checked and resolved. Location: Coimbatore, Tamil Nadu. Thank you for taking the time to read this. Regards, A concerned citizen",,"Coimbatore, Tamil Nadu",
EM000540,Email,2025-02-17 20:20:00,"Our street in {place} has received very little water for the last few days. The supply comes for a short time and the pressure is too low for many households. Dear Sir/Madam, I am not sure which department handles this, so I am writing here for assistance regarding a public service issue in Guwahati. Our street in the eastern part of the locality has received very little water for the last few days. The supply comes for a short time and the pressure is too low for many households. Please check the local pipeline and supply schedule. This is not the first time we have faced this problem. Location: Guwahati, Assam. Kindly let me know what action can be taken. Regards, A concerned citizen",,"Guwahati, Assam",
EM000541,Email,2025-01-23 21:08:00,"Several houses around {place} have been without regular water supply since the weekend. We have been managing with stored water but that is becoming difficult. Dear Sir/Madam, I am writing after trying to get this issue resolved locally regarding a public service issue in Visakhapatnam. Several houses around the nearby housing area have been without regular water supply since the weekend. We have been managing with stored water but that is becoming difficult. I request that the supply issue be checked and resolved. I am attaching no personal documents; I only want the service issue to be addressed. Location: Visakhapatnam, Andhra Pradesh. Kindly let me know what action can be taken. Regards, A concerned citizen",,"Visakhapatnam, Andhra Pradesh",
EM000542,Email,2025-11-06 02:49:00,"Our street in {place} has received very little water for the last few days. The supply comes for a short time and the pressure is too low for many households. Dear Sir/Madam, I wanted to check whether someone could look into the following matter regarding a public service issue in Kochi. Our street in our residential street has received very little water for the last few days. The supply comes for a short time and the pressure is too low for many households. Please check the local pipeline and supply schedule. Location: Kochi, Kerala. Please acknowledge the complaint and advise me on the next step. Regards, A concerned citizen",,"Kochi, Kerala",
EM000543,Email,2025-05-15 16:25:00,"The water supplied to our locality in {place} has looked cloudy on two occasions this week. Residents are concerned about whether it is safe for drinking. Dear Sir/Madam, I am not sure which department handles this, so I am writing here for assistance regarding a public service issue in Imphal. The water supplied to our locality in the nearby housing area has looked cloudy on two occasions this week. Residents are concerned about whether it is safe for drinking. Please arrange an inspection and let residents know if there is any issue with the supply. I am attaching no personal documents; I only want the service issue to be addressed. Location: Imphal, Manipur. Kindly let me know what action can be taken. Regards, A concerned citizen",,"Imphal, Manipur",
EM000544,Email,2025-12-26 03:22:00,"Follow-up: The water supplied to our locality in {place} has looked cloudy on two occasions this week. Residents are concerned about whether it is safe for drinking. Dear Sir/Madam, I am writing after trying to get this issue resolved locally regarding a public service issue in Gangtok. The water supplied to our locality in the nearby housing area has looked cloudy on two occasions this week. Residents are concerned about whether it is safe for drinking. Please arrange an inspection and let residents know if there is any issue with the supply. Location: Gangtok, Sikkim. Please acknowledge the complaint and advise me on the next step. Regards, A concerned citizen",,"Gangtok, Sikkim",
EM000545,Email,2025-06-22 17:05:00,"There is a water pipeline leak near {place}. Water has been flowing onto the road since yesterday and the surrounding area has become muddy. Dear Sir/Madam, I would like to request your help regarding an issue in my locality regarding a public service issue in Imphal. There is a water pipeline leak near our residential street. Water has been flowing onto the road since yesterday and the surrounding area has become muddy. Could the leak be repaired at the earliest? Location: Imphal, Manipur. Kindly let me know what action can be taken. Regards, A concerned citizen",,"Imphal, Manipur",
EM000546,Email,2025-03-24 14:34:00,"There is a water pipeline leak near {place}. Water has been flowing onto the road since yesterday and the surrounding area has become muddy. Dear Sir/Madam, I am writing after trying to get this issue resolved locally regarding a public service issue in Ahmedabad. There is a water pipeline leak near our residential street. Water has been flowing onto the road since yesterday and the surrounding area has become muddy. Could the leak be repaired at the earliest? I had also mentioned this to the local office, but I have not received a clear update. Location: Ahmedabad, Gujarat. Please let me know if any additional details are required. Regards, A concerned citizen",,"Ahmedabad, Gujarat",
EM000547,Email,2025-03-16 20:32:00,"Our street in {place} has received very little water for the last few days. The supply comes for a short time and the pressure is too low for many households. Dear Sir/Madam, I am writing after trying to get this issue resolved locally regarding a public service issue in Kolkata. Our street in the nearby housing area has received very little water for the last few days. The supply comes for a short time and the pressure is too low for many households. Please check the local pipeline and supply schedule. Location: Kolkata, West Bengal. Thank you for taking the time to read this. Regards, A concerned citizen",,"Kolkata, West Bengal",
EM000548,Email,2025-01-29 07:56:00,"Several houses around {place} have been without regular water supply since the weekend. We have been managing with stored water but that is becoming difficult. Dear Sir/Madam, I would like to request your help regarding an issue in my locality regarding a public service issue in Bhopal. Several houses around our neighbourhood have been without regular water supply since the weekend. We have been managing with stored water but that is becoming difficult. I request that the supply issue be checked and resolved. Location: Bhopal, Madhya Pradesh. I would appreciate an update when possible. Regards, A concerned citizen",,"Bhopal, Madhya Pradesh",
EM000549,Email,2025-09-10 13:56:00,"The water tanker normally comes to our area in {place}, but it has not arrived for the last two scheduled visits. Dear Sir/Madam, I am writing to report an issue regarding a public service issue in Panaji. The water tanker normally comes to our area in the nearby housing area, but it has not arrived for the last two scheduled visits. Please let us know when the next supply will be provided. I had also mentioned this to the local office, but I have not received a clear update. Location: Panaji, Goa. Please let me know if any additional details are required. Regards, A concerned citizen",,"Panaji, Goa",
EM000550,Email,2025-04-08 00:14:00,"Follow-up: The water supplied to our locality in {place} has looked cloudy on two occasions this week. Residents are concerned about whether it is safe for drinking. Dear Sir/Madam, I am writing to report an issue regarding a public service issue in Shillong. The water supplied to our locality in the nearby housing area has looked cloudy on two occasions this week. Residents are concerned about whether it is safe for drinking. Please arrange an inspection and let residents know if there is any issue with the supply. Location: Shillong, Meghalaya. Please acknowledge the complaint and advise me on the next step. Regards, A concerned citizen",,"Shillong, Meghalaya",
EM000551,Email,2025-12-06 15:31:00,"Follow-up: The water tanker normally comes to our area in {place}, but it has not arrived for the last two scheduled visits. Dear Sir/Madam, I would like to request your help regarding an issue in my locality regarding a public service issue in Jaipur. The water tanker normally comes to our area in the nearby housing area, but it has not arrived for the last two scheduled visits. Please let us know when the next supply will be provided. Location: Jaipur, Rajasthan. Please acknowledge the complaint and advise me on the next step. Regards, A concerned citizen",,"Jaipur, Rajasthan",
EM000552,Email,2025-01-25 12:07:00,"There is a water pipeline leak near {place}. Water has been flowing onto the road since yesterday and the surrounding area has become muddy. Dear Sir/Madam, I am not sure which department handles this, so I am writing here for assistance regarding a public service issue in Dehradun. There is a water pipeline leak near the eastern part of the locality. Water has been flowing onto the road since yesterday and the surrounding area has become muddy. Could the leak be repaired at the earliest? I am attaching no personal documents; I only want the service issue to be addressed. Location: Dehradun, Uttarakhand. Please acknowledge the complaint and advise me on the next step. Regards, A concerned citizen",,"Dehradun, Uttarakhand",
EM000553,Email,2025-12-13 23:32:00,"Concern regarding The water supplied to our locality in {place} has looked cloudy on two occasions this week. Residents are concerned about whether it is safe for drinking. Dear Sir/Madam, I wanted to check whether someone could look into the following matter regarding a public service issue in Coimbatore. The water supplied to our locality in the nearby housing area has looked cloudy on two occasions this week. Residents are concerned about whether it is safe for drinking. Please arrange an inspection and let residents know if there is any issue with the supply. This is not the first time we have faced this problem. Location: Coimbatore, Tamil Nadu. Please acknowledge the complaint and advise me on the next step. Regards, A concerned citizen",,"Coimbatore, Tamil Nadu",
EM000554,Email,2025-12-05 06:38:00,"Our street in {place} has received very little water for the last few days. The supply comes for a short time and the pressure is too low for many households. Dear Sir/Madam, I am a resident of the area and would like to raise a concern regarding a public service issue in Ahmedabad. Our street in the nearby housing area has received very little water for the last few days. The supply comes for a short time and the pressure is too low for many households. Please check the local pipeline and supply schedule. I had also mentioned this to the local office, but I have not received a clear update. Location: Ahmedabad, Gujarat. Kindly let me know what action can be taken. Regards, A concerned citizen",,"Ahmedabad, Gujarat",
EM000555,Email,2025-12-14 12:35:00,"Concern regarding There is a water pipeline leak near {place}. Water has been flowing onto the road since yesterday and the surrounding area has become muddy. Dear Sir/Madam, I would like to request your help regarding an issue in my locality regarding a public service issue in Aizawl. There is a water pipeline leak near the market-side streets. Water has been flowing onto the road since yesterday and the surrounding area has become muddy. Could the leak be repaired at the earliest? I had also mentioned this to the local office, but I have not received a clear update. Location: Aizawl, Mizoram. Please acknowledge the complaint and advise me on the next step. Regards, A concerned citizen",,"Aizawl, Mizoram",
EM000556,Email,2025-03-27 21:37:00,"Our street in {place} has received very little water for the last few days. The supply comes for a short time and the pressure is too low for many households. Dear Sir/Madam, I wanted to check whether someone could look into the following matter regarding a public service issue in Agartala. Our street in the market-side streets has received very little water for the last few days. The supply comes for a short time and the pressure is too low for many households. Please check the local pipeline and supply schedule. I had also mentioned this to the local office, but I have not received a clear update. Location: Agartala, Tripura. Please acknowledge the complaint and advise me on the next step. Regards, A concerned citizen",,"Agartala, Tripura",
EM000557,Email,2025-02-13 18:32:00,"The water supplied to our locality in {place} has looked cloudy on two occasions this week. Residents are concerned about whether it is safe for drinking. Dear Sir/Madam, I am writing after trying to get this issue resolved locally regarding a public service issue in Kolkata. The water supplied to our locality in the eastern part of the locality has looked cloudy on two occasions this week. Residents are concerned about whether it is safe for drinking. Please arrange an inspection and let residents know if there is any issue with the supply. I had also mentioned this to the local office, but I have not received a clear update. Location: Kolkata, West Bengal. Kindly let me know what action can be taken. Regards, A concerned citizen",,"Kolkata, West Bengal",
EM000558,Email,2025-07-10 04:50:00,"Request for assistance - The water supplied to our locality in {place} has looked cloudy on two occasions this week. Residents are concerned about whether it is safe for drinking. Dear Sir/Madam, I wanted to check whether someone could look into the following matter regarding a public service issue in Ranchi. The water supplied to our locality in the eastern part of the locality has looked cloudy on two occasions this week. Residents are concerned about whether it is safe for drinking. Please arrange an inspection and let residents know if there is any issue with the supply. I understand that some delays are unavoidable, but the current situation is becoming difficult. Location: Ranchi, Jharkhand. Please acknowledge the complaint and advise me on the next step. Regards, A concerned citizen",,"Ranchi, Jharkhand",
EM000559,Email,2025-06-04 21:48:00,"The water supplied to our locality in {place} has looked cloudy on two occasions this week. Residents are concerned about whether it is safe for drinking. Dear Sir/Madam, I wanted to check whether someone could look into the following matter regarding a public service issue in Gangtok. The water supplied to our locality in our residential street has looked cloudy on two occasions this week. Residents are concerned about whether it is safe for drinking. Please arrange an inspection and let residents know if there is any issue with the supply. Location: Gangtok, Sikkim. Kindly let me know what action can be taken. Regards, A concerned citizen",,"Gangtok, Sikkim",
EM000560,Email,2025-02-20 21:07:00,"Several houses around {place} have been without regular water supply since the weekend. We have been managing with stored water but that is becoming difficult. Dear Sir/Madam, I am a resident of the area and would like to raise a concern regarding a public service issue in Kohima. Several houses around the market-side streets have been without regular water supply since the weekend. We have been managing with stored water but that is becoming difficult. I request that the supply issue be checked and resolved. I am attaching no personal documents; I only want the service issue to be addressed. Location: Kohima, Nagaland. Thank you for taking the time to read this. Regards, A concerned citizen",,"Kohima, Nagaland",
EM000561,Email,2025-01-21 09:42:00,"There is a water pipeline leak near {place}. Water has been flowing onto the road since yesterday and the surrounding area has become muddy. Dear Sir/Madam, I wanted to bring a problem to your notice regarding a public service issue in Bengaluru. There is a water pipeline leak near the eastern part of the locality. Water has been flowing onto the road since yesterday and the surrounding area has become muddy. Could the leak be repaired at the earliest? I am attaching no personal documents; I only want the service issue to be addressed. Location: Bengaluru, Karnataka. Please acknowledge the complaint and advise me on the next step. Regards, A concerned citizen",,"Bengaluru, Karnataka",
EM000562,Email,2025-01-01 13:34:00,"The water tanker normally comes to our area in {place}, but it has not arrived for the last two scheduled visits. Dear Sir/Madam, I am writing after trying to get this issue resolved locally regarding a public service issue in Coimbatore. The water tanker normally comes to our area in the eastern part of the locality, but it has not arrived for the last two scheduled visits. Please let us know when the next supply will be provided. Location: Coimbatore, Tamil Nadu. Kindly let me know what action can be taken. Regards, A concerned citizen",,"Coimbatore, Tamil Nadu",
EM000563,Email,2025-03-22 16:32:00,"The water supplied to our locality in {place} has looked cloudy on two occasions this week. Residents are concerned about whether it is safe for drinking. Dear Sir/Madam, I wanted to bring a problem to your notice regarding a public service issue in Pune. The water supplied to our locality in our neighbourhood has looked cloudy on two occasions this week. Residents are concerned about whether it is safe for drinking. Please arrange an inspection and let residents know if there is any issue with the supply. Location: Pune, Maharashtra. Please let me know if any additional details are required. Regards, A concerned citizen",,"Pune, Maharashtra",
EM000564,Email,2025-08-09 14:29:00,"Request for assistance - Our street in {place} has received very little water for the last few days. The supply comes for a short time and the pressure is too low for many households. Dear Sir/Madam, I am writing after trying to get this issue resolved locally regarding a public service issue in Panaji. Our street in our residential street has received very little water for the last few days. The supply comes for a short time and the pressure is too low for many households. Please check the local pipeline and supply schedule. I am attaching no personal documents; I only want the service issue to be addressed. Location: Panaji, Goa. I hope the department can look into this soon. Regards, A concerned citizen",,"Panaji, Goa",
EM000565,Email,2025-04-01 09:08:00,"There is a water pipeline leak near {place}. Water has been flowing onto the road since yesterday and the surrounding area has become muddy. Dear Sir/Madam, I wanted to check whether someone could look into the following matter regarding a public service issue in Aizawl. There is a water pipeline leak near the eastern part of the locality. Water has been flowing onto the road since yesterday and the surrounding area has become muddy. Could the leak be repaired at the earliest? Location: Aizawl, Mizoram. Kindly let me know what action can be taken. Regards, A concerned citizen",,"Aizawl, Mizoram",
EM000566,Email,2025-02-10 03:56:00,"Our street in {place} has received very little water for the last few days. The supply comes for a short time and the pressure is too low for many households. Dear Sir/Madam, I am writing after trying to get this issue resolved locally regarding a public service issue in Leh. Our street in the market-side streets has received very little water for the last few days. The supply comes for a short time and the pressure is too low for many households. Please check the local pipeline and supply schedule. Location: Leh, Ladakh. Please let me know if any additional details are required. Regards, A concerned citizen",,"Leh, Ladakh",
EM000567,Email,2025-08-21 22:27:00,"Several houses around {place} have been without regular water supply since the weekend. We have been managing with stored water but that is becoming difficult. Dear Sir/Madam, I would like to request your help regarding an issue in my locality regarding a public service issue in Bhubaneswar. Several houses around our neighbourhood have been without regular water supply since the weekend. We have been managing with stored water but that is becoming difficult. I request that the supply issue be checked and resolved. Location: Bhubaneswar, Odisha. Thank you for taking the time to read this. Regards, A concerned citizen",,"Bhubaneswar, Odisha",
EM000568,Email,2025-12-23 22:55:00,"The water tanker normally comes to our area in {place}, but it has not arrived for the last two scheduled visits. Dear Sir/Madam, I am writing to report an issue regarding a public service issue in Patna. The water tanker normally comes to our area in our residential street, but it has not arrived for the last two scheduled visits. Please let us know when the next supply will be provided. I am attaching no personal documents; I only want the service issue to be addressed. Location: Patna, Bihar. Please let me know if any additional details are required. Regards, A concerned citizen",,"Patna, Bihar",
EM000569,Email,2025-02-16 19:07:00,"There is a water pipeline leak near {place}. Water has been flowing onto the road since yesterday and the surrounding area has become muddy. Dear Sir/Madam, I am writing after trying to get this issue resolved locally regarding a public service issue in Shimla. There is a water pipeline leak near the eastern part of the locality. Water has been flowing onto the road since yesterday and the surrounding area has become muddy. Could the leak be repaired at the earliest? This is not the first time we have faced this problem. Location: Shimla, Himachal Pradesh. Please acknowledge the complaint and advise me on the next step. Regards, A concerned citizen",,"Shimla, Himachal Pradesh",
EM000570,Email,2025-05-20 15:12:00,"Several houses around {place} have been without regular water supply since the weekend. We have been managing with stored water but that is becoming difficult. Dear Sir/Madam, I am writing after trying to get this issue resolved locally regarding a public service issue in Shillong. Several houses around the eastern part of the locality have been without regular water supply since the weekend. We have been managing with stored water but that is becoming difficult. I request that the supply issue be checked and resolved. I am mainly looking for a clear update and a practical solution. Location: Shillong, Meghalaya. Thank you for taking the time to read this. Regards, A concerned citizen",,"Shillong, Meghalaya",
EM000571,Email,2025-01-02 21:10:00,"The water supplied to our locality in {place} has looked cloudy on two occasions this week. Residents are concerned about whether it is safe for drinking. Dear Sir/Madam, I wanted to bring a problem to your notice regarding a public service issue in Agartala. The water supplied to our locality in the market-side streets has looked cloudy on two occasions this week. Residents are concerned about whether it is safe for drinking. Please arrange an inspection and let residents know if there is any issue with the supply. I understand that some delays are unavoidable, but the current situation is becoming difficult. Location: Agartala, Tripura. I hope the department can look into this soon. Regards, A concerned citizen",,"Agartala, Tripura",
EM000572,Email,2025-04-01 06:43:00,"There is a water pipeline leak near {place}. Water has been flowing onto the road since yesterday and the surrounding area has become muddy. Dear Sir/Madam, I am a resident of the area and would like to raise a concern regarding a public service issue in Agartala. There is a water pipeline leak near our neighbourhood. Water has been flowing onto the road since yesterday and the surrounding area has become muddy. Could the leak be repaired at the earliest? I am mainly looking for a clear update and a practical solution. Location: Agartala, Tripura. Please let me know if any additional details are required. Regards, A concerned citizen",,"Agartala, Tripura",
EM000573,Email,2025-09-10 23:57:00,"There is a water pipeline leak near {place}. Water has been flowing onto the road since yesterday and the surrounding area has become muddy. Dear Sir/Madam, I am writing after trying to get this issue resolved locally regarding a public service issue in New Delhi. There is a water pipeline leak near the market-side streets. Water has been flowing onto the road since yesterday and the surrounding area has become muddy. Could the leak be repaired at the earliest? I am attaching no personal documents; I only want the service issue to be addressed. Location: New Delhi, Delhi. Please let me know if any additional details are required. Regards, A concerned citizen",,"New Delhi, Delhi",
EM000574,Email,2025-06-29 17:27:00,"Our street in {place} has received very little water for the last few days. The supply comes for a short time and the pressure is too low for many households. Dear Sir/Madam, I am writing to report an issue regarding a public service issue in Dehradun. Our street in our neighbourhood has received very little water for the last few days. The supply comes for a short time and the pressure is too low for many households. Please check the local pipeline and supply schedule. I am attaching no personal documents; I only want the service issue to be addressed. Location: Dehradun, Uttarakhand. Please let me know if any additional details are required. Regards, A concerned citizen",,"Dehradun, Uttarakhand",
EM000575,Email,2025-09-13 17:09:00,"There is a water pipeline leak near {place}. Water has been flowing onto the road since yesterday and the surrounding area has become muddy. Dear Sir/Madam, I am not sure which department handles this, so I am writing here for assistance regarding a public service issue in Gangtok. There is a water pipeline leak near the eastern part of the locality. Water has been flowing onto the road since yesterday and the surrounding area has become muddy. Could the leak be repaired at the earliest? I am mainly looking for a clear update and a practical solution. Location: Gangtok, Sikkim. Kindly let me know what action can be taken. Regards, A concerned citizen",,"Gangtok, Sikkim",
EM000576,Email,2025-08-26 04:17:00,"Our street in {place} has received very little water for the last few days. The supply comes for a short time and the pressure is too low for many households. Dear Sir/Madam, I wanted to check whether someone could look into the following matter regarding a public service issue in Aizawl. Our street in our residential street has received very little water for the last few days. The supply comes for a short time and the pressure is too low for many households. Please check the local pipeline and supply schedule. I am attaching no personal documents; I only want the service issue to be addressed. Location: Aizawl, Mizoram. Please acknowledge the complaint and advise me on the next step. Regards, A concerned citizen",,"Aizawl, Mizoram",
EM000577,Email,2025-09-19 07:08:00,"The water supplied to our locality in {place} has looked cloudy on two occasions this week. Residents are concerned about whether it is safe for drinking. Dear Sir/Madam, I am not sure which department handles this, so I am writing here for assistance regarding a public service issue in Gurugram. The water supplied to our locality in the eastern part of the locality has looked cloudy on two occasions this week. Residents are concerned about whether it is safe for drinking. Please arrange an inspection and let residents know if there is any issue with the supply. Location: Gurugram, Haryana. Please acknowledge the complaint and advise me on the next step. Regards, A concerned citizen",,"Gurugram, Haryana",
EM000578,Email,2025-12-06 11:42:00,"Request for assistance - Several houses around {place} have been without regular water supply since the weekend. We have been managing with stored water but that is becoming difficult. Dear Sir/Madam, I am writing to report an issue regarding a public service issue in Srinagar. Several houses around the market-side streets have been without regular water supply since the weekend. We have been managing with stored water but that is becoming difficult. I request that the supply issue be checked and resolved. Location: Srinagar, Jammu and Kashmir. Please acknowledge the complaint and advise me on the next step. Regards, A concerned citizen",,"Srinagar, Jammu and Kashmir",
EM000579,Email,2025-05-17 14:26:00,"Request for assistance - The water supplied to our locality in {place} has looked cloudy on two occasions this week. Residents are concerned about whether it is safe for drinking. Dear Sir/Madam, I am a resident of the area and would like to raise a concern regarding a public service issue in New Delhi. The water supplied to our locality in the eastern part of the locality has looked cloudy on two occasions this week. Residents are concerned about whether it is safe for drinking. Please arrange an inspection and let residents know if there is any issue with the supply. Location: New Delhi, Delhi. Thank you for taking the time to read this. Regards, A concerned citizen",,"New Delhi, Delhi",
EM000580,Email,2025-02-06 13:19:00,"There is a water pipeline leak near {place}. Water has been flowing onto the road since yesterday and the surrounding area has become muddy. Dear Sir/Madam, I am a resident of the area and would like to raise a concern regarding a public service issue in Visakhapatnam. There is a water pipeline leak near our neighbourhood. Water has been flowing onto the road since yesterday and the surrounding area has become muddy. Could the leak be repaired at the earliest? Location: Visakhapatnam, Andhra Pradesh. Kindly let me know what action can be taken. Regards, A concerned citizen",,"Visakhapatnam, Andhra Pradesh",
EM000581,Email,2025-07-18 05:58:00,"There is a water pipeline leak near {place}. Water has been flowing onto the road since yesterday and the surrounding area has become muddy. Dear Sir/Madam, I am writing after trying to get this issue resolved locally regarding a public service issue in New Delhi. There is a water pipeline leak near the market-side streets. Water has been flowing onto the road since yesterday and the surrounding area has become muddy. Could the leak be repaired at the earliest? Location: New Delhi, Delhi. Please acknowledge the complaint and advise me on the next step. Regards, A concerned citizen",,"New Delhi, Delhi",
EM000582,Email,2025-01-12 01:08:00,"There is a water pipeline leak near {place}. Water has been flowing onto the road since yesterday and the surrounding area has become muddy. Dear Sir/Madam, I am writing to report an issue regarding a public service issue in Kolkata. There is a water pipeline leak near the nearby housing area. Water has been flowing onto the road since yesterday and the surrounding area has become muddy. Could the leak be repaired at the earliest? I am attaching no personal documents; I only want the service issue to be addressed. Location: Kolkata, West Bengal. I hope the department can look into this soon. Regards, A concerned citizen",,"Kolkata, West Bengal",
EM000583,Email,2025-03-05 23:31:00,"Our street in {place} has received very little water for the last few days. The supply comes for a short time and the pressure is too low for many households. Dear Sir/Madam, I wanted to check whether someone could look into the following matter regarding a public service issue in Itanagar. Our street in our neighbourhood has received very little water for the last few days. The supply comes for a short time and the pressure is too low for many households. Please check the local pipeline and supply schedule. Location: Itanagar, Arunachal Pradesh. Please acknowledge the complaint and advise me on the next step. Regards, A concerned citizen",,"Itanagar, Arunachal Pradesh",
EM000584,Email,2025-03-28 11:20:00,"There is a water pipeline leak near {place}. Water has been flowing onto the road since yesterday and the surrounding area has become muddy. Dear Sir/Madam, I wanted to bring a problem to your notice regarding a public service issue in Hyderabad. There is a water pipeline leak near the eastern part of the locality. Water has been flowing onto the road since yesterday and the surrounding area has become muddy. Could the leak be repaired at the earliest? I am mainly looking for a clear update and a practical solution. Location: Hyderabad, Telangana. Please acknowledge the complaint and advise me on the next step. Regards, A concerned citizen",,"Hyderabad, Telangana",
EM000585,Email,2025-09-24 09:30:00,"Several houses around {place} have been without regular water supply since the weekend. We have been managing with stored water but that is becoming difficult. Dear Sir/Madam, I am not sure which department handles this, so I am writing here for assistance regarding a public service issue in Jaipur. Several houses around our residential street have been without regular water supply since the weekend. We have been managing with stored water but that is becoming difficult. I request that the supply issue be checked and resolved. I had also mentioned this to the local office, but I have not received a clear update. Location: Jaipur, Rajasthan. Kindly let me know what action can be taken. Regards, A concerned citizen",,"Jaipur, Rajasthan",
EM000586,Email,2025-01-13 21:27:00,"Request for assistance - Several houses around {place} have been without regular water supply since the weekend. We have been managing with stored water but that is becoming difficult. Dear Sir/Madam, I would like to request your help regarding an issue in my locality regarding a public service issue in Itanagar. Several houses around our residential street have been without regular water supply since the weekend. We have been managing with stored water but that is becoming difficult. I request that the supply issue be checked and resolved. I understand that some delays are unavoidable, but the current situation is becoming difficult. Location: Itanagar, Arunachal Pradesh. Thank you for taking the time to read this. Regards, A concerned citizen",,"Itanagar, Arunachal Pradesh",
EM000587,Email,2025-07-25 05:17:00,"Request for assistance - Several houses around {place} have been without regular water supply since the weekend. We have been managing with stored water but that is becoming difficult. Dear Sir/Madam, I am a resident of the area and would like to raise a concern regarding a public service issue in Itanagar. Several houses around our neighbourhood have been without regular water supply since the weekend. We have been managing with stored water but that is becoming difficult. I request that the supply issue be checked and resolved. Location: Itanagar, Arunachal Pradesh. Please let me know if any additional details are required. Regards, A concerned citizen",,"Itanagar, Arunachal Pradesh",
EM000588,Email,2025-02-27 11:35:00,"The water supplied to our locality in {place} has looked cloudy on two occasions this week. Residents are concerned about whether it is safe for drinking. Dear Sir/Madam, I am writing after trying to get this issue resolved locally regarding a public service issue in Ranchi. The water supplied to our locality in the eastern part of the locality has looked cloudy on two occasions this week. Residents are concerned about whether it is safe for drinking. Please arrange an inspection and let residents know if there is any issue with the supply. Location: Ranchi, Jharkhand. I would appreciate an update when possible. Regards, A concerned citizen",,"Ranchi, Jharkhand",
EM000589,Email,2025-08-23 11:26:00,"There is a water pipeline leak near {place}. Water has been flowing onto the road since yesterday and the surrounding area has become muddy. Dear Sir/Madam, I wanted to check whether someone could look into the following matter regarding a public service issue in Itanagar. There is a water pipeline leak near the nearby housing area. Water has been flowing onto the road since yesterday and the surrounding area has become muddy. Could the leak be repaired at the earliest? I am attaching no personal documents; I only want the service issue to be addressed. Location: Itanagar, Arunachal Pradesh. Please acknowledge the complaint and advise me on the next step. Regards, A concerned citizen",,"Itanagar, Arunachal Pradesh",
EM000590,Email,2025-02-16 11:19:00,"Several houses around {place} have been without regular water supply since the weekend. We have been managing with stored water but that is becoming difficult. Dear Sir/Madam, I wanted to check whether someone could look into the following matter regarding a public service issue in Kochi. Several houses around our neighbourhood have been without regular water supply since the weekend. We have been managing with stored water but that is becoming difficult. I request that the supply issue be checked and resolved. I am mainly looking for a clear update and a practical solution. Location: Kochi, Kerala. I would appreciate an update when possible. Regards, A concerned citizen",,"Kochi, Kerala",
EM000591,Email,2025-01-31 18:37:00,"Request for assistance - The water supplied to our locality in {place} has looked cloudy on two occasions this week. Residents are concerned about whether it is safe for drinking. Dear Sir/Madam, I am writing to report an issue regarding a public service issue in Visakhapatnam. The water supplied to our locality in the eastern part of the locality has looked cloudy on two occasions this week. Residents are concerned about whether it is safe for drinking. Please arrange an inspection and let residents know if there is any issue with the supply. Location: Visakhapatnam, Andhra Pradesh. I would appreciate an update when possible. Regards, A concerned citizen",,"Visakhapatnam, Andhra Pradesh",
EM000592,Email,2025-09-30 04:05:00,"Request for assistance - Our street in {place} has received very little water for the last few days. The supply comes for a short time and the pressure is too low for many households. Dear Sir/Madam, I am contacting your department because I have been facing a problem regarding a public service issue in Ludhiana. Our street in our neighbourhood has received very little water for the last few days. The supply comes for a short time and the pressure is too low for many households. Please check the local pipeline and supply schedule. I had also mentioned this to the local office, but I have not received a clear update. Location: Ludhiana, Punjab. Please let me know if any additional details are required. Regards, A concerned citizen",,"Ludhiana, Punjab",
EM000593,Email,2025-10-09 19:18:00,"Several houses around {place} have been without regular water supply since the weekend. We have been managing with stored water but that is becoming difficult. Dear Sir/Madam, I wanted to check whether someone could look into the following matter regarding a public service issue in Imphal. Several houses around the nearby housing area have been without regular water supply since the weekend. We have been managing with stored water but that is becoming difficult. I request that the supply issue be checked and resolved. This is not the first time we have faced this problem. Location: Imphal, Manipur. Please acknowledge the complaint and advise me on the next step. Regards, A concerned citizen",,"Imphal, Manipur",
EM000594,Email,2025-08-23 03:15:00,"Concern regarding Our street in {place} has received very little water for the last few days. The supply comes for a short time and the pressure is too low for many households. Dear Sir/Madam, I wanted to check whether someone could look into the following matter regarding a public service issue in Agartala. Our street in our neighbourhood has received very little water for the last few days. The supply comes for a short time and the pressure is too low for many households. Please check the local pipeline and supply schedule. I understand that some delays are unavoidable, but the current situation is becoming difficult. Location: Agartala, Tripura. Please acknowledge the complaint and advise me on the next step. Regards, A concerned citizen",,"Agartala, Tripura",
EM000595,Email,2025-08-21 00:37:00,"Our street in {place} has received very little water for the last few days. The supply comes for a short time and the pressure is too low for many households. Dear Sir/Madam, I am writing after trying to get this issue resolved locally regarding a public service issue in Shimla. Our street in the eastern part of the locality has received very little water for the last few days. The supply comes for a short time and the pressure is too low for many households. Please check the local pipeline and supply schedule. I had also mentioned this to the local office, but I have not received a clear update. Location: Shimla, Himachal Pradesh. I hope the department can look into this soon. Regards, A concerned citizen",,"Shimla, Himachal Pradesh",
EM000596,Email,2025-09-17 00:23:00,"There is a water pipeline leak near {place}. Water has been flowing onto the road since yesterday and the surrounding area has become muddy. Dear Sir/Madam, I am not sure which department handles this, so I am writing here for assistance regarding a public service issue in Ludhiana. There is a water pipeline leak near our neighbourhood. Water has been flowing onto the road since yesterday and the surrounding area has become muddy. Could the leak be repaired at the earliest? Location: Ludhiana, Punjab. Kindly let me know what action can be taken. Regards, A concerned citizen",,"Ludhiana, Punjab",
EM000597,Email,2025-05-19 07:22:00,"Our street in {place} has received very little water for the last few days. The supply comes for a short time and the pressure is too low for many households. Dear Sir/Madam, I am writing after trying to get this issue resolved locally regarding a public service issue in Shimla. Our street in the eastern part of the locality has received very little water for the last few days. The supply comes for a short time and the pressure is too low for many households. Please check the local pipeline and supply schedule. Location: Shimla, Himachal Pradesh. Thank you for taking the time to read this. Regards, A concerned citizen",,"Shimla, Himachal Pradesh",
EM000598,Email,2025-06-19 12:46:00,"Our street in {place} has received very little water for the last few days. The supply comes for a short time and the pressure is too low for many households. Dear Sir/Madam, I am writing after trying to get this issue resolved locally regarding a public service issue in Hyderabad. Our street in the market-side streets has received very little water for the last few days. The supply comes for a short time and the pressure is too low for many households. Please check the local pipeline and supply schedule. This is not the first time we have faced this problem. Location: Hyderabad, Telangana. Please acknowledge the complaint and advise me on the next step. Regards, A concerned citizen",,"Hyderabad, Telangana",
EM000599,Email,2025-12-05 16:32:00,"There is a water pipeline leak near {place}. Water has been flowing onto the road since yesterday and the surrounding area has become muddy. Dear Sir/Madam, I am writing to report an issue regarding a public service issue in Bengaluru. There is a water pipeline leak near the nearby housing area. Water has been flowing onto the road since yesterday and the surrounding area has become muddy. Could the leak be repaired at the earliest? This is not the first time we have faced this problem. Location: Bengaluru, Karnataka. I hope the department can look into this soon. Regards, A concerned citizen",,"Bengaluru, Karnataka",
EM000600,Email,2025-03-16 18:02:00,"The water tanker normally comes to our area in {place}, but it has not arrived for the last two scheduled visits. Dear Sir/Madam, I am contacting your department because I have been facing a problem regarding a public service issue in Bhopal. The water tanker normally comes to our area in our residential street, but it has not arrived for the last two scheduled visits. Please let us know when the next supply will be provided. Location: Bhopal, Madhya Pradesh. Thank you for taking the time to read this. Regards, A concerned citizen",,"Bhopal, Madhya Pradesh",
EM000601,Email,2025-06-02 02:43:00,"There is a water pipeline leak near {place}. Water has been flowing onto the road since yesterday and the surrounding area has become muddy. Dear Sir/Madam, I am writing after trying to get this issue resolved locally regarding a public service issue in New Delhi. There is a water pipeline leak near the nearby housing area. Water has been flowing onto the road since yesterday and the surrounding area has become muddy. Could the leak be repaired at the earliest? This is not the first time we have faced this problem. Location: New Delhi, Delhi. Please let me know if any additional details are required. Regards, A concerned citizen",,"New Delhi, Delhi",
EM000602,Email,2025-01-19 08:50:00,"Our street in {place} has received very little water for the last few days. The supply comes for a short time and the pressure is too low for many households. Dear Sir/Madam, I would like to request your help regarding an issue in my locality regarding a public service issue in Leh. Our street in our residential street has received very little water for the last few days. The supply comes for a short time and the pressure is too low for many households. Please check the local pipeline and supply schedule. Location: Leh, Ladakh. Please let me know if any additional details are required. Regards, A concerned citizen",,"Leh, Ladakh",
EM000603,Email,2025-11-23 11:47:00,"There is a water pipeline leak near {place}. Water has been flowing onto the road since yesterday and the surrounding area has become muddy. Dear Sir/Madam, I am not sure which department handles this, so I am writing here for assistance regarding a public service issue in Imphal. There is a water pipeline leak near the nearby housing area. Water has been flowing onto the road since yesterday and the surrounding area has become muddy. Could the leak be repaired at the earliest? I understand that some delays are unavoidable, but the current situation is becoming difficult. Location: Imphal, Manipur. I hope the department can look into this soon. Regards, A concerned citizen",,"Imphal, Manipur",
EM000604,Email,2025-06-16 08:16:00,"Our street in {place} has received very little water for the last few days. The supply comes for a short time and the pressure is too low for many households. Dear Sir/Madam, I am writing after trying to get this issue resolved locally regarding a public service issue in Kohima. Our street in our neighbourhood has received very little water for the last few days. The supply comes for a short time and the pressure is too low for many households. Please check the local pipeline and supply schedule. I understand that some delays are unavoidable, but the current situation is becoming difficult. Location: Kohima, Nagaland. Please let me know if any additional details are required. Regards, A concerned citizen",,"Kohima, Nagaland",
EM000605,Email,2025-12-04 17:17:00,"The water tanker normally comes to our area in {place}, but it has not arrived for the last two scheduled visits. Dear Sir/Madam, I am contacting your department because I have been facing a problem regarding a public service issue in Imphal. The water tanker normally comes to our area in our neighbourhood, but it has not arrived for the last two scheduled visits. Please let us know when the next supply will be provided. I am mainly looking for a clear update and a practical solution. Location: Imphal, Manipur. Kindly let me know what action can be taken. Regards, A concerned citizen",,"Imphal, Manipur",
EM000606,Email,2025-08-25 22:51:00,"Request for assistance - Our street in {place} has received very little water for the last few days. The supply comes for a short time and the pressure is too low for many households. Dear Sir/Madam, I am writing to report an issue regarding a public service issue in Aizawl. Our street in the eastern part of the locality has received very little water for the last few days. The supply comes for a short time and the pressure is too low for many households. Please check the local pipeline and supply schedule. I understand that some delays are unavoidable, but the current situation is becoming difficult. Location: Aizawl, Mizoram. I would appreciate an update when possible. Regards, A concerned citizen",,"Aizawl, Mizoram",
EM000607,Email,2025-02-21 11:57:00,"Concern regarding Several houses around {place} have been without regular water supply since the weekend. We have been managing with stored water but that is becoming difficult. Dear Sir/Madam, I am a resident of the area and would like to raise a concern regarding a public service issue in Ahmedabad. Several houses around the eastern part of the locality have been without regular water supply since the weekend. We have been managing with stored water but that is becoming difficult. I request that the supply issue be checked and resolved. I had also mentioned this to the local office, but I have not received a clear update. Location: Ahmedabad, Gujarat. Please let me know if any additional details are required. Regards, A concerned citizen",,"Ahmedabad, Gujarat",
EM000608,Email,2025-04-10 20:17:00,"There is a water pipeline leak near {place}. Water has been flowing onto the road since yesterday and the surrounding area has become muddy. Dear Sir/Madam, I am writing to report an issue regarding a public service issue in Ranchi. There is a water pipeline leak near the market-side streets. Water has been flowing onto the road since yesterday and the surrounding area has become muddy. Could the leak be repaired at the earliest? I had also mentioned this to the local office, but I have not received a clear update. Location: Ranchi, Jharkhand. I hope the department can look into this soon. Regards, A concerned citizen",,"Ranchi, Jharkhand",
EM000609,Email,2025-01-13 11:19:00,"Several houses around {place} have been without regular water supply since the weekend. We have been managing with stored water but that is becoming difficult. Dear Sir/Madam, I am contacting your department because I have been facing a problem regarding a public service issue in Guwahati. Several houses around our neighbourhood have been without regular water supply since the weekend. We have been managing with stored water but that is becoming difficult. I request that the supply issue be checked and resolved. Location: Guwahati, Assam. I hope the department can look into this soon. Regards, A concerned citizen",,"Guwahati, Assam",
EM000610,Email,2025-01-11 23:15:00,"The water tanker normally comes to our area in {place}, but it has not arrived for the last two scheduled visits. Dear Sir/Madam, I am not sure which department handles this, so I am writing here for assistance regarding a public service issue in Aizawl. The water tanker normally comes to our area in the eastern part of the locality, but it has not arrived for the last two scheduled visits. Please let us know when the next supply will be provided. Location: Aizawl, Mizoram. I would appreciate an update when possible. Regards, A concerned citizen",,"Aizawl, Mizoram",
EM000611,Email,2025-12-16 08:13:00,"I visited the government hospital in {place} this week and had to wait for several hours before being seen. The waiting area was already crowded when I arrived. Dear Sir/Madam, I wanted to check whether someone could look into the following matter regarding a public service issue in Shimla. I visited the government hospital in the main government hospital this week and had to wait for several hours before being seen. The waiting area was already crowded when I arrived. Could the outpatient process be improved or additional counters be arranged during busy hours? I am attaching no personal documents; I only want the service issue to be addressed. Location: Shimla, Himachal Pradesh. Kindly let me know what action can be taken. Regards, A concerned citizen",,"Shimla, Himachal Pradesh",
EM000612,Email,2025-12-20 21:12:00,"The online appointment page for the public hospital in {place} has not been working consistently. It either fails to load or does not show available slots. Dear Sir/Madam, I am writing to report an issue regarding a public service issue in Coimbatore. The online appointment page for the public hospital in the public clinic has not been working consistently. It either fails to load or does not show available slots. Could the technical issue be checked? Location: Coimbatore, Tamil Nadu. Thank you for taking the time to read this. Regards, A concerned citizen",,"Coimbatore, Tamil Nadu",
EM000613,Email,2025-02-14 13:05:00,"We called for an ambulance from {place} for an elderly relative and experienced a significant delay. Fortunately the situation did not become critical. Dear Sir/Madam, I am a resident of the area and would like to raise a concern regarding a public service issue in Jaipur. We called for an ambulance from the government health centre for an elderly relative and experienced a significant delay. Fortunately the situation did not become critical. Please look into the response time in this area. This is not the first time we have faced this problem. Location: Jaipur, Rajasthan. Thank you for taking the time to read this. Regards, A concerned citizen",,"Jaipur, Rajasthan",
EM000614,Email,2025-09-17 13:04:00,"We called for an ambulance from {place} for an elderly relative and experienced a significant delay. Fortunately the situation did not become critical. Dear Sir/Madam, I am not sure which department handles this, so I am writing here for assistance regarding a public service issue in Kohima. We called for an ambulance from the main government hospital for an elderly relative and experienced a significant delay. Fortunately the situation did not become critical. Please look into the response time in this area. I had also mentioned this to the local office, but I have not received a clear update. Location: Kohima, Nagaland. I hope the department can look into this soon. Regards, A concerned citizen",,"Kohima, Nagaland",
EM000615,Email,2025-06-19 06:51:00,"I visited the government hospital in {place} this week and had to wait for several hours before being seen. The waiting area was already crowded when I arrived. Dear Sir/Madam, I am a resident of the area and would like to raise a concern regarding a public service issue in Kohima. I visited the government hospital in the primary health centre this week and had to wait for several hours before being seen. The waiting area was already crowded when I arrived. Could the outpatient process be improved or additional counters be arranged during busy hours? I had also mentioned this to the local office, but I have not received a clear update. Location: Kohima, Nagaland. I would appreciate an update when possible. Regards, A concerned citizen",,"Kohima, Nagaland",
EM000616,Email,2025-01-17 10:00:00,"We called for an ambulance from {place} for an elderly relative and experienced a significant delay. Fortunately the situation did not become critical. Dear Sir/Madam, I wanted to bring a problem to your notice regarding a public service issue in Hyderabad. We called for an ambulance from the public clinic for an elderly relative and experienced a significant delay. Fortunately the situation did not become critical. Please look into the response time in this area. This is not the first time we have faced this problem. Location: Hyderabad, Telangana. Please acknowledge the complaint and advise me on the next step. Regards, A concerned citizen",,"Hyderabad, Telangana",
EM000617,Email,2025-09-27 17:52:00,"The government health centre in {place} did not have one of the medicines prescribed to my family member. We were told to purchase it outside. Dear Sir/Madam, I wanted to bring a problem to your notice regarding a public service issue in Raipur. The government health centre in the public clinic did not have one of the medicines prescribed to my family member. We were told to purchase it outside. Could you please confirm when the medicine will be available? This is not the first time we have faced this problem. Location: Raipur, Chhattisgarh. Please acknowledge the complaint and advise me on the next step. Regards, A concerned citizen",,"Raipur, Chhattisgarh",
EM000618,Email,2025-06-20 13:34:00,"The online appointment page for the public hospital in {place} has not been working consistently. It either fails to load or does not show available slots. Dear Sir/Madam, I wanted to check whether someone could look into the following matter regarding a public service issue in Panaji. The online appointment page for the public hospital in the main government hospital has not been working consistently. It either fails to load or does not show available slots. Could the technical issue be checked? Location: Panaji, Goa. Thank you for taking the time to read this. Regards, A concerned citizen",,"Panaji, Goa",
EM000619,Email,2025-05-13 14:44:00,"Request for assistance - The online appointment page for the public hospital in {place} has not been working consistently. It either fails to load or does not show available slots. Dear Sir/Madam, I am writing to report an issue regarding a public service issue in Bhopal. The online appointment page for the public hospital in the public clinic has not been working consistently. It either fails to load or does not show available slots. Could the technical issue be checked? Location: Bhopal, Madhya Pradesh. I hope the department can look into this soon. Regards, A concerned citizen",,"Bhopal, Madhya Pradesh",
EM000620,Email,2025-02-16 21:25:00,"The online appointment page for the public hospital in {place} has not been working consistently. It either fails to load or does not show available slots. Dear Sir/Madam, I would like to request your help regarding an issue in my locality regarding a public service issue in Patna. The online appointment page for the public hospital in the main government hospital has not been working consistently. It either fails to load or does not show available slots. Could the technical issue be checked? This is not the first time we have faced this problem. Location: Patna, Bihar. Please acknowledge the complaint and advise me on the next step. Regards, A concerned citizen",,"Patna, Bihar",
EM000621,Email,2025-12-02 22:06:00,"Concern regarding We called for an ambulance from {place} for an elderly relative and experienced a significant delay. Fortunately the situation did not become critical. Dear Sir/Madam, I am a resident of the area and would like to raise a concern regarding a public service issue in Gangtok. We called for an ambulance from the main government hospital for an elderly relative and experienced a significant delay. Fortunately the situation did not become critical. Please look into the response time in this area. Location: Gangtok, Sikkim. I hope the department can look into this soon. Regards, A concerned citizen",,"Gangtok, Sikkim",
EM000622,Email,2025-09-19 02:49:00,"We called for an ambulance from {place} for an elderly relative and experienced a significant delay. Fortunately the situation did not become critical. Dear Sir/Madam, I would like to request your help regarding an issue in my locality regarding a public service issue in Lucknow. We called for an ambulance from the district hospital for an elderly relative and experienced a significant delay. Fortunately the situation did not become critical. Please look into the response time in this area. This is not the first time we have faced this problem. Location: Lucknow, Uttar Pradesh. I hope the department can look into this soon. Regards, A concerned citizen",,"Lucknow, Uttar Pradesh",
EM000623,Email,2025-10-09 01:37:00,"The waiting area and washrooms at the public clinic in {place} need better cleaning. Dear Sir/Madam, I am writing after trying to get this issue resolved locally regarding a public service issue in Kochi. The waiting area and washrooms at the public clinic in the main government hospital need better cleaning. I request that the facility be inspected and regular maintenance ensured. This is not the first time we have faced this problem. Location: Kochi, Kerala. I hope the department can look into this soon. Regards, A concerned citizen",,"Kochi, Kerala",
EM000624,Email,2025-06-12 13:55:00,"The online appointment page for the public hospital in {place} has not been working consistently. It either fails to load or does not show available slots. Dear Sir/Madam, I would like to request your help regarding an issue in my locality regarding a public service issue in Guwahati. The online appointment page for the public hospital in the district hospital has not been working consistently. It either fails to load or does not show available slots. Could the technical issue be checked? I understand that some delays are unavoidable, but the current situation is becoming difficult. Location: Guwahati, Assam. Please let me know if any additional details are required. Regards, A concerned citizen",,"Guwahati, Assam",
EM000625,Email,2025-02-07 05:38:00,"I visited the government hospital in {place} this week and had to wait for several hours before being seen. The waiting area was already crowded when I arrived. Dear Sir/Madam, I wanted to bring a problem to your notice regarding a public service issue in Hyderabad. I visited the government hospital in the primary health centre this week and had to wait for several hours before being seen. The waiting area was already crowded when I arrived. Could the outpatient process be improved or additional counters be arranged during busy hours? Location: Hyderabad, Telangana. Please acknowledge the complaint and advise me on the next step. Regards, A concerned citizen",,"Hyderabad, Telangana",
EM000626,Email,2025-11-21 13:41:00,"The online appointment page for the public hospital in {place} has not been working consistently. It either fails to load or does not show available slots. Dear Sir/Madam, I wanted to check whether someone could look into the following matter regarding a public service issue in Shimla. The online appointment page for the public hospital in the government health centre has not been working consistently. It either fails to load or does not show available slots. Could the technical issue be checked? Location: Shimla, Himachal Pradesh. I would appreciate an update when possible. Regards, A concerned citizen",,"Shimla, Himachal Pradesh",
EM000627,Email,2025-09-09 08:12:00,"We called for an ambulance from {place} for an elderly relative and experienced a significant delay. Fortunately the situation did not become critical. Dear Sir/Madam, I would like to request your help regarding an issue in my locality regarding a public service issue in Ludhiana. We called for an ambulance from the district hospital for an elderly relative and experienced a significant delay. Fortunately the situation did not become critical. Please look into the response time in this area. Location: Ludhiana, Punjab. Please acknowledge the complaint and advise me on the next step. Regards, A concerned citizen",,"Ludhiana, Punjab",
EM000628,Email,2025-01-11 23:59:00,"We called for an ambulance from {place} for an elderly relative and experienced a significant delay. Fortunately the situation did not become critical. Dear Sir/Madam, I am writing after trying to get this issue resolved locally regarding a public service issue in Coimbatore. We called for an ambulance from the district hospital for an elderly relative and experienced a significant delay. Fortunately the situation did not become critical. Please look into the response time in this area. Location: Coimbatore, Tamil Nadu. Kindly let me know what action can be taken. Regards, A concerned citizen",,"Coimbatore, Tamil Nadu",
EM000629,Email,2025-08-30 00:29:00,"The waiting area and washrooms at the public clinic in {place} need better cleaning. Dear Sir/Madam, I am a resident of the area and would like to raise a concern regarding a public service issue in Bhopal. The waiting area and washrooms at the public clinic in the public clinic need better cleaning. I request that the facility be inspected and regular maintenance ensured. Location: Bhopal, Madhya Pradesh. Thank you for taking the time to read this. Regards, A concerned citizen",,"Bhopal, Madhya Pradesh",
EM000630,Email,2025-04-18 02:41:00,"Request for assistance - The government health centre in {place} did not have one of the medicines prescribed to my family member. We were told to purchase it outside. Dear Sir/Madam, I wanted to bring a problem to your notice regarding a public service issue in Ludhiana. The government health centre in the government health centre did not have one of the medicines prescribed to my family member. We were told to purchase it outside. Could you please confirm when the medicine will be available? Location: Ludhiana, Punjab. I would appreciate an update when possible. Regards, A concerned citizen",,"Ludhiana, Punjab",
EM000631,Email,2025-01-16 12:40:00,"Request for assistance - We called for an ambulance from {place} for an elderly relative and experienced a significant delay. Fortunately the situation did not become critical. Dear Sir/Madam, I wanted to check whether someone could look into the following matter regarding a public service issue in Itanagar. We called for an ambulance from the district hospital for an elderly relative and experienced a significant delay. Fortunately the situation did not become critical. Please look into the response time in this area. This is not the first time we have faced this problem. Location: Itanagar, Arunachal Pradesh. Please acknowledge the complaint and advise me on the next step. Regards, A concerned citizen",,"Itanagar, Arunachal Pradesh",
EM000632,Email,2025-03-23 19:30:00,"Follow-up: We called for an ambulance from {place} for an elderly relative and experienced a significant delay. Fortunately the situation did not become critical. Dear Sir/Madam, I am writing after trying to get this issue resolved locally regarding a public service issue in Bhubaneswar. We called for an ambulance from the government health centre for an elderly relative and experienced a significant delay. Fortunately the situation did not become critical. Please look into the response time in this area. I am attaching no personal documents; I only want the service issue to be addressed. Location: Bhubaneswar, Odisha. I would appreciate an update when possible. Regards, A concerned citizen",,"Bhubaneswar, Odisha",
EM000633,Email,2025-11-22 04:03:00,"The online appointment page for the public hospital in {place} has not been working consistently. It either fails to load or does not show available slots. Dear Sir/Madam, I am contacting your department because I have been facing a problem regarding a public service issue in Ranchi. The online appointment page for the public hospital in the main government hospital has not been working consistently. It either fails to load or does not show available slots. Could the technical issue be checked? I am mainly looking for a clear update and a practical solution. Location: Ranchi, Jharkhand. I would appreciate an update when possible. Regards, A concerned citizen",,"Ranchi, Jharkhand",
EM000634,Email,2025-06-07 21:50:00,"Concern regarding I visited the government hospital in {place} this week and had to wait for several hours before being seen. The waiting area was already crowded when I arrived. Dear Sir/Madam, I am writing after trying to get this issue resolved locally regarding a public service issue in Leh. I visited the government hospital in the public clinic this week and had to wait for several hours before being seen. The waiting area was already crowded when I arrived. Could the outpatient process be improved or additional counters be arranged during busy hours? Location: Leh, Ladakh. I hope the department can look into this soon. Regards, A concerned citizen",,"Leh, Ladakh",
EM000635,Email,2025-02-05 13:02:00,"I visited the government hospital in {place} this week and had to wait for several hours before being seen. The waiting area was already crowded when I arrived. Dear Sir/Madam, I am a resident of the area and would like to raise a concern regarding a public service issue in Imphal. I visited the government hospital in the government health centre this week and had to wait for several hours before being seen. The waiting area was already crowded when I arrived. Could the outpatient process be improved or additional counters be arranged during busy hours? I am mainly looking for a clear update and a practical solution. Location: Imphal, Manipur. Please acknowledge the complaint and advise me on the next step. Regards, A concerned citizen",,"Imphal, Manipur",
EM000636,Email,2025-04-02 01:15:00,"Follow-up: The waiting area and washrooms at the public clinic in {place} need better cleaning. Dear Sir/Madam, I am contacting your department because I have been facing a problem regarding a public service issue in Panaji. The waiting area and washrooms at the public clinic in the main government hospital need better cleaning. I request that the facility be inspected and regular maintenance ensured. I am attaching no personal documents; I only want the service issue to be addressed. Location: Panaji, Goa. Thank you for taking the time to read this. Regards, A concerned citizen",,"Panaji, Goa",
EM000637,Email,2025-09-09 20:44:00,"We called for an ambulance from {place} for an elderly relative and experienced a significant delay. Fortunately the situation did not become critical. Dear Sir/Madam, I am a resident of the area and would like to raise a concern regarding a public service issue in New Delhi. We called for an ambulance from the main government hospital for an elderly relative and experienced a significant delay. Fortunately the situation did not become critical. Please look into the response time in this area. Location: New Delhi, Delhi. Please let me know if any additional details are required. Regards, A concerned citizen",,"New Delhi, Delhi",
EM000638,Email,2025-01-10 11:15:00,"I visited the government hospital in {place} this week and had to wait for several hours before being seen. The waiting area was already crowded when I arrived. Dear Sir/Madam, I am not sure which department handles this, so I am writing here for assistance regarding a public service issue in Raipur. I visited the government hospital in the government health centre this week and had to wait for several hours before being seen. The waiting area was already crowded when I arrived. Could the outpatient process be improved or additional counters be arranged during busy hours? Location: Raipur, Chhattisgarh. Thank you for taking the time to read this. Regards, A concerned citizen",,"Raipur, Chhattisgarh",
EM000639,Email,2025-08-18 18:55:00,"Request for assistance - We called for an ambulance from {place} for an elderly relative and experienced a significant delay. Fortunately the situation did not become critical. Dear Sir/Madam, I wanted to check whether someone could look into the following matter regarding a public service issue in Dehradun. We called for an ambulance from the government health centre for an elderly relative and experienced a significant delay. Fortunately the situation did not become critical. Please look into the response time in this area. I am mainly looking for a clear update and a practical solution. Location: Dehradun, Uttarakhand. Please acknowledge the complaint and advise me on the next step. Regards, A concerned citizen",,"Dehradun, Uttarakhand",
EM000640,Email,2025-12-16 02:31:00,"The government health centre in {place} did not have one of the medicines prescribed to my family member. We were told to purchase it outside. Dear Sir/Madam, I am writing to report an issue regarding a public service issue in Pune. The government health centre in the public clinic did not have one of the medicines prescribed to my family member. We were told to purchase it outside. Could you please confirm when the medicine will be available? I am mainly looking for a clear update and a practical solution. Location: Pune, Maharashtra. I hope the department can look into this soon. Regards, A concerned citizen",,"Pune, Maharashtra",
EM000641,Email,2025-09-15 01:31:00,"The government health centre in {place} did not have one of the medicines prescribed to my family member. We were told to purchase it outside. Dear Sir/Madam, I am not sure which department handles this, so I am writing here for assistance regarding a public service issue in Ranchi. The government health centre in the district hospital did not have one of the medicines prescribed to my family member. We were told to purchase it outside. Could you please confirm when the medicine will be available? I understand that some delays are unavoidable, but the current situation is becoming difficult. Location: Ranchi, Jharkhand. Kindly let me know what action can be taken. Regards, A concerned citizen",,"Ranchi, Jharkhand",
EM000642,Email,2025-02-21 16:55:00,"We called for an ambulance from {place} for an elderly relative and experienced a significant delay. Fortunately the situation did not become critical. Dear Sir/Madam, I wanted to check whether someone could look into the following matter regarding a public service issue in Gangtok. We called for an ambulance from the primary health centre for an elderly relative and experienced a significant delay. Fortunately the situation did not become critical. Please look into the response time in this area. This is not the first time we have faced this problem. Location: Gangtok, Sikkim. I would appreciate an update when possible. Regards, A concerned citizen",,"Gangtok, Sikkim",
EM000643,Email,2025-09-18 16:28:00,"The waiting area and washrooms at the public clinic in {place} need better cleaning. Dear Sir/Madam, I would like to request your help regarding an issue in my locality regarding a public service issue in Raipur. The waiting area and washrooms at the public clinic in the main government hospital need better cleaning. I request that the facility be inspected and regular maintenance ensured. This is not the first time we have faced this problem. Location: Raipur, Chhattisgarh. Kindly let me know what action can be taken. Regards, A concerned citizen",,"Raipur, Chhattisgarh",
EM000644,Email,2025-01-22 12:42:00,"The online appointment page for the public hospital in {place} has not been working consistently. It either fails to load or does not show available slots. Dear Sir/Madam, I would like to request your help regarding an issue in my locality regarding a public service issue in Imphal. The online appointment page for the public hospital in the primary health centre has not been working consistently. It either fails to load or does not show available slots. Could the technical issue be checked? Location: Imphal, Manipur. Please let me know if any additional details are required. Regards, A concerned citizen",,"Imphal, Manipur",
EM000645,Email,2025-09-15 16:09:00,"The online appointment page for the public hospital in {place} has not been working consistently. It either fails to load or does not show available slots. Dear Sir/Madam, I am writing to report an issue regarding a public service issue in Patna. The online appointment page for the public hospital in the government health centre has not been working consistently. It either fails to load or does not show available slots. Could the technical issue be checked? This is not the first time we have faced this problem. Location: Patna, Bihar. Kindly let me know what action can be taken. Regards, A concerned citizen",,"Patna, Bihar",
EM000646,Email,2025-11-24 18:35:00,"The waiting area and washrooms at the public clinic in {place} need better cleaning. Dear Sir/Madam, I am writing after trying to get this issue resolved locally regarding a public service issue in Shillong. The waiting area and washrooms at the public clinic in the public clinic need better cleaning. I request that the facility be inspected and regular maintenance ensured. Location: Shillong, Meghalaya. I would appreciate an update when possible. Regards, A concerned citizen",,"Shillong, Meghalaya",
EM000647,Email,2025-03-14 03:17:00,"The online appointment page for the public hospital in {place} has not been working consistently. It either fails to load or does not show available slots. Dear Sir/Madam, I am writing to report an issue regarding a public service issue in Bengaluru. The online appointment page for the public hospital in the public clinic has not been working consistently. It either fails to load or does not show available slots. Could the technical issue be checked? Location: Bengaluru, Karnataka. Kindly let me know what action can be taken. Regards, A concerned citizen",,"Bengaluru, Karnataka",
EM000648,Email,2025-11-14 13:50:00,"Request for assistance - The waiting area and washrooms at the public clinic in {place} need better cleaning. Dear Sir/Madam, I would like to request your help regarding an issue in my locality regarding a public service issue in Patna. The waiting area and washrooms at the public clinic in the main government hospital need better cleaning. I request that the facility be inspected and regular maintenance ensured. Location: Patna, Bihar. Kindly let me know what action can be taken. Regards, A concerned citizen",,"Patna, Bihar",
EM000649,Email,2025-03-31 06:11:00,"The waiting area and washrooms at the public clinic in {place} need better cleaning. Dear Sir/Madam, I am writing to report an issue regarding a public service issue in Kohima. The waiting area and washrooms at the public clinic in the district hospital need better cleaning. I request that the facility be inspected and regular maintenance ensured. Location: Kohima, Nagaland. I hope the department can look into this soon. Regards, A concerned citizen",,"Kohima, Nagaland",
EM000650,Email,2025-10-09 07:44:00,"Concern regarding We called for an ambulance from {place} for an elderly relative and experienced a significant delay. Fortunately the situation did not become critical. Dear Sir/Madam, I am writing to report an issue regarding a public service issue in Jaipur. We called for an ambulance from the district hospital for an elderly relative and experienced a significant delay. Fortunately the situation did not become critical. Please look into the response time in this area. Location: Jaipur, Rajasthan. I hope the department can look into this soon. Regards, A concerned citizen",,"Jaipur, Rajasthan",
EM000651,Email,2025-11-04 01:05:00,"The waiting area and washrooms at the public clinic in {place} need better cleaning. Dear Sir/Madam, I am writing to report an issue regarding a public service issue in Shimla. The waiting area and washrooms at the public clinic in the main government hospital need better cleaning. I request that the facility be inspected and regular maintenance ensured. I understand that some delays are unavoidable, but the current situation is becoming difficult. Location: Shimla, Himachal Pradesh. Please acknowledge the complaint and advise me on the next step. Regards, A concerned citizen",,"Shimla, Himachal Pradesh",
EM000652,Email,2025-02-26 15:34:00,"The online appointment page for the public hospital in {place} has not been working consistently. It either fails to load or does not show available slots. Dear Sir/Madam, I am not sure which department handles this, so I am writing here for assistance regarding a public service issue in Aizawl. The online appointment page for the public hospital in the district hospital has not been working consistently. It either fails to load or does not show available slots. Could the technical issue be checked? I had also mentioned this to the local office, but I have not received a clear update. Location: Aizawl, Mizoram. I hope the department can look into this soon. Regards, A concerned citizen",,"Aizawl, Mizoram",
EM000653,Email,2025-08-04 23:33:00,"The waiting area and washrooms at the public clinic in {place} need better cleaning. Dear Sir/Madam, I wanted to bring a problem to your notice regarding a public service issue in Raipur. The waiting area and washrooms at the public clinic in the district hospital need better cleaning. I request that the facility be inspected and regular maintenance ensured. I am mainly looking for a clear update and a practical solution. Location: Raipur, Chhattisgarh. I would appreciate an update when possible. Regards, A concerned citizen",,"Raipur, Chhattisgarh",
EM000654,Email,2025-12-01 13:24:00,"The waiting area and washrooms at the public clinic in {place} need better cleaning. Dear Sir/Madam, I wanted to check whether someone could look into the following matter regarding a public service issue in Pune. The waiting area and washrooms at the public clinic in the district hospital need better cleaning. I request that the facility be inspected and regular maintenance ensured. Location: Pune, Maharashtra. Please let me know if any additional details are required. Regards, A concerned citizen",,"Pune, Maharashtra",
EM000655,Email,2025-08-21 22:13:00,"We called for an ambulance from {place} for an elderly relative and experienced a significant delay. Fortunately the situation did not become critical. Dear Sir/Madam, I am a resident of the area and would like to raise a concern regarding a public service issue in Gurugram. We called for an ambulance from the primary health centre for an elderly relative and experienced a significant delay. Fortunately the situation did not become critical. Please look into the response time in this area. I am mainly looking for a clear update and a practical solution. Location: Gurugram, Haryana. I hope the department can look into this soon. Regards, A concerned citizen",,"Gurugram, Haryana",
EM000656,Email,2025-11-25 19:08:00,"Concern regarding The government health centre in {place} did not have one of the medicines prescribed to my family member. We were told to purchase it outside. Dear Sir/Madam, I am not sure which department handles this, so I am writing here for assistance regarding a public service issue in Ahmedabad. The government health centre in the government health centre did not have one of the medicines prescribed to my family member. We were told to purchase it outside. Could you please confirm when the medicine will be available? Location: Ahmedabad, Gujarat. Kindly let me know what action can be taken. Regards, A concerned citizen",,"Ahmedabad, Gujarat",
EM000657,Email,2025-06-15 03:53:00,"I visited the government hospital in {place} this week and had to wait for several hours before being seen. The waiting area was already crowded when I arrived. Dear Sir/Madam, I am a resident of the area and would like to raise a concern regarding a public service issue in Bhubaneswar. I visited the government hospital in the main government hospital this week and had to wait for several hours before being seen. The waiting area was already crowded when I arrived. Could the outpatient process be improved or additional counters be arranged during busy hours? This is not the first time we have faced this problem. Location: Bhubaneswar, Odisha. Please let me know if any additional details are required. Regards, A concerned citizen",,"Bhubaneswar, Odisha",
EM000658,Email,2025-11-13 15:19:00,"The government health centre in {place} did not have one of the medicines prescribed to my family member. We were told to purchase it outside. Dear Sir/Madam, I am a resident of the area and would like to raise a concern regarding a public service issue in Imphal. The government health centre in the primary health centre did not have one of the medicines prescribed to my family member. We were told to purchase it outside. Could you please confirm when the medicine will be available? This is not the first time we have faced this problem. Location: Imphal, Manipur. Thank you for taking the time to read this. Regards, A concerned citizen",,"Imphal, Manipur",
EM000659,Email,2025-11-17 12:29:00,"The online appointment page for the public hospital in {place} has not been working consistently. It either fails to load or does not show available slots. Dear Sir/Madam, I am a resident of the area and would like to raise a concern regarding a public service issue in Raipur. The online appointment page for the public hospital in the government health centre has not been working consistently. It either fails to load or does not show available slots. Could the technical issue be checked? This is not the first time we have faced this problem. Location: Raipur, Chhattisgarh. Thank you for taking the time to read this. Regards, A concerned citizen",,"Raipur, Chhattisgarh",
EM000660,Email,2025-04-20 19:26:00,"The government health centre in {place} did not have one of the medicines prescribed to my family member. We were told to purchase it outside. Dear Sir/Madam, I wanted to bring a problem to your notice regarding a public service issue in Ranchi. The government health centre in the public clinic did not have one of the medicines prescribed to my family member. We were told to purchase it outside. Could you please confirm when the medicine will be available? Location: Ranchi, Jharkhand. I would appreciate an update when possible. Regards, A concerned citizen",,"Ranchi, Jharkhand",
EM000661,Email,2025-08-15 13:01:00,"Request for assistance - We called for an ambulance from {place} for an elderly relative and experienced a significant delay. Fortunately the situation did not become critical. Dear Sir/Madam, I am a resident of the area and would like to raise a concern regarding a public service issue in Shimla. We called for an ambulance from the government health centre for an elderly relative and experienced a significant delay. Fortunately the situation did not become critical. Please look into the response time in this area. I understand that some delays are unavoidable, but the current situation is becoming difficult. Location: Shimla, Himachal Pradesh. Thank you for taking the time to read this. Regards, A concerned citizen",,"Shimla, Himachal Pradesh",
EM000662,Email,2025-11-29 05:26:00,"We called for an ambulance from {place} for an elderly relative and experienced a significant delay. Fortunately the situation did not become critical. Dear Sir/Madam, I am contacting your department because I have been facing a problem regarding a public service issue in Patna. We called for an ambulance from the primary health centre for an elderly relative and experienced a significant delay. Fortunately the situation did not become critical. Please look into the response time in this area. Location: Patna, Bihar. I would appreciate an update when possible. Regards, A concerned citizen",,"Patna, Bihar",
EM000663,Email,2025-10-17 05:11:00,"Follow-up: The online appointment page for the public hospital in {place} has not been working consistently. It either fails to load or does not show available slots. Dear Sir/Madam, I am writing after trying to get this issue resolved locally regarding a public service issue in Itanagar. The online appointment page for the public hospital in the main government hospital has not been working consistently. It either fails to load or does not show available slots. Could the technical issue be checked? Location: Itanagar, Arunachal Pradesh. Please let me know if any additional details are required. Regards, A concerned citizen",,"Itanagar, Arunachal Pradesh",
EM000664,Email,2025-01-23 10:40:00,"The online appointment page for the public hospital in {place} has not been working consistently. It either fails to load or does not show available slots. Dear Sir/Madam, I would like to request your help regarding an issue in my locality regarding a public service issue in Kolkata. The online appointment page for the public hospital in the primary health centre has not been working consistently. It either fails to load or does not show available slots. Could the technical issue be checked? Location: Kolkata, West Bengal. Please acknowledge the complaint and advise me on the next step. Regards, A concerned citizen",,"Kolkata, West Bengal",
EM000665,Email,2025-03-01 16:26:00,"The government health centre in {place} did not have one of the medicines prescribed to my family member. We were told to purchase it outside. Dear Sir/Madam, I wanted to bring a problem to your notice regarding a public service issue in Dehradun. The government health centre in the primary health centre did not have one of the medicines prescribed to my family member. We were told to purchase it outside. Could you please confirm when the medicine will be available? Location: Dehradun, Uttarakhand. Please acknowledge the complaint and advise me on the next step. Regards, A concerned citizen",,"Dehradun, Uttarakhand",
EM000666,Email,2025-07-26 18:36:00,"Concern regarding The online appointment page for the public hospital in {place} has not been working consistently. It either fails to load or does not show available slots. Dear Sir/Madam, I wanted to bring a problem to your notice regarding a public service issue in Chandigarh. The online appointment page for the public hospital in the primary health centre has not been working consistently. It either fails to load or does not show available slots. Could the technical issue be checked? Location: Chandigarh, Chandigarh. Please let me know if any additional details are required. Regards, A concerned citizen",,"Chandigarh, Chandigarh",
EM000667,Email,2025-06-16 19:20:00,"Concern regarding The waiting area and washrooms at the public clinic in {place} need better cleaning. Dear Sir/Madam, I would like to request your help regarding an issue in my locality regarding a public service issue in Leh. The waiting area and washrooms at the public clinic in the primary health centre need better cleaning. I request that the facility be inspected and regular maintenance ensured. I had also mentioned this to the local office, but I have not received a clear update. Location: Leh, Ladakh. Thank you for taking the time to read this. Regards, A concerned citizen",,"Leh, Ladakh",
EM000668,Email,2025-01-17 23:50:00,"The government health centre in {place} did not have one of the medicines prescribed to my family member. We were told to purchase it outside. Dear Sir/Madam, I am not sure which department handles this, so I am writing here for assistance regarding a public service issue in Srinagar. The government health centre in the main government hospital did not have one of the medicines prescribed to my family member. We were told to purchase it outside. Could you please confirm when the medicine will be available? I had also mentioned this to the local office, but I have not received a clear update. Location: Srinagar, Jammu and Kashmir. I hope the department can look into this soon. Regards, A concerned citizen",,"Srinagar, Jammu and Kashmir",
EM000669,Email,2025-09-28 16:27:00,"Concern regarding The waiting area and washrooms at the public clinic in {place} need better cleaning. Dear Sir/Madam, I wanted to bring a problem to your notice regarding a public service issue in Aizawl. The waiting area and washrooms at the public clinic in the public clinic need better cleaning. I request that the facility be inspected and regular maintenance ensured. Location: Aizawl, Mizoram. Please acknowledge the complaint and advise me on the next step. Regards, A concerned citizen",,"Aizawl, Mizoram",
EM000670,Email,2025-04-21 23:20:00,"We called for an ambulance from {place} for an elderly relative and experienced a significant delay. Fortunately the situation did not become critical. Dear Sir/Madam, I would like to request your help regarding an issue in my locality regarding a public service issue in Hyderabad. We called for an ambulance from the primary health centre for an elderly relative and experienced a significant delay. Fortunately the situation did not become critical. Please look into the response time in this area. I understand that some delays are unavoidable, but the current situation is becoming difficult. Location: Hyderabad, Telangana. Kindly let me know what action can be taken. Regards, A concerned citizen",,"Hyderabad, Telangana",
EM000671,Email,2025-08-13 22:07:00,"Concern regarding The government health centre in {place} did not have one of the medicines prescribed to my family member. We were told to purchase it outside. Dear Sir/Madam, I wanted to check whether someone could look into the following matter regarding a public service issue in Srinagar. The government health centre in the public clinic did not have one of the medicines prescribed to my family member. We were told to purchase it outside. Could you please confirm when the medicine will be available? Location: Srinagar, Jammu and Kashmir. I would appreciate an update when possible. Regards, A concerned citizen",,"Srinagar, Jammu and Kashmir",
EM000672,Email,2025-07-06 17:12:00,"I visited the government hospital in {place} this week and had to wait for several hours before being seen. The waiting area was already crowded when I arrived. Dear Sir/Madam, I wanted to check whether someone could look into the following matter regarding a public service issue in Jaipur. I visited the government hospital in the district hospital this week and had to wait for several hours before being seen. The waiting area was already crowded when I arrived. Could the outpatient process be improved or additional counters be arranged during busy hours? Location: Jaipur, Rajasthan. I hope the department can look into this soon. Regards, A concerned citizen",,"Jaipur, Rajasthan",
EM000673,Email,2025-05-08 00:59:00,"The government health centre in {place} did not have one of the medicines prescribed to my family member. We were told to purchase it outside. Dear Sir/Madam, I wanted to bring a problem to your notice regarding a public service issue in Dehradun. The government health centre in the main government hospital did not have one of the medicines prescribed to my family member. We were told to purchase it outside. Could you please confirm when the medicine will be available? Location: Dehradun, Uttarakhand. Please acknowledge the complaint and advise me on the next step. Regards, A concerned citizen",,"Dehradun, Uttarakhand",
EM000674,Email,2025-12-06 22:21:00,"We called for an ambulance from {place} for an elderly relative and experienced a significant delay. Fortunately the situation did not become critical. Dear Sir/Madam, I am not sure which department handles this, so I am writing here for assistance regarding a public service issue in Aizawl. We called for an ambulance from the government health centre for an elderly relative and experienced a significant delay. Fortunately the situation did not become critical. Please look into the response time in this area. I had also mentioned this to the local office, but I have not received a clear update. Location: Aizawl, Mizoram. Please acknowledge the complaint and advise me on the next step. Regards, A concerned citizen",,"Aizawl, Mizoram",
EM000675,Email,2025-01-28 22:21:00,"I visited the government hospital in {place} this week and had to wait for several hours before being seen. The waiting area was already crowded when I arrived. Dear Sir/Madam, I am writing after trying to get this issue resolved locally regarding a public service issue in Coimbatore. I visited the government hospital in the government health centre this week and had to wait for several hours before being seen. The waiting area was already crowded when I arrived. Could the outpatient process be improved or additional counters be arranged during busy hours? Location: Coimbatore, Tamil Nadu. Kindly let me know what action can be taken. Regards, A concerned citizen",,"Coimbatore, Tamil Nadu",
EM000676,Email,2025-11-05 07:59:00,"The online appointment page for the public hospital in {place} has not been working consistently. It either fails to load or does not show available slots. Dear Sir/Madam, I wanted to bring a problem to your notice regarding a public service issue in Kochi. The online appointment page for the public hospital in the public clinic has not been working consistently. It either fails to load or does not show available slots. Could the technical issue be checked? I had also mentioned this to the local office, but I have not received a clear update. Location: Kochi, Kerala. Kindly let me know what action can be taken. Regards, A concerned citizen",,"Kochi, Kerala",
EM000677,Email,2025-01-27 02:17:00,"The online appointment page for the public hospital in {place} has not been working consistently. It either fails to load or does not show available slots. Dear Sir/Madam, I am not sure which department handles this, so I am writing here for assistance regarding a public service issue in Puducherry. The online appointment page for the public hospital in the main government hospital has not been working consistently. It either fails to load or does not show available slots. Could the technical issue be checked? Location: Puducherry, Puducherry. I would appreciate an update when possible. Regards, A concerned citizen",,"Puducherry, Puducherry",
EM000678,Email,2025-10-20 15:10:00,"Follow-up: We called for an ambulance from {place} for an elderly relative and experienced a significant delay. Fortunately the situation did not become critical. Dear Sir/Madam, I wanted to bring a problem to your notice regarding a public service issue in Coimbatore. We called for an ambulance from the primary health centre for an elderly relative and experienced a significant delay. Fortunately the situation did not become critical. Please look into the response time in this area. Location: Coimbatore, Tamil Nadu. Please let me know if any additional details are required. Regards, A concerned citizen",,"Coimbatore, Tamil Nadu",
EM000679,Email,2025-03-10 02:00:00,"The government health centre in {place} did not have one of the medicines prescribed to my family member. We were told to purchase it outside. Dear Sir/Madam, I am writing after trying to get this issue resolved locally regarding a public service issue in Aizawl. The government health centre in the government health centre did not have one of the medicines prescribed to my family member. We were told to purchase it outside. Could you please confirm when the medicine will be available? I am mainly looking for a clear update and a practical solution. Location: Aizawl, Mizoram. I would appreciate an update when possible. Regards, A concerned citizen",,"Aizawl, Mizoram",
EM000680,Email,2025-12-29 15:45:00,"I visited the government hospital in {place} this week and had to wait for several hours before being seen. The waiting area was already crowded when I arrived. Dear Sir/Madam, I wanted to bring a problem to your notice regarding a public service issue in Ranchi. I visited the government hospital in the district hospital this week and had to wait for several hours before being seen. The waiting area was already crowded when I arrived. Could the outpatient process be improved or additional counters be arranged during busy hours? I am attaching no personal documents; I only want the service issue to be addressed. Location: Ranchi, Jharkhand. I would appreciate an update when possible. Regards, A concerned citizen",,"Ranchi, Jharkhand",
EM000681,Email,2025-06-13 07:28:00,"Follow-up: I visited the government hospital in {place} this week and had to wait for several hours before being seen. The waiting area was already crowded when I arrived. Dear Sir/Madam, I am contacting your department because I have been facing a problem regarding a public service issue in Raipur. I visited the government hospital in the primary health centre this week and had to wait for several hours before being seen. The waiting area was already crowded when I arrived. Could the outpatient process be improved or additional counters be arranged during busy hours? I am mainly looking for a clear update and a practical solution. Location: Raipur, Chhattisgarh. Thank you for taking the time to read this. Regards, A concerned citizen",,"Raipur, Chhattisgarh",
EM000682,Email,2025-04-25 18:09:00,"The government health centre in {place} did not have one of the medicines prescribed to my family member. We were told to purchase it outside. Dear Sir/Madam, I wanted to check whether someone could look into the following matter regarding a public service issue in Dehradun. The government health centre in the primary health centre did not have one of the medicines prescribed to my family member. We were told to purchase it outside. Could you please confirm when the medicine will be available? Location: Dehradun, Uttarakhand. Thank you for taking the time to read this. Regards, A concerned citizen",,"Dehradun, Uttarakhand",
EM000683,Email,2025-05-20 03:04:00,"Request for assistance - We called for an ambulance from {place} for an elderly relative and experienced a significant delay. Fortunately the situation did not become critical. Dear Sir/Madam, I wanted to check whether someone could look into the following matter regarding a public service issue in Raipur. We called for an ambulance from the primary health centre for an elderly relative and experienced a significant delay. Fortunately the situation did not become critical. Please look into the response time in this area. This is not the first time we have faced this problem. Location: Raipur, Chhattisgarh. Please let me know if any additional details are required. Regards, A concerned citizen",,"Raipur, Chhattisgarh",
EM000684,Email,2025-09-27 10:39:00,"Request for assistance - I visited the government hospital in {place} this week and had to wait for several hours before being seen. The waiting area was already crowded when I arrived. Dear Sir/Madam, I am contacting your department because I have been facing a problem regarding a public service issue in Patna. I visited the government hospital in the public clinic this week and had to wait for several hours before being seen. The waiting area was already crowded when I arrived. Could the outpatient process be improved or additional counters be arranged during busy hours? I understand that some delays are unavoidable, but the current situation is becoming difficult. Location: Patna, Bihar. I hope the department can look into this soon. Regards, A concerned citizen",,"Patna, Bihar",
EM000685,Email,2025-06-02 21:58:00,"Concern regarding The government health centre in {place} did not have one of the medicines prescribed to my family member. We were told to purchase it outside. Dear Sir/Madam, I am not sure which department handles this, so I am writing here for assistance regarding a public service issue in Dehradun. The government health centre in the primary health centre did not have one of the medicines prescribed to my family member. We were told to purchase it outside. Could you please confirm when the medicine will be available? I am mainly looking for a clear update and a practical solution. Location: Dehradun, Uttarakhand. I hope the department can look into this soon. Regards, A concerned citizen",,"Dehradun, Uttarakhand",
EM000686,Email,2025-12-31 02:10:00,"Follow-up: We called for an ambulance from {place} for an elderly relative and experienced a significant delay. Fortunately the situation did not become critical. Dear Sir/Madam, I am not sure which department handles this, so I am writing here for assistance regarding a public service issue in Kolkata. We called for an ambulance from the government health centre for an elderly relative and experienced a significant delay. Fortunately the situation did not become critical. Please look into the response time in this area. I am mainly looking for a clear update and a practical solution. Location: Kolkata, West Bengal. Please let me know if any additional details are required. Regards, A concerned citizen",,"Kolkata, West Bengal",
EM000687,Email,2025-06-03 09:23:00,"I visited the government hospital in {place} this week and had to wait for several hours before being seen. The waiting area was already crowded when I arrived. Dear Sir/Madam, I am writing after trying to get this issue resolved locally regarding a public service issue in Ahmedabad. I visited the government hospital in the district hospital this week and had to wait for several hours before being seen. The waiting area was already crowded when I arrived. Could the outpatient process be improved or additional counters be arranged during busy hours? Location: Ahmedabad, Gujarat. Thank you for taking the time to read this. Regards, A concerned citizen",,"Ahmedabad, Gujarat",
EM000688,Email,2025-02-18 07:37:00,"The government health centre in {place} did not have one of the medicines prescribed to my family member. We were told to purchase it outside. Dear Sir/Madam, I am a resident of the area and would like to raise a concern regarding a public service issue in Panaji. The government health centre in the main government hospital did not have one of the medicines prescribed to my family member. We were told to purchase it outside. Could you please confirm when the medicine will be available? Location: Panaji, Goa. Thank you for taking the time to read this. Regards, A concerned citizen",,"Panaji, Goa",
EM000689,Email,2025-10-20 10:30:00,"Follow-up: I visited the government hospital in {place} this week and had to wait for several hours before being seen. The waiting area was already crowded when I arrived. Dear Sir/Madam, I wanted to bring a problem to your notice regarding a public service issue in Kohima. I visited the government hospital in the public clinic this week and had to wait for several hours before being seen. The waiting area was already crowded when I arrived. Could the outpatient process be improved or additional counters be arranged during busy hours? I understand that some delays are unavoidable, but the current situation is becoming difficult. Location: Kohima, Nagaland. Thank you for taking the time to read this. Regards, A concerned citizen",,"Kohima, Nagaland",
EM000690,Email,2025-05-16 11:01:00,"We called for an ambulance from {place} for an elderly relative and experienced a significant delay. Fortunately the situation did not become critical. Dear Sir/Madam, I wanted to bring a problem to your notice regarding a public service issue in Patna. We called for an ambulance from the public clinic for an elderly relative and experienced a significant delay. Fortunately the situation did not become critical. Please look into the response time in this area. Location: Patna, Bihar. Please let me know if any additional details are required. Regards, A concerned citizen",,"Patna, Bihar",
EM000691,Email,2025-02-21 13:51:00,"The waiting area and washrooms at the public clinic in {place} need better cleaning. Dear Sir/Madam, I am writing after trying to get this issue resolved locally regarding a public service issue in New Delhi. The waiting area and washrooms at the public clinic in the government health centre need better cleaning. I request that the facility be inspected and regular maintenance ensured. I am mainly looking for a clear update and a practical solution. Location: New Delhi, Delhi. I hope the department can look into this soon. Regards, A concerned citizen",,"New Delhi, Delhi",
EM000692,Email,2025-07-14 01:03:00,"The waiting area and washrooms at the public clinic in {place} need better cleaning. Dear Sir/Madam, I would like to request your help regarding an issue in my locality regarding a public service issue in Shimla. The waiting area and washrooms at the public clinic in the primary health centre need better cleaning. I request that the facility be inspected and regular maintenance ensured. Location: Shimla, Himachal Pradesh. Kindly let me know what action can be taken. Regards, A concerned citizen",,"Shimla, Himachal Pradesh",
EM000693,Email,2025-06-28 16:16:00,"I visited the government hospital in {place} this week and had to wait for several hours before being seen. The waiting area was already crowded when I arrived. Dear Sir/Madam, I would like to request your help regarding an issue in my locality regarding a public service issue in Coimbatore. I visited the government hospital in the government health centre this week and had to wait for several hours before being seen. The waiting area was already crowded when I arrived. Could the outpatient process be improved or additional counters be arranged during busy hours? This is not the first time we have faced this problem. Location: Coimbatore, Tamil Nadu. Please acknowledge the complaint and advise me on the next step. Regards, A concerned citizen",,"Coimbatore, Tamil Nadu",
EM000694,Email,2025-10-03 17:51:00,"The government health centre in {place} did not have one of the medicines prescribed to my family member. We were told to purchase it outside. Dear Sir/Madam, I am contacting your department because I have been facing a problem regarding a public service issue in Panaji. The government health centre in the district hospital did not have one of the medicines prescribed to my family member. We were told to purchase it outside. Could you please confirm when the medicine will be available? I understand that some delays are unavoidable, but the current situation is becoming difficult. Location: Panaji, Goa. Please acknowledge the complaint and advise me on the next step. Regards, A concerned citizen",,"Panaji, Goa",
EM000695,Email,2025-04-04 00:13:00,"I visited the government hospital in {place} this week and had to wait for several hours before being seen. The waiting area was already crowded when I arrived. Dear Sir/Madam, I am writing to report an issue regarding a public service issue in Ludhiana. I visited the government hospital in the district hospital this week and had to wait for several hours before being seen. The waiting area was already crowded when I arrived. Could the outpatient process be improved or additional counters be arranged during busy hours? Location: Ludhiana, Punjab. Kindly let me know what action can be taken. Regards, A concerned citizen",,"Ludhiana, Punjab",
EM000696,Email,2025-03-25 03:37:00,"The waiting area and washrooms at the public clinic in {place} need better cleaning. Dear Sir/Madam, I wanted to check whether someone could look into the following matter regarding a public service issue in Hyderabad. The waiting area and washrooms at the public clinic in the main government hospital need better cleaning. I request that the facility be inspected and regular maintenance ensured. Location: Hyderabad, Telangana. I hope the department can look into this soon. Regards, A concerned citizen",,"Hyderabad, Telangana",
EM000697,Email,2025-10-22 07:47:00,"I visited the government hospital in {place} this week and had to wait for several hours before being seen. The waiting area was already crowded when I arrived. Dear Sir/Madam, I am writing after trying to get this issue resolved locally regarding a public service issue in Visakhapatnam. I visited the government hospital in the main government hospital this week and had to wait for several hours before being seen. The waiting area was already crowded when I arrived. Could the outpatient process be improved or additional counters be arranged during busy hours? Location: Visakhapatnam, Andhra Pradesh. Please let me know if any additional details are required. Regards, A concerned citizen",,"Visakhapatnam, Andhra Pradesh",
EM000698,Email,2025-11-05 05:52:00,"The government health centre in {place} did not have one of the medicines prescribed to my family member. We were told to purchase it outside. Dear Sir/Madam, I am a resident of the area and would like to raise a concern regarding a public service issue in Raipur. The government health centre in the primary health centre did not have one of the medicines prescribed to my family member. We were told to purchase it outside. Could you please confirm when the medicine will be available? Location: Raipur, Chhattisgarh. Kindly let me know what action can be taken. Regards, A concerned citizen",,"Raipur, Chhattisgarh",
EM000699,Email,2025-05-28 05:40:00,"Follow-up: The online appointment page for the public hospital in {place} has not been working consistently. It either fails to load or does not show available slots. Dear Sir/Madam, I am not sure which department handles this, so I am writing here for assistance regarding a public service issue in Visakhapatnam. The online appointment page for the public hospital in the district hospital has not been working consistently. It either fails to load or does not show available slots. Could the technical issue be checked? This is not the first time we have faced this problem. Location: Visakhapatnam, Andhra Pradesh. Please acknowledge the complaint and advise me on the next step. Regards, A concerned citizen",,"Visakhapatnam, Andhra Pradesh",
EM000700,Email,2025-08-23 08:10:00,"The online appointment page for the public hospital in {place} has not been working consistently. It either fails to load or does not show available slots. Dear Sir/Madam, I am not sure which department handles this, so I am writing here for assistance regarding a public service issue in Patna. The online appointment page for the public hospital in the public clinic has not been working consistently. It either fails to load or does not show available slots. Could the technical issue be checked? I had also mentioned this to the local office, but I have not received a clear update. Location: Patna, Bihar. Please let me know if any additional details are required. Regards, A concerned citizen",,"Patna, Bihar",
EM000701,Email,2025-04-27 04:37:00,"Follow-up: The waiting area and washrooms at the public clinic in {place} need better cleaning. Dear Sir/Madam, I am writing after trying to get this issue resolved locally regarding a public service issue in Puducherry. The waiting area and washrooms at the public clinic in the primary health centre need better cleaning. I request that the facility be inspected and regular maintenance ensured. Location: Puducherry, Puducherry. I hope the department can look into this soon. Regards, A concerned citizen",,"Puducherry, Puducherry",
EM000702,Email,2025-06-28 02:05:00,"We called for an ambulance from {place} for an elderly relative and experienced a significant delay. Fortunately the situation did not become critical. Dear Sir/Madam, I am writing after trying to get this issue resolved locally regarding a public service issue in Ranchi. We called for an ambulance from the district hospital for an elderly relative and experienced a significant delay. Fortunately the situation did not become critical. Please look into the response time in this area. Location: Ranchi, Jharkhand. Thank you for taking the time to read this. Regards, A concerned citizen",,"Ranchi, Jharkhand",
EM000703,Email,2025-03-04 16:14:00,"The online appointment page for the public hospital in {place} has not been working consistently. It either fails to load or does not show available slots. Dear Sir/Madam, I wanted to bring a problem to your notice regarding a public service issue in Shimla. The online appointment page for the public hospital in the public clinic has not been working consistently. It either fails to load or does not show available slots. Could the technical issue be checked? This is not the first time we have faced this problem. Location: Shimla, Himachal Pradesh. Please acknowledge the complaint and advise me on the next step. Regards, A concerned citizen",,"Shimla, Himachal Pradesh",
EM000704,Email,2025-08-04 20:05:00,"The government health centre in {place} did not have one of the medicines prescribed to my family member. We were told to purchase it outside. Dear Sir/Madam, I am writing after trying to get this issue resolved locally regarding a public service issue in Kochi. The government health centre in the government health centre did not have one of the medicines prescribed to my family member. We were told to purchase it outside. Could you please confirm when the medicine will be available? This is not the first time we have faced this problem. Location: Kochi, Kerala. I would appreciate an update when possible. Regards, A concerned citizen",,"Kochi, Kerala",
EM000705,Email,2025-01-01 14:34:00,"Request for assistance - We called for an ambulance from {place} for an elderly relative and experienced a significant delay. Fortunately the situation did not become critical. Dear Sir/Madam, I am writing to report an issue regarding a public service issue in Hyderabad. We called for an ambulance from the government health centre for an elderly relative and experienced a significant delay. Fortunately the situation did not become critical. Please look into the response time in this area. This is not the first time we have faced this problem. Location: Hyderabad, Telangana. Thank you for taking the time to read this. Regards, A concerned citizen",,"Hyderabad, Telangana",
EM000706,Email,2025-11-12 17:57:00,"The government health centre in {place} did not have one of the medicines prescribed to my family member. We were told to purchase it outside. Dear Sir/Madam, I am contacting your department because I have been facing a problem regarding a public service issue in Agartala. The government health centre in the district hospital did not have one of the medicines prescribed to my family member. We were told to purchase it outside. Could you please confirm when the medicine will be available? I am attaching no personal documents; I only want the service issue to be addressed. Location: Agartala, Tripura. Please acknowledge the complaint and advise me on the next step. Regards, A concerned citizen",,"Agartala, Tripura",
EM000707,Email,2025-03-29 03:11:00,"Follow-up: We called for an ambulance from {place} for an elderly relative and experienced a significant delay. Fortunately the situation did not become critical. Dear Sir/Madam, I am writing to report an issue regarding a public service issue in Panaji. We called for an ambulance from the district hospital for an elderly relative and experienced a significant delay. Fortunately the situation did not become critical. Please look into the response time in this area. I am attaching no personal documents; I only want the service issue to be addressed. Location: Panaji, Goa. I would appreciate an update when possible. Regards, A concerned citizen",,"Panaji, Goa",
EM000708,Email,2025-10-28 06:16:00,"We called for an ambulance from {place} for an elderly relative and experienced a significant delay. Fortunately the situation did not become critical. Dear Sir/Madam, I wanted to check whether someone could look into the following matter regarding a public service issue in Leh. We called for an ambulance from the main government hospital for an elderly relative and experienced a significant delay. Fortunately the situation did not become critical. Please look into the response time in this area. Location: Leh, Ladakh. I hope the department can look into this soon. Regards, A concerned citizen",,"Leh, Ladakh",
EM000709,Email,2025-02-12 05:02:00,"We called for an ambulance from {place} for an elderly relative and experienced a significant delay. Fortunately the situation did not become critical. Dear Sir/Madam, I wanted to check whether someone could look into the following matter regarding a public service issue in Ludhiana. We called for an ambulance from the district hospital for an elderly relative and experienced a significant delay. Fortunately the situation did not become critical. Please look into the response time in this area. This is not the first time we have faced this problem. Location: Ludhiana, Punjab. Thank you for taking the time to read this. Regards, A concerned citizen",,"Ludhiana, Punjab",
EM000710,Email,2025-02-09 01:31:00,"The waiting area and washrooms at the public clinic in {place} need better cleaning. Dear Sir/Madam, I am contacting your department because I have been facing a problem regarding a public service issue in Kochi. The waiting area and washrooms at the public clinic in the public clinic need better cleaning. I request that the facility be inspected and regular maintenance ensured. Location: Kochi, Kerala. Kindly let me know what action can be taken. Regards, A concerned citizen",,"Kochi, Kerala",
EM000711,Email,2025-11-19 15:52:00,"Follow-up: The government health centre in {place} did not have one of the medicines prescribed to my family member. We were told to purchase it outside. Dear Sir/Madam, I would like to request your help regarding an issue in my locality regarding a public service issue in Imphal. The government health centre in the main government hospital did not have one of the medicines prescribed to my family member. We were told to purchase it outside. Could you please confirm when the medicine will be available? I had also mentioned this to the local office, but I have not received a clear update. Location: Imphal, Manipur. Thank you for taking the time to read this. Regards, A concerned citizen",,"Imphal, Manipur",
EM000712,Email,2025-12-27 17:05:00,"I visited the government hospital in {place} this week and had to wait for several hours before being seen. The waiting area was already crowded when I arrived. Dear Sir/Madam, I am not sure which department handles this, so I am writing here for assistance regarding a public service issue in Kolkata. I visited the government hospital in the district hospital this week and had to wait for several hours before being seen. The waiting area was already crowded when I arrived. Could the outpatient process be improved or additional counters be arranged during busy hours? Location: Kolkata, West Bengal. I hope the department can look into this soon. Regards, A concerned citizen",,"Kolkata, West Bengal",
EM000713,Email,2025-08-20 17:42:00,"Follow-up: The online appointment page for the public hospital in {place} has not been working consistently. It either fails to load or does not show available slots. Dear Sir/Madam, I wanted to check whether someone could look into the following matter regarding a public service issue in Dehradun. The online appointment page for the public hospital in the primary health centre has not been working consistently. It either fails to load or does not show available slots. Could the technical issue be checked? Location: Dehradun, Uttarakhand. Thank you for taking the time to read this. Regards, A concerned citizen",,"Dehradun, Uttarakhand",
EM000714,Email,2025-05-13 13:17:00,"Concern regarding We called for an ambulance from {place} for an elderly relative and experienced a significant delay. Fortunately the situation did not become critical. Dear Sir/Madam, I am not sure which department handles this, so I am writing here for assistance regarding a public service issue in Bhubaneswar. We called for an ambulance from the primary health centre for an elderly relative and experienced a significant delay. Fortunately the situation did not become critical. Please look into the response time in this area. I am mainly looking for a clear update and a practical solution. Location: Bhubaneswar, Odisha. I would appreciate an update when possible. Regards, A concerned citizen",,"Bhubaneswar, Odisha",
EM000715,Email,2025-07-30 21:52:00,"The online appointment page for the public hospital in {place} has not been working consistently. It either fails to load or does not show available slots. Dear Sir/Madam, I am a resident of the area and would like to raise a concern regarding a public service issue in Visakhapatnam. The online appointment page for the public hospital in the public clinic has not been working consistently. It either fails to load or does not show available slots. Could the technical issue be checked? Location: Visakhapatnam, Andhra Pradesh. Thank you for taking the time to read this. Regards, A concerned citizen",,"Visakhapatnam, Andhra Pradesh",
EM000716,Email,2025-08-12 19:26:00,"I visited the government hospital in {place} this week and had to wait for several hours before being seen. The waiting area was already crowded when I arrived. Dear Sir/Madam, I wanted to bring a problem to your notice regarding a public service issue in Itanagar. I visited the government hospital in the main government hospital this week and had to wait for several hours before being seen. The waiting area was already crowded when I arrived. Could the outpatient process be improved or additional counters be arranged during busy hours? This is not the first time we have faced this problem. Location: Itanagar, Arunachal Pradesh. Kindly let me know what action can be taken. Regards, A concerned citizen",,"Itanagar, Arunachal Pradesh",
EM000717,Email,2025-04-14 21:26:00,"We called for an ambulance from {place} for an elderly relative and experienced a significant delay. Fortunately the situation did not become critical. Dear Sir/Madam, I wanted to bring a problem to your notice regarding a public service issue in Bengaluru. We called for an ambulance from the government health centre for an elderly relative and experienced a significant delay. Fortunately the situation did not become critical. Please look into the response time in this area. Location: Bengaluru, Karnataka. Kindly let me know what action can be taken. Regards, A concerned citizen",,"Bengaluru, Karnataka",
EM000718,Email,2025-10-04 01:51:00,"The online appointment page for the public hospital in {place} has not been working consistently. It either fails to load or does not show available slots. Dear Sir/Madam, I am not sure which department handles this, so I am writing here for assistance regarding a public service issue in Itanagar. The online appointment page for the public hospital in the public clinic has not been working consistently. It either fails to load or does not show available slots. Could the technical issue be checked? I am attaching no personal documents; I only want the service issue to be addressed. Location: Itanagar, Arunachal Pradesh. Thank you for taking the time to read this. Regards, A concerned citizen",,"Itanagar, Arunachal Pradesh",
EM000719,Email,2025-06-06 22:10:00,"The online appointment page for the public hospital in {place} has not been working consistently. It either fails to load or does not show available slots. Dear Sir/Madam, I am not sure which department handles this, so I am writing here for assistance regarding a public service issue in Kochi. The online appointment page for the public hospital in the public clinic has not been working consistently. It either fails to load or does not show available slots. Could the technical issue be checked? Location: Kochi, Kerala. Kindly let me know what action can be taken. Regards, A concerned citizen",,"Kochi, Kerala",
EM000720,Email,2025-04-15 21:01:00,"The online appointment page for the public hospital in {place} has not been working consistently. It either fails to load or does not show available slots. Dear Sir/Madam, I am writing after trying to get this issue resolved locally regarding a public service issue in Guwahati. The online appointment page for the public hospital in the district hospital has not been working consistently. It either fails to load or does not show available slots. Could the technical issue be checked? Location: Guwahati, Assam. I hope the department can look into this soon. Regards, A concerned citizen",,"Guwahati, Assam",
EM000721,Email,2025-09-25 06:29:00,"We called for an ambulance from {place} for an elderly relative and experienced a significant delay. Fortunately the situation did not become critical. Dear Sir/Madam, I am a resident of the area and would like to raise a concern regarding a public service issue in Ludhiana. We called for an ambulance from the public clinic for an elderly relative and experienced a significant delay. Fortunately the situation did not become critical. Please look into the response time in this area. Location: Ludhiana, Punjab. I hope the department can look into this soon. Regards, A concerned citizen",,"Ludhiana, Punjab",
EM000722,Email,2025-06-11 01:30:00,"Follow-up: The online appointment page for the public hospital in {place} has not been working consistently. It either fails to load or does not show available slots. Dear Sir/Madam, I am a resident of the area and would like to raise a concern regarding a public service issue in Gangtok. The online appointment page for the public hospital in the government health centre has not been working consistently. It either fails to load or does not show available slots. Could the technical issue be checked? This is not the first time we have faced this problem. Location: Gangtok, Sikkim. Kindly let me know what action can be taken. Regards, A concerned citizen",,"Gangtok, Sikkim",
EM000723,Email,2025-10-17 19:34:00,"We called for an ambulance from {place} for an elderly relative and experienced a significant delay. Fortunately the situation did not become critical. Dear Sir/Madam, I am not sure which department handles this, so I am writing here for assistance regarding a public service issue in Shillong. We called for an ambulance from the district hospital for an elderly relative and experienced a significant delay. Fortunately the situation did not become critical. Please look into the response time in this area. I am attaching no personal documents; I only want the service issue to be addressed. Location: Shillong, Meghalaya. I hope the department can look into this soon. Regards, A concerned citizen",,"Shillong, Meghalaya",
EM000724,Email,2025-03-10 06:09:00,"I visited the government hospital in {place} this week and had to wait for several hours before being seen. The waiting area was already crowded when I arrived. Dear Sir/Madam, I am contacting your department because I have been facing a problem regarding a public service issue in Dehradun. I visited the government hospital in the government health centre this week and had to wait for several hours before being seen. The waiting area was already crowded when I arrived. Could the outpatient process be improved or additional counters be arranged during busy hours? Location: Dehradun, Uttarakhand. Thank you for taking the time to read this. Regards, A concerned citizen",,"Dehradun, Uttarakhand",
EM000725,Email,2025-07-02 05:22:00,"Concern regarding The government health centre in {place} did not have one of the medicines prescribed to my family member. We were told to purchase it outside. Dear Sir/Madam, I would like to request your help regarding an issue in my locality regarding a public service issue in Lucknow. The government health centre in the primary health centre did not have one of the medicines prescribed to my family member. We were told to purchase it outside. Could you please confirm when the medicine will be available? This is not the first time we have faced this problem. Location: Lucknow, Uttar Pradesh. Kindly let me know what action can be taken. Regards, A concerned citizen",,"Lucknow, Uttar Pradesh",
EM000726,Email,2025-12-20 12:01:00,"The government health centre in {place} did not have one of the medicines prescribed to my family member. We were told to purchase it outside. Dear Sir/Madam, I am writing after trying to get this issue resolved locally regarding a public service issue in Coimbatore. The government health centre in the district hospital did not have one of the medicines prescribed to my family member. We were told to purchase it outside. Could you please confirm when the medicine will be available? This is not the first time we have faced this problem. Location: Coimbatore, Tamil Nadu. Thank you for taking the time to read this. Regards, A concerned citizen",,"Coimbatore, Tamil Nadu",
EM000727,Email,2025-10-18 02:04:00,"The waiting area and washrooms at the public clinic in {place} need better cleaning. Dear Sir/Madam, I am a resident of the area and would like to raise a concern regarding a public service issue in Srinagar. The waiting area and washrooms at the public clinic in the primary health centre need better cleaning. I request that the facility be inspected and regular maintenance ensured. Location: Srinagar, Jammu and Kashmir. Please acknowledge the complaint and advise me on the next step. Regards, A concerned citizen",,"Srinagar, Jammu and Kashmir",
EM000728,Email,2025-01-04 15:37:00,"Concern regarding The government health centre in {place} did not have one of the medicines prescribed to my family member. We were told to purchase it outside. Dear Sir/Madam, I wanted to check whether someone could look into the following matter regarding a public service issue in Ahmedabad. The government health centre in the public clinic did not have one of the medicines prescribed to my family member. We were told to purchase it outside. Could you please confirm when the medicine will be available? I am attaching no personal documents; I only want the service issue to be addressed. Location: Ahmedabad, Gujarat. Please acknowledge the complaint and advise me on the next step. Regards, A concerned citizen",,"Ahmedabad, Gujarat",
EM000729,Email,2025-12-11 15:24:00,"The online appointment page for the public hospital in {place} has not been working consistently. It either fails to load or does not show available slots. Dear Sir/Madam, I am writing to report an issue regarding a public service issue in Hyderabad. The online appointment page for the public hospital in the government health centre has not been working consistently. It either fails to load or does not show available slots. Could the technical issue be checked? I am attaching no personal documents; I only want the service issue to be addressed. Location: Hyderabad, Telangana. I would appreciate an update when possible. Regards, A concerned citizen",,"Hyderabad, Telangana",
EM000730,Email,2025-05-01 07:23:00,"The waiting area and washrooms at the public clinic in {place} need better cleaning. Dear Sir/Madam, I am writing to report an issue regarding a public service issue in Aizawl. The waiting area and washrooms at the public clinic in the district hospital need better cleaning. I request that the facility be inspected and regular maintenance ensured. I am attaching no personal documents; I only want the service issue to be addressed. Location: Aizawl, Mizoram. Please let me know if any additional details are required. Regards, A concerned citizen",,"Aizawl, Mizoram",
EM000731,Email,2025-10-20 06:57:00,"The drain near {place} is blocked and water is collecting on the side of the road whenever it rains. Dear Sir/Madam, I am a resident of the area and would like to raise a concern regarding a public service issue in Lucknow. The drain near the local market is blocked and water is collecting on the side of the road whenever it rains. Please arrange for the drain to be cleaned. Location: Lucknow, Uttar Pradesh. Please let me know if any additional details are required. Regards, A concerned citizen",,"Lucknow, Uttar Pradesh",
EM000732,Email,2025-04-06 16:44:00,"We have noticed mixed waste being collected without any explanation of how residents should separate it in {place}. Dear Sir/Madam, I wanted to bring a problem to your notice regarding a public service issue in Bhubaneswar. We have noticed mixed waste being collected without any explanation of how residents should separate it in the local market. Could the local team provide clear instructions and ensure regular collection? Location: Bhubaneswar, Odisha. I would appreciate an update when possible. Regards, A concerned citizen",,"Bhubaneswar, Odisha",
EM000733,Email,2025-08-11 00:54:00,"The public toilet near {place} is in poor condition and basic maintenance appears to be missing. Dear Sir/Madam, I am not sure which department handles this, so I am writing here for assistance regarding a public service issue in Bhubaneswar. The public toilet near the neighbourhood is in poor condition and basic maintenance appears to be missing. Kindly arrange an inspection and regular cleaning. I understand that some delays are unavoidable, but the current situation is becoming difficult. Location: Bhubaneswar, Odisha. I hope the department can look into this soon. Regards, A concerned citizen",,"Bhubaneswar, Odisha",
EM000734,Email,2025-01-02 08:43:00,"The waste bins near {place} are overflowing by the end of the day. This is particularly unpleasant for people living close to the market. Dear Sir/Madam, I am writing after trying to get this issue resolved locally regarding a public service issue in Shimla. The waste bins near the community area are overflowing by the end of the day. This is particularly unpleasant for people living close to the market. Could the collection frequency be increased? I had also mentioned this to the local office, but I have not received a clear update. Location: Shimla, Himachal Pradesh. Please let me know if any additional details are required. Regards, A concerned citizen",,"Shimla, Himachal Pradesh",
EM000735,Email,2025-06-20 23:16:00,"We have noticed mixed waste being collected without any explanation of how residents should separate it in {place}. Dear Sir/Madam, I wanted to bring a problem to your notice regarding a public service issue in Aizawl. We have noticed mixed waste being collected without any explanation of how residents should separate it in the community area. Could the local team provide clear instructions and ensure regular collection? Location: Aizawl, Mizoram. Kindly let me know what action can be taken. Regards, A concerned citizen",,"Aizawl, Mizoram",
EM000736,Email,2025-08-28 13:37:00,"The public toilet near {place} is in poor condition and basic maintenance appears to be missing. Dear Sir/Madam, I would like to request your help regarding an issue in my locality regarding a public service issue in Ranchi. The public toilet near the residential lane is in poor condition and basic maintenance appears to be missing. Kindly arrange an inspection and regular cleaning. Location: Ranchi, Jharkhand. Please acknowledge the complaint and advise me on the next step. Regards, A concerned citizen",,"Ranchi, Jharkhand",
EM000737,Email,2025-12-14 16:02:00,"Follow-up: The drain near {place} is blocked and water is collecting on the side of the road whenever it rains. Dear Sir/Madam, I wanted to bring a problem to your notice regarding a public service issue in Coimbatore. The drain near the neighbourhood is blocked and water is collecting on the side of the road whenever it rains. Please arrange for the drain to be cleaned. Location: Coimbatore, Tamil Nadu. Kindly let me know what action can be taken. Regards, A concerned citizen",,"Coimbatore, Tamil Nadu",
EM000738,Email,2025-05-05 20:20:00,"The waste bins near {place} are overflowing by the end of the day. This is particularly unpleasant for people living close to the market. Dear Sir/Madam, I am a resident of the area and would like to raise a concern regarding a public service issue in New Delhi. The waste bins near the neighbourhood are overflowing by the end of the day. This is particularly unpleasant for people living close to the market. Could the collection frequency be increased? I had also mentioned this to the local office, but I have not received a clear update. Location: New Delhi, Delhi. I hope the department can look into this soon. Regards, A concerned citizen",,"New Delhi, Delhi",
EM000739,Email,2025-06-27 04:44:00,"Concern regarding We have noticed mixed waste being collected without any explanation of how residents should separate it in {place}. Dear Sir/Madam, I am writing after trying to get this issue resolved locally regarding a public service issue in Aizawl. We have noticed mixed waste being collected without any explanation of how residents should separate it in the neighbourhood. Could the local team provide clear instructions and ensure regular collection? I understand that some delays are unavoidable, but the current situation is becoming difficult. Location: Aizawl, Mizoram. Please let me know if any additional details are required. Regards, A concerned citizen",,"Aizawl, Mizoram",
EM000740,Email,2025-09-12 18:49:00,"The public toilet near {place} is in poor condition and basic maintenance appears to be missing. Dear Sir/Madam, I am not sure which department handles this, so I am writing here for assistance regarding a public service issue in Kolkata. The public toilet near the local market is in poor condition and basic maintenance appears to be missing. Kindly arrange an inspection and regular cleaning. I am mainly looking for a clear update and a practical solution. Location: Kolkata, West Bengal. I would appreciate an update when possible. Regards, A concerned citizen",,"Kolkata, West Bengal",
EM000741,Email,2025-01-11 19:10:00,"We have noticed mixed waste being collected without any explanation of how residents should separate it in {place}. Dear Sir/Madam, I would like to request your help regarding an issue in my locality regarding a public service issue in Leh. We have noticed mixed waste being collected without any explanation of how residents should separate it in the neighbourhood. Could the local team provide clear instructions and ensure regular collection? I had also mentioned this to the local office, but I have not received a clear update. Location: Leh, Ladakh. Thank you for taking the time to read this. Regards, A concerned citizen",,"Leh, Ladakh",
EM000742,Email,2025-04-09 04:50:00,"The drain near {place} is blocked and water is collecting on the side of the road whenever it rains. Dear Sir/Madam, I am a resident of the area and would like to raise a concern regarding a public service issue in Bengaluru. The drain near the main street is blocked and water is collecting on the side of the road whenever it rains. Please arrange for the drain to be cleaned. Location: Bengaluru, Karnataka. I would appreciate an update when possible. Regards, A concerned citizen",,"Bengaluru, Karnataka",
EM000743,Email,2025-09-16 21:41:00,"The waste bins near {place} are overflowing by the end of the day. This is particularly unpleasant for people living close to the market. Dear Sir/Madam, I would like to request your help regarding an issue in my locality regarding a public service issue in Agartala. The waste bins near the main street are overflowing by the end of the day. This is particularly unpleasant for people living close to the market. Could the collection frequency be increased? Location: Agartala, Tripura. Kindly let me know what action can be taken. Regards, A concerned citizen",,"Agartala, Tripura",
EM000744,Email,2025-06-22 16:59:00,"Concern regarding The public toilet near {place} is in poor condition and basic maintenance appears to be missing. Dear Sir/Madam, I am a resident of the area and would like to raise a concern regarding a public service issue in Raipur. The public toilet near the residential lane is in poor condition and basic maintenance appears to be missing. Kindly arrange an inspection and regular cleaning. Location: Raipur, Chhattisgarh. Please acknowledge the complaint and advise me on the next step. Regards, A concerned citizen",,"Raipur, Chhattisgarh",
EM000745,Email,2025-06-22 02:41:00,"The public toilet near {place} is in poor condition and basic maintenance appears to be missing. Dear Sir/Madam, I would like to request your help regarding an issue in my locality regarding a public service issue in Guwahati. The public toilet near the neighbourhood is in poor condition and basic maintenance appears to be missing. Kindly arrange an inspection and regular cleaning. Location: Guwahati, Assam. Kindly let me know what action can be taken. Regards, A concerned citizen",,"Guwahati, Assam",
EM000746,Email,2025-09-11 19:09:00,"The drain near {place} is blocked and water is collecting on the side of the road whenever it rains. Dear Sir/Madam, I am not sure which department handles this, so I am writing here for assistance regarding a public service issue in Kochi. The drain near the neighbourhood is blocked and water is collecting on the side of the road whenever it rains. Please arrange for the drain to be cleaned. Location: Kochi, Kerala. Thank you for taking the time to read this. Regards, A concerned citizen",,"Kochi, Kerala",
EM000747,Email,2025-04-17 04:43:00,"The drain near {place} is blocked and water is collecting on the side of the road whenever it rains. Dear Sir/Madam, I wanted to check whether someone could look into the following matter regarding a public service issue in Bhubaneswar. The drain near the main street is blocked and water is collecting on the side of the road whenever it rains. Please arrange for the drain to be cleaned. Location: Bhubaneswar, Odisha. I would appreciate an update when possible. Regards, A concerned citizen",,"Bhubaneswar, Odisha",
EM000748,Email,2025-05-21 08:54:00,"Follow-up: The public toilet near {place} is in poor condition and basic maintenance appears to be missing. Dear Sir/Madam, I am not sure which department handles this, so I am writing here for assistance regarding a public service issue in Ranchi. The public toilet near the local market is in poor condition and basic maintenance appears to be missing. Kindly arrange an inspection and regular cleaning. I understand that some delays are unavoidable, but the current situation is becoming difficult. Location: Ranchi, Jharkhand. Thank you for taking the time to read this. Regards, A concerned citizen",,"Ranchi, Jharkhand",
EM000749,Email,2025-03-23 00:30:00,"Garbage has not been collected from our lane in {place} for several days. Bags are now being left beside the full bin and stray animals are scattering the waste. Dear Sir/Madam, I would like to request your help regarding an issue in my locality regarding a public service issue in Aizawl. Garbage has not been collected from our lane in the local market for several days. Bags are now being left beside the full bin and stray animals are scattering the waste. Please arrange collection and let us know the regular collection schedule. Location: Aizawl, Mizoram. I would appreciate an update when possible. Regards, A concerned citizen",,"Aizawl, Mizoram",
EM000750,Email,2025-09-29 21:41:00,"Request for assistance - The public toilet near {place} is in poor condition and basic maintenance appears to be missing. Dear Sir/Madam, I wanted to check whether someone could look into the following matter regarding a public service issue in Pune. The public toilet near the community area is in poor condition and basic maintenance appears to be missing. Kindly arrange an inspection and regular cleaning. Location: Pune, Maharashtra. Please acknowledge the complaint and advise me on the next step. Regards, A concerned citizen",,"Pune, Maharashtra",
EM000751,Email,2025-06-08 19:13:00,"The waste bins near {place} are overflowing by the end of the day. This is particularly unpleasant for people living close to the market. Dear Sir/Madam, I am writing after trying to get this issue resolved locally regarding a public service issue in Ahmedabad. The waste bins near the local market are overflowing by the end of the day. This is particularly unpleasant for people living close to the market. Could the collection frequency be increased? Location: Ahmedabad, Gujarat. I hope the department can look into this soon. Regards, A concerned citizen",,"Ahmedabad, Gujarat",
EM000752,Email,2025-09-20 10:26:00,"The drain near {place} is blocked and water is collecting on the side of the road whenever it rains. Dear Sir/Madam, I wanted to bring a problem to your notice regarding a public service issue in Bhopal. The drain near the main street is blocked and water is collecting on the side of the road whenever it rains. Please arrange for the drain to be cleaned. Location: Bhopal, Madhya Pradesh. I hope the department can look into this soon. Regards, A concerned citizen",,"Bhopal, Madhya Pradesh",
EM000753,Email,2025-04-28 16:46:00,"We have noticed mixed waste being collected without any explanation of how residents should separate it in {place}. Dear Sir/Madam, I wanted to check whether someone could look into the following matter regarding a public service issue in Dehradun. We have noticed mixed waste being collected without any explanation of how residents should separate it in the neighbourhood. Could the local team provide clear instructions and ensure regular collection? This is not the first time we have faced this problem. Location: Dehradun, Uttarakhand. Kindly let me know what action can be taken. Regards, A concerned citizen",,"Dehradun, Uttarakhand",
EM000754,Email,2025-06-17 06:12:00,"The waste bins near {place} are overflowing by the end of the day. This is particularly unpleasant for people living close to the market. Dear Sir/Madam, I am writing to report an issue regarding a public service issue in Leh. The waste bins near the neighbourhood are overflowing by the end of the day. This is particularly unpleasant for people living close to the market. Could the collection frequency be increased? Location: Leh, Ladakh. Please acknowledge the complaint and advise me on the next step. Regards, A concerned citizen",,"Leh, Ladakh",
EM000755,Email,2025-06-09 03:59:00,"The waste bins near {place} are overflowing by the end of the day. This is particularly unpleasant for people living close to the market. Dear Sir/Madam, I am a resident of the area and would like to raise a concern regarding a public service issue in Guwahati. The waste bins near the local market are overflowing by the end of the day. This is particularly unpleasant for people living close to the market. Could the collection frequency be increased? I had also mentioned this to the local office, but I have not received a clear update. Location: Guwahati, Assam. I hope the department can look into this soon. Regards, A concerned citizen",,"Guwahati, Assam",
EM000756,Email,2025-09-15 19:06:00,"Follow-up: Garbage has not been collected from our lane in {place} for several days. Bags are now being left beside the full bin and stray animals are scattering the waste. Dear Sir/Madam, I would like to request your help regarding an issue in my locality regarding a public service issue in Visakhapatnam. Garbage has not been collected from our lane in the community area for several days. Bags are now being left beside the full bin and stray animals are scattering the waste. Please arrange collection and let us know the regular collection schedule. I understand that some delays are unavoidable, but the current situation is becoming difficult. Location: Visakhapatnam, Andhra Pradesh. Please let me know if any additional details are required. Regards, A concerned citizen",,"Visakhapatnam, Andhra Pradesh",
EM000757,Email,2025-04-24 20:19:00,"Garbage has not been collected from our lane in {place} for several days. Bags are now being left beside the full bin and stray animals are scattering the waste. Dear Sir/Madam, I would like to request your help regarding an issue in my locality regarding a public service issue in Guwahati. Garbage has not been collected from our lane in the local market for several days. Bags are now being left beside the full bin and stray animals are scattering the waste. Please arrange collection and let us know the regular collection schedule. Location: Guwahati, Assam. Thank you for taking the time to read this. Regards, A concerned citizen",,"Guwahati, Assam",
EM000758,Email,2025-09-21 22:51:00,"We have noticed mixed waste being collected without any explanation of how residents should separate it in {place}. Dear Sir/Madam, I am a resident of the area and would like to raise a concern regarding a public service issue in Kolkata. We have noticed mixed waste being collected without any explanation of how residents should separate it in the main street. Could the local team provide clear instructions and ensure regular collection? I am attaching no personal documents; I only want the service issue to be addressed. Location: Kolkata, West Bengal. Please acknowledge the complaint and advise me on the next step. Regards, A concerned citizen",,"Kolkata, West Bengal",
EM000759,Email,2025-02-14 23:32:00,"The public toilet near {place} is in poor condition and basic maintenance appears to be missing. Dear Sir/Madam, I am writing to report an issue regarding a public service issue in Ranchi. The public toilet near the neighbourhood is in poor condition and basic maintenance appears to be missing. Kindly arrange an inspection and regular cleaning. Location: Ranchi, Jharkhand. Please let me know if any additional details are required. Regards, A concerned citizen",,"Ranchi, Jharkhand",
EM000760,Email,2025-03-08 10:24:00,"Garbage has not been collected from our lane in {place} for several days. Bags are now being left beside the full bin and stray animals are scattering the waste. Dear Sir/Madam, I am writing to report an issue regarding a public service issue in Guwahati. Garbage has not been collected from our lane in the community area for several days. Bags are now being left beside the full bin and stray animals are scattering the waste. Please arrange collection and let us know the regular collection schedule. I understand that some delays are unavoidable, but the current situation is becoming difficult. Location: Guwahati, Assam. Kindly let me know what action can be taken. Regards, A concerned citizen",,"Guwahati, Assam",
EM000761,Email,2025-11-02 14:20:00,"We have noticed mixed waste being collected without any explanation of how residents should separate it in {place}. Dear Sir/Madam, I am writing to report an issue regarding a public service issue in Kolkata. We have noticed mixed waste being collected without any explanation of how residents should separate it in the local market. Could the local team provide clear instructions and ensure regular collection? Location: Kolkata, West Bengal. Kindly let me know what action can be taken. Regards, A concerned citizen",,"Kolkata, West Bengal",
EM000762,Email,2025-03-25 23:14:00,"The drain near {place} is blocked and water is collecting on the side of the road whenever it rains. Dear Sir/Madam, I am contacting your department because I have been facing a problem regarding a public service issue in Patna. The drain near the residential lane is blocked and water is collecting on the side of the road whenever it rains. Please arrange for the drain to be cleaned. Location: Patna, Bihar. Kindly let me know what action can be taken. Regards, A concerned citizen",,"Patna, Bihar",
EM000763,Email,2025-08-23 02:56:00,"The public toilet near {place} is in poor condition and basic maintenance appears to be missing. Dear Sir/Madam, I would like to request your help regarding an issue in my locality regarding a public service issue in Gurugram. The public toilet near the neighbourhood is in poor condition and basic maintenance appears to be missing. Kindly arrange an inspection and regular cleaning. I am mainly looking for a clear update and a practical solution. Location: Gurugram, Haryana. I hope the department can look into this soon. Regards, A concerned citizen",,"Gurugram, Haryana",
EM000764,Email,2025-04-02 01:02:00,"Request for assistance - Garbage has not been collected from our lane in {place} for several days. Bags are now being left beside the full bin and stray animals are scattering the waste. Dear Sir/Madam, I would like to request your help regarding an issue in my locality regarding a public service issue in Pune. Garbage has not been collected from our lane in the community area for several days. Bags are now being left beside the full bin and stray animals are scattering the waste. Please arrange collection and let us know the regular collection schedule. I had also mentioned this to the local office, but I have not received a clear update. Location: Pune, Maharashtra. Please let me know if any additional details are required. Regards, A concerned citizen",,"Pune, Maharashtra",
EM000765,Email,2025-10-09 09:37:00,"Concern regarding Garbage has not been collected from our lane in {place} for several days. Bags are now being left beside the full bin and stray animals are scattering the waste. Dear Sir/Madam, I am a resident of the area and would like to raise a concern regarding a public service issue in Bhubaneswar. Garbage has not been collected from our lane in the local market for several days. Bags are now being left beside the full bin and stray animals are scattering the waste. Please arrange collection and let us know the regular collection schedule. I understand that some delays are unavoidable, but the current situation is becoming difficult. Location: Bhubaneswar, Odisha. I hope the department can look into this soon. Regards, A concerned citizen",,"Bhubaneswar, Odisha",
EM000766,Email,2025-06-07 14:24:00,"The public toilet near {place} is in poor condition and basic maintenance appears to be missing. Dear Sir/Madam, I wanted to check whether someone could look into the following matter regarding a public service issue in Coimbatore. The public toilet near the community area is in poor condition and basic maintenance appears to be missing. Kindly arrange an inspection and regular cleaning. I had also mentioned this to the local office, but I have not received a clear update. Location: Coimbatore, Tamil Nadu. Please let me know if any additional details are required. Regards, A concerned citizen",,"Coimbatore, Tamil Nadu",
EM000767,Email,2025-04-21 15:03:00,"The waste bins near {place} are overflowing by the end of the day. This is particularly unpleasant for people living close to the market. Dear Sir/Madam, I am a resident of the area and would like to raise a concern regarding a public service issue in Shillong. The waste bins near the community area are overflowing by the end of the day. This is particularly unpleasant for people living close to the market. Could the collection frequency be increased? I understand that some delays are unavoidable, but the current situation is becoming difficult. Location: Shillong, Meghalaya. Kindly let me know what action can be taken. Regards, A concerned citizen",,"Shillong, Meghalaya",
EM000768,Email,2025-05-08 10:33:00,"The public toilet near {place} is in poor condition and basic maintenance appears to be missing. Dear Sir/Madam, I am a resident of the area and would like to raise a concern regarding a public service issue in Raipur. The public toilet near the main street is in poor condition and basic maintenance appears to be missing. Kindly arrange an inspection and regular cleaning. This is not the first time we have faced this problem. Location: Raipur, Chhattisgarh. Please let me know if any additional details are required. Regards, A concerned citizen",,"Raipur, Chhattisgarh",
EM000769,Email,2025-06-19 01:05:00,"Concern regarding The drain near {place} is blocked and water is collecting on the side of the road whenever it rains. Dear Sir/Madam, I am contacting your department because I have been facing a problem regarding a public service issue in Lucknow. The drain near the community area is blocked and water is collecting on the side of the road whenever it rains. Please arrange for the drain to be cleaned. I am mainly looking for a clear update and a practical solution. Location: Lucknow, Uttar Pradesh. I hope the department can look into this soon. Regards, A concerned citizen",,"Lucknow, Uttar Pradesh",
EM000770,Email,2025-07-26 01:00:00,"Garbage has not been collected from our lane in {place} for several days. Bags are now being left beside the full bin and stray animals are scattering the waste. Dear Sir/Madam, I wanted to check whether someone could look into the following matter regarding a public service issue in Bhopal. Garbage has not been collected from our lane in the local market for several days. Bags are now being left beside the full bin and stray animals are scattering the waste. Please arrange collection and let us know the regular collection schedule. Location: Bhopal, Madhya Pradesh. Please let me know if any additional details are required. Regards, A concerned citizen",,"Bhopal, Madhya Pradesh",
EM000771,Email,2025-08-11 06:30:00,"We have noticed mixed waste being collected without any explanation of how residents should separate it in {place}. Dear Sir/Madam, I am writing after trying to get this issue resolved locally regarding a public service issue in Pune. We have noticed mixed waste being collected without any explanation of how residents should separate it in the neighbourhood. Could the local team provide clear instructions and ensure regular collection? I am mainly looking for a clear update and a practical solution. Location: Pune, Maharashtra. Thank you for taking the time to read this. Regards, A concerned citizen",,"Pune, Maharashtra",
EM000772,Email,2025-01-11 15:16:00,"The public toilet near {place} is in poor condition and basic maintenance appears to be missing. Dear Sir/Madam, I am a resident of the area and would like to raise a concern regarding a public service issue in Ludhiana. The public toilet near the local market is in poor condition and basic maintenance appears to be missing. Kindly arrange an inspection and regular cleaning. I had also mentioned this to the local office, but I have not received a clear update. Location: Ludhiana, Punjab. I would appreciate an update when possible. Regards, A concerned citizen",,"Ludhiana, Punjab",
EM000773,Email,2025-12-07 10:27:00,"Request for assistance - The waste bins near {place} are overflowing by the end of the day. This is particularly unpleasant for people living close to the market. Dear Sir/Madam, I am not sure which department handles this, so I am writing here for assistance regarding a public service issue in New Delhi. The waste bins near the local market are overflowing by the end of the day. This is particularly unpleasant for people living close to the market. Could the collection frequency be increased? I had also mentioned this to the local office, but I have not received a clear update. Location: New Delhi, Delhi. Please let me know if any additional details are required. Regards, A concerned citizen",,"New Delhi, Delhi",
EM000774,Email,2025-08-02 06:49:00,"The public toilet near {place} is in poor condition and basic maintenance appears to be missing. Dear Sir/Madam, I am not sure which department handles this, so I am writing here for assistance regarding a public service issue in Patna. The public toilet near the community area is in poor condition and basic maintenance appears to be missing. Kindly arrange an inspection and regular cleaning. Location: Patna, Bihar. I hope the department can look into this soon. Regards, A concerned citizen",,"Patna, Bihar",
EM000775,Email,2025-11-26 13:13:00,"Concern regarding The drain near {place} is blocked and water is collecting on the side of the road whenever it rains. Dear Sir/Madam, I am not sure which department handles this, so I am writing here for assistance regarding a public service issue in Puducherry. The drain near the community area is blocked and water is collecting on the side of the road whenever it rains. Please arrange for the drain to be cleaned. Location: Puducherry, Puducherry. Thank you for taking the time to read this. Regards, A concerned citizen",,"Puducherry, Puducherry",
EM000776,Email,2025-04-28 19:36:00,"We have noticed mixed waste being collected without any explanation of how residents should separate it in {place}. Dear Sir/Madam, I am contacting your department because I have been facing a problem regarding a public service issue in Raipur. We have noticed mixed waste being collected without any explanation of how residents should separate it in the residential lane. Could the local team provide clear instructions and ensure regular collection? I understand that some delays are unavoidable, but the current situation is becoming difficult. Location: Raipur, Chhattisgarh. I hope the department can look into this soon. Regards, A concerned citizen",,"Raipur, Chhattisgarh",
EM000777,Email,2025-03-20 07:57:00,"The public toilet near {place} is in poor condition and basic maintenance appears to be missing. Dear Sir/Madam, I wanted to check whether someone could look into the following matter regarding a public service issue in Guwahati. The public toilet near the community area is in poor condition and basic maintenance appears to be missing. Kindly arrange an inspection and regular cleaning. Location: Guwahati, Assam. I would appreciate an update when possible. Regards, A concerned citizen",,"Guwahati, Assam",
EM000778,Email,2025-05-06 18:44:00,"Garbage has not been collected from our lane in {place} for several days. Bags are now being left beside the full bin and stray animals are scattering the waste. Dear Sir/Madam, I would like to request your help regarding an issue in my locality regarding a public service issue in Agartala. Garbage has not been collected from our lane in the local market for several days. Bags are now being left beside the full bin and stray animals are scattering the waste. Please arrange collection and let us know the regular collection schedule. I had also mentioned this to the local office, but I have not received a clear update. Location: Agartala, Tripura. Please let me know if any additional details are required. Regards, A concerned citizen",,"Agartala, Tripura",
EM000779,Email,2025-09-20 01:59:00,"The waste bins near {place} are overflowing by the end of the day. This is particularly unpleasant for people living close to the market. Dear Sir/Madam, I am writing after trying to get this issue resolved locally regarding a public service issue in Bengaluru. The waste bins near the main street are overflowing by the end of the day. This is particularly unpleasant for people living close to the market. Could the collection frequency be increased? Location: Bengaluru, Karnataka. I would appreciate an update when possible. Regards, A concerned citizen",,"Bengaluru, Karnataka",
EM000780,Email,2025-04-11 02:18:00,"The drain near {place} is blocked and water is collecting on the side of the road whenever it rains. Dear Sir/Madam, I am writing to report an issue regarding a public service issue in Ludhiana. The drain near the neighbourhood is blocked and water is collecting on the side of the road whenever it rains. Please arrange for the drain to be cleaned. I had also mentioned this to the local office, but I have not received a clear update. Location: Ludhiana, Punjab. I hope the department can look into this soon. Regards, A concerned citizen",,"Ludhiana, Punjab",
EM000781,Email,2025-03-08 13:52:00,"The waste bins near {place} are overflowing by the end of the day. This is particularly unpleasant for people living close to the market. Dear Sir/Madam, I am contacting your department because I have been facing a problem regarding a public service issue in Coimbatore. The waste bins near the main street are overflowing by the end of the day. This is particularly unpleasant for people living close to the market. Could the collection frequency be increased? I am mainly looking for a clear update and a practical solution. Location: Coimbatore, Tamil Nadu. Thank you for taking the time to read this. Regards, A concerned citizen",,"Coimbatore, Tamil Nadu",
EM000782,Email,2025-06-29 23:11:00,"The drain near {place} is blocked and water is collecting on the side of the road whenever it rains. Dear Sir/Madam, I am contacting your department because I have been facing a problem regarding a public service issue in Itanagar. The drain near the community area is blocked and water is collecting on the side of the road whenever it rains. Please arrange for the drain to be cleaned. I am attaching no personal documents; I only want the service issue to be addressed. Location: Itanagar, Arunachal Pradesh. I hope the department can look into this soon. Regards, A concerned citizen",,"Itanagar, Arunachal Pradesh",
EM000783,Email,2025-05-27 02:57:00,"We have noticed mixed waste being collected without any explanation of how residents should separate it in {place}. Dear Sir/Madam, I am contacting your department because I have been facing a problem regarding a public service issue in Lucknow. We have noticed mixed waste being collected without any explanation of how residents should separate it in the neighbourhood. Could the local team provide clear instructions and ensure regular collection? I understand that some delays are unavoidable, but the current situation is becoming difficult. Location: Lucknow, Uttar Pradesh. Please acknowledge the complaint and advise me on the next step. Regards, A concerned citizen",,"Lucknow, Uttar Pradesh",
EM000784,Email,2025-02-16 12:00:00,"The public toilet near {place} is in poor condition and basic maintenance appears to be missing. Dear Sir/Madam, I am a resident of the area and would like to raise a concern regarding a public service issue in Kolkata. The public toilet near the residential lane is in poor condition and basic maintenance appears to be missing. Kindly arrange an inspection and regular cleaning. I understand that some delays are unavoidable, but the current situation is becoming difficult. Location: Kolkata, West Bengal. Please let me know if any additional details are required. Regards, A concerned citizen",,"Kolkata, West Bengal",
EM000785,Email,2025-02-19 04:57:00,"The drain near {place} is blocked and water is collecting on the side of the road whenever it rains. Dear Sir/Madam, I wanted to check whether someone could look into the following matter regarding a public service issue in Bengaluru. The drain near the neighbourhood is blocked and water is collecting on the side of the road whenever it rains. Please arrange for the drain to be cleaned. Location: Bengaluru, Karnataka. Thank you for taking the time to read this. Regards, A concerned citizen",,"Bengaluru, Karnataka",
EM000786,Email,2025-02-01 06:00:00,"Follow-up: Garbage has not been collected from our lane in {place} for several days. Bags are now being left beside the full bin and stray animals are scattering the waste. Dear Sir/Madam, I am writing after trying to get this issue resolved locally regarding a public service issue in Puducherry. Garbage has not been collected from our lane in the local market for several days. Bags are now being left beside the full bin and stray animals are scattering the waste. Please arrange collection and let us know the regular collection schedule. I am attaching no personal documents; I only want the service issue to be addressed. Location: Puducherry, Puducherry. Thank you for taking the time to read this. Regards, A concerned citizen",,"Puducherry, Puducherry",
EM000787,Email,2025-12-13 11:53:00,"We have noticed mixed waste being collected without any explanation of how residents should separate it in {place}. Dear Sir/Madam, I am writing to report an issue regarding a public service issue in Bhubaneswar. We have noticed mixed waste being collected without any explanation of how residents should separate it in the residential lane. Could the local team provide clear instructions and ensure regular collection? I had also mentioned this to the local office, but I have not received a clear update. Location: Bhubaneswar, Odisha. Thank you for taking the time to read this. Regards, A concerned citizen",,"Bhubaneswar, Odisha",
EM000788,Email,2025-01-06 05:22:00,"We have noticed mixed waste being collected without any explanation of how residents should separate it in {place}. Dear Sir/Madam, I am writing to report an issue regarding a public service issue in Itanagar. We have noticed mixed waste being collected without any explanation of how residents should separate it in the main street. Could the local team provide clear instructions and ensure regular collection? I understand that some delays are unavoidable, but the current situation is becoming difficult. Location: Itanagar, Arunachal Pradesh. Thank you for taking the time to read this. Regards, A concerned citizen",,"Itanagar, Arunachal Pradesh",
EM000789,Email,2025-05-16 14:11:00,"Concern regarding We have noticed mixed waste being collected without any explanation of how residents should separate it in {place}. Dear Sir/Madam, I am writing to report an issue regarding a public service issue in Gurugram. We have noticed mixed waste being collected without any explanation of how residents should separate it in the local market. Could the local team provide clear instructions and ensure regular collection? This is not the first time we have faced this problem. Location: Gurugram, Haryana. Thank you for taking the time to read this. Regards, A concerned citizen",,"Gurugram, Haryana",
EM000790,Email,2025-05-05 19:18:00,"The drain near {place} is blocked and water is collecting on the side of the road whenever it rains. Dear Sir/Madam, I wanted to check whether someone could look into the following matter regarding a public service issue in Itanagar. The drain near the main street is blocked and water is collecting on the side of the road whenever it rains. Please arrange for the drain to be cleaned. Location: Itanagar, Arunachal Pradesh. I would appreciate an update when possible. Regards, A concerned citizen",,"Itanagar, Arunachal Pradesh",
EM000791,Email,2025-12-28 02:23:00,"Concern regarding Garbage has not been collected from our lane in {place} for several days. Bags are now being left beside the full bin and stray animals are scattering the waste. Dear Sir/Madam, I wanted to check whether someone could look into the following matter regarding a public service issue in Aizawl. Garbage has not been collected from our lane in the community area for several days. Bags are now being left beside the full bin and stray animals are scattering the waste. Please arrange collection and let us know the regular collection schedule. Location: Aizawl, Mizoram. Kindly let me know what action can be taken. Regards, A concerned citizen",,"Aizawl, Mizoram",
EM000792,Email,2025-10-16 23:59:00,"Garbage has not been collected from our lane in {place} for several days. Bags are now being left beside the full bin and stray animals are scattering the waste. Dear Sir/Madam, I wanted to check whether someone could look into the following matter regarding a public service issue in Kolkata. Garbage has not been collected from our lane in the community area for several days. Bags are now being left beside the full bin and stray animals are scattering the waste. Please arrange collection and let us know the regular collection schedule. I am mainly looking for a clear update and a practical solution. Location: Kolkata, West Bengal. Thank you for taking the time to read this. Regards, A concerned citizen",,"Kolkata, West Bengal",
EM000793,Email,2025-05-26 02:14:00,"The drain near {place} is blocked and water is collecting on the side of the road whenever it rains. Dear Sir/Madam, I am contacting your department because I have been facing a problem regarding a public service issue in Srinagar. The drain near the local market is blocked and water is collecting on the side of the road whenever it rains. Please arrange for the drain to be cleaned. I am mainly looking for a clear update and a practical solution. Location: Srinagar, Jammu and Kashmir. Please let me know if any additional details are required. Regards, A concerned citizen",,"Srinagar, Jammu and Kashmir",
EM000794,Email,2025-07-21 09:47:00,"We have noticed mixed waste being collected without any explanation of how residents should separate it in {place}. Dear Sir/Madam, I wanted to check whether someone could look into the following matter regarding a public service issue in Jaipur. We have noticed mixed waste being collected without any explanation of how residents should separate it in the local market. Could the local team provide clear instructions and ensure regular collection? This is not the first time we have faced this problem. Location: Jaipur, Rajasthan. Thank you for taking the time to read this. Regards, A concerned citizen",,"Jaipur, Rajasthan",
EM000795,Email,2025-12-13 21:18:00,"We have noticed mixed waste being collected without any explanation of how residents should separate it in {place}. Dear Sir/Madam, I am writing after trying to get this issue resolved locally regarding a public service issue in Itanagar. We have noticed mixed waste being collected without any explanation of how residents should separate it in the neighbourhood. Could the local team provide clear instructions and ensure regular collection? I had also mentioned this to the local office, but I have not received a clear update. Location: Itanagar, Arunachal Pradesh. Please acknowledge the complaint and advise me on the next step. Regards, A concerned citizen",,"Itanagar, Arunachal Pradesh",
EM000796,Email,2025-06-11 21:01:00,"Garbage has not been collected from our lane in {place} for several days. Bags are now being left beside the full bin and stray animals are scattering the waste. Dear Sir/Madam, I wanted to bring a problem to your notice regarding a public service issue in Kochi. Garbage has not been collected from our lane in the community area for several days. Bags are now being left beside the full bin and stray animals are scattering the waste. Please arrange collection and let us know the regular collection schedule. Location: Kochi, Kerala. Please let me know if any additional details are required. Regards, A concerned citizen",,"Kochi, Kerala",
EM000797,Email,2025-03-31 17:47:00,"The public toilet near {place} is in poor condition and basic maintenance appears to be missing. Dear Sir/Madam, I am not sure which department handles this, so I am writing here for assistance regarding a public service issue in Shillong. The public toilet near the community area is in poor condition and basic maintenance appears to be missing. Kindly arrange an inspection and regular cleaning. Location: Shillong, Meghalaya. I would appreciate an update when possible. Regards, A concerned citizen",,"Shillong, Meghalaya",
EM000798,Email,2025-10-31 17:32:00,"We have noticed mixed waste being collected without any explanation of how residents should separate it in {place}. Dear Sir/Madam, I wanted to bring a problem to your notice regarding a public service issue in Coimbatore. We have noticed mixed waste being collected without any explanation of how residents should separate it in the neighbourhood. Could the local team provide clear instructions and ensure regular collection? Location: Coimbatore, Tamil Nadu. Kindly let me know what action can be taken. Regards, A concerned citizen",,"Coimbatore, Tamil Nadu",
EM000799,Email,2025-01-24 22:16:00,"Garbage has not been collected from our lane in {place} for several days. Bags are now being left beside the full bin and stray animals are scattering the waste. Dear Sir/Madam, I wanted to bring a problem to your notice regarding a public service issue in Gurugram. Garbage has not been collected from our lane in the neighbourhood for several days. Bags are now being left beside the full bin and stray animals are scattering the waste. Please arrange collection and let us know the regular collection schedule. I had also mentioned this to the local office, but I have not received a clear update. Location: Gurugram, Haryana. I hope the department can look into this soon. Regards, A concerned citizen",,"Gurugram, Haryana",
EM000800,Email,2025-12-31 00:26:00,"The public toilet near {place} is in poor condition and basic maintenance appears to be missing. Dear Sir/Madam, I am writing after trying to get this issue resolved locally regarding a public service issue in Ludhiana. The public toilet near the residential lane is in poor condition and basic maintenance appears to be missing. Kindly arrange an inspection and regular cleaning. Location: Ludhiana, Punjab. Please let me know if any additional details are required. Regards, A concerned citizen",,"Ludhiana, Punjab",
EM000801,Email,2025-09-28 04:55:00,"The waste bins near {place} are overflowing by the end of the day. This is particularly unpleasant for people living close to the market. Dear Sir/Madam, I am not sure which department handles this, so I am writing here for assistance regarding a public service issue in Agartala. The waste bins near the local market are overflowing by the end of the day. This is particularly unpleasant for people living close to the market. Could the collection frequency be increased? Location: Agartala, Tripura. Please let me know if any additional details are required. Regards, A concerned citizen",,"Agartala, Tripura",
EM000802,Email,2025-11-14 22:04:00,"The public toilet near {place} is in poor condition and basic maintenance appears to be missing. Dear Sir/Madam, I am writing to report an issue regarding a public service issue in Ranchi. The public toilet near the neighbourhood is in poor condition and basic maintenance appears to be missing. Kindly arrange an inspection and regular cleaning. Location: Ranchi, Jharkhand. I hope the department can look into this soon. Regards, A concerned citizen",,"Ranchi, Jharkhand",
EM000803,Email,2025-02-04 17:08:00,"The waste bins near {place} are overflowing by the end of the day. This is particularly unpleasant for people living close to the market. Dear Sir/Madam, I wanted to bring a problem to your notice regarding a public service issue in Aizawl. The waste bins near the main street are overflowing by the end of the day. This is particularly unpleasant for people living close to the market. Could the collection frequency be increased? This is not the first time we have faced this problem. Location: Aizawl, Mizoram. I hope the department can look into this soon. Regards, A concerned citizen",,"Aizawl, Mizoram",
EM000804,Email,2025-05-13 13:49:00,"Garbage has not been collected from our lane in {place} for several days. Bags are now being left beside the full bin and stray animals are scattering the waste. Dear Sir/Madam, I am not sure which department handles this, so I am writing here for assistance regarding a public service issue in Itanagar. Garbage has not been collected from our lane in the neighbourhood for several days. Bags are now being left beside the full bin and stray animals are scattering the waste. Please arrange collection and let us know the regular collection schedule. I am mainly looking for a clear update and a practical solution. Location: Itanagar, Arunachal Pradesh. I would appreciate an update when possible. Regards, A concerned citizen",,"Itanagar, Arunachal Pradesh",
EM000805,Email,2025-01-09 21:01:00,"The public toilet near {place} is in poor condition and basic maintenance appears to be missing. Dear Sir/Madam, I am writing after trying to get this issue resolved locally regarding a public service issue in Puducherry. The public toilet near the main street is in poor condition and basic maintenance appears to be missing. Kindly arrange an inspection and regular cleaning. Location: Puducherry, Puducherry. Please let me know if any additional details are required. Regards, A concerned citizen",,"Puducherry, Puducherry",
EM000806,Email,2025-02-25 05:28:00,"We have noticed mixed waste being collected without any explanation of how residents should separate it in {place}. Dear Sir/Madam, I wanted to check whether someone could look into the following matter regarding a public service issue in Pune. We have noticed mixed waste being collected without any explanation of how residents should separate it in the neighbourhood. Could the local team provide clear instructions and ensure regular collection? I understand that some delays are unavoidable, but the current situation is becoming difficult. Location: Pune, Maharashtra. I hope the department can look into this soon. Regards, A concerned citizen",,"Pune, Maharashtra",
EM000807,Email,2025-08-29 23:21:00,"The drain near {place} is blocked and water is collecting on the side of the road whenever it rains. Dear Sir/Madam, I wanted to bring a problem to your notice regarding a public service issue in Panaji. The drain near the neighbourhood is blocked and water is collecting on the side of the road whenever it rains. Please arrange for the drain to be cleaned. I am mainly looking for a clear update and a practical solution. Location: Panaji, Goa. I hope the department can look into this soon. Regards, A concerned citizen",,"Panaji, Goa",
EM000808,Email,2025-11-08 22:30:00,"Follow-up: The drain near {place} is blocked and water is collecting on the side of the road whenever it rains. Dear Sir/Madam, I would like to request your help regarding an issue in my locality regarding a public service issue in Gangtok. The drain near the residential lane is blocked and water is collecting on the side of the road whenever it rains. Please arrange for the drain to be cleaned. Location: Gangtok, Sikkim. Thank you for taking the time to read this. Regards, A concerned citizen",,"Gangtok, Sikkim",
EM000809,Email,2025-05-30 02:50:00,"The waste bins near {place} are overflowing by the end of the day. This is particularly unpleasant for people living close to the market. Dear Sir/Madam, I am writing to report an issue regarding a public service issue in Bhubaneswar. The waste bins near the main street are overflowing by the end of the day. This is particularly unpleasant for people living close to the market. Could the collection frequency be increased? I understand that some delays are unavoidable, but the current situation is becoming difficult. Location: Bhubaneswar, Odisha. Kindly let me know what action can be taken. Regards, A concerned citizen",,"Bhubaneswar, Odisha",
EM000810,Email,2025-08-04 18:22:00,"Follow-up: The drain near {place} is blocked and water is collecting on the side of the road whenever it rains. Dear Sir/Madam, I wanted to bring a problem to your notice regarding a public service issue in New Delhi. The drain near the local market is blocked and water is collecting on the side of the road whenever it rains. Please arrange for the drain to be cleaned. This is not the first time we have faced this problem. Location: New Delhi, Delhi. Please acknowledge the complaint and advise me on the next step. Regards, A concerned citizen",,"New Delhi, Delhi",
EM000811,Email,2025-04-19 10:49:00,"We have noticed mixed waste being collected without any explanation of how residents should separate it in {place}. Dear Sir/Madam, I would like to request your help regarding an issue in my locality regarding a public service issue in Raipur. We have noticed mixed waste being collected without any explanation of how residents should separate it in the community area. Could the local team provide clear instructions and ensure regular collection? Location: Raipur, Chhattisgarh. Kindly let me know what action can be taken. Regards, A concerned citizen",,"Raipur, Chhattisgarh",
EM000812,Email,2025-07-20 23:08:00,"Concern regarding The public toilet near {place} is in poor condition and basic maintenance appears to be missing. Dear Sir/Madam, I am writing to report an issue regarding a public service issue in Agartala. The public toilet near the main street is in poor condition and basic maintenance appears to be missing. Kindly arrange an inspection and regular cleaning. This is not the first time we have faced this problem. Location: Agartala, Tripura. I would appreciate an update when possible. Regards, A concerned citizen",,"Agartala, Tripura",
EM000813,Email,2025-03-17 16:53:00,"Concern regarding The public toilet near {place} is in poor condition and basic maintenance appears to be missing. Dear Sir/Madam, I am writing after trying to get this issue resolved locally regarding a public service issue in Coimbatore. The public toilet near the neighbourhood is in poor condition and basic maintenance appears to be missing. Kindly arrange an inspection and regular cleaning. Location: Coimbatore, Tamil Nadu. Thank you for taking the time to read this. Regards, A concerned citizen",,"Coimbatore, Tamil Nadu",
EM000814,Email,2025-06-03 19:15:00,"The drain near {place} is blocked and water is collecting on the side of the road whenever it rains. Dear Sir/Madam, I am contacting your department because I have been facing a problem regarding a public service issue in Bengaluru. The drain near the main street is blocked and water is collecting on the side of the road whenever it rains. Please arrange for the drain to be cleaned. Location: Bengaluru, Karnataka. Please acknowledge the complaint and advise me on the next step. Regards, A concerned citizen",,"Bengaluru, Karnataka",
EM000815,Email,2025-03-20 12:48:00,"Garbage has not been collected from our lane in {place} for several days. Bags are now being left beside the full bin and stray animals are scattering the waste. Dear Sir/Madam, I would like to request your help regarding an issue in my locality regarding a public service issue in Lucknow. Garbage has not been collected from our lane in the main street for several days. Bags are now being left beside the full bin and stray animals are scattering the waste. Please arrange collection and let us know the regular collection schedule. Location: Lucknow, Uttar Pradesh. Kindly let me know what action can be taken. Regards, A concerned citizen",,"Lucknow, Uttar Pradesh",
EM000816,Email,2025-03-03 13:09:00,"The public toilet near {place} is in poor condition and basic maintenance appears to be missing. Dear Sir/Madam, I would like to request your help regarding an issue in my locality regarding a public service issue in Bhubaneswar. The public toilet near the community area is in poor condition and basic maintenance appears to be missing. Kindly arrange an inspection and regular cleaning. Location: Bhubaneswar, Odisha. Please let me know if any additional details are required. Regards, A concerned citizen",,"Bhubaneswar, Odisha",
EM000817,Email,2025-09-08 21:01:00,"The public toilet near {place} is in poor condition and basic maintenance appears to be missing. Dear Sir/Madam, I am not sure which department handles this, so I am writing here for assistance regarding a public service issue in Shimla. The public toilet near the community area is in poor condition and basic maintenance appears to be missing. Kindly arrange an inspection and regular cleaning. Location: Shimla, Himachal Pradesh. Thank you for taking the time to read this. Regards, A concerned citizen",,"Shimla, Himachal Pradesh",
EM000818,Email,2025-04-30 11:53:00,"Follow-up: The public toilet near {place} is in poor condition and basic maintenance appears to be missing. Dear Sir/Madam, I am a resident of the area and would like to raise a concern regarding a public service issue in Raipur. The public toilet near the local market is in poor condition and basic maintenance appears to be missing. Kindly arrange an inspection and regular cleaning. I had also mentioned this to the local office, but I have not received a clear update. Location: Raipur, Chhattisgarh. Please let me know if any additional details are required. Regards, A concerned citizen",,"Raipur, Chhattisgarh",
EM000819,Email,2025-01-28 22:36:00,"Follow-up: We have noticed mixed waste being collected without any explanation of how residents should separate it in {place}. Dear Sir/Madam, I am contacting your department because I have been facing a problem regarding a public service issue in Panaji. We have noticed mixed waste being collected without any explanation of how residents should separate it in the local market. Could the local team provide clear instructions and ensure regular collection? I had also mentioned this to the local office, but I have not received a clear update. Location: Panaji, Goa. Thank you for taking the time to read this. Regards, A concerned citizen",,"Panaji, Goa",
EM000820,Email,2025-07-30 01:33:00,"Follow-up: The public toilet near {place} is in poor condition and basic maintenance appears to be missing. Dear Sir/Madam, I would like to request your help regarding an issue in my locality regarding a public service issue in Guwahati. The public toilet near the neighbourhood is in poor condition and basic maintenance appears to be missing. Kindly arrange an inspection and regular cleaning. Location: Guwahati, Assam. I hope the department can look into this soon. Regards, A concerned citizen",,"Guwahati, Assam",
EM000821,Email,2025-11-26 23:30:00,"The waste bins near {place} are overflowing by the end of the day. This is particularly unpleasant for people living close to the market. Dear Sir/Madam, I am contacting your department because I have been facing a problem regarding a public service issue in Dehradun. The waste bins near the main street are overflowing by the end of the day. This is particularly unpleasant for people living close to the market. Could the collection frequency be increased? I understand that some delays are unavoidable, but the current situation is becoming difficult. Location: Dehradun, Uttarakhand. Thank you for taking the time to read this. Regards, A concerned citizen",,"Dehradun, Uttarakhand",
EM000822,Email,2025-03-24 16:50:00,"Garbage has not been collected from our lane in {place} for several days. Bags are now being left beside the full bin and stray animals are scattering the waste. Dear Sir/Madam, I am contacting your department because I have been facing a problem regarding a public service issue in Gangtok. Garbage has not been collected from our lane in the main street for several days. Bags are now being left beside the full bin and stray animals are scattering the waste. Please arrange collection and let us know the regular collection schedule. I understand that some delays are unavoidable, but the current situation is becoming difficult. Location: Gangtok, Sikkim. Kindly let me know what action can be taken. Regards, A concerned citizen",,"Gangtok, Sikkim",
EM000823,Email,2025-11-05 07:49:00,"Request for assistance - Garbage has not been collected from our lane in {place} for several days. Bags are now being left beside the full bin and stray animals are scattering the waste. Dear Sir/Madam, I am a resident of the area and would like to raise a concern regarding a public service issue in Ahmedabad. Garbage has not been collected from our lane in the residential lane for several days. Bags are now being left beside the full bin and stray animals are scattering the waste. Please arrange collection and let us know the regular collection schedule. Location: Ahmedabad, Gujarat. I would appreciate an update when possible. Regards, A concerned citizen",,"Ahmedabad, Gujarat",
EM000824,Email,2025-12-13 17:19:00,"The drain near {place} is blocked and water is collecting on the side of the road whenever it rains. Dear Sir/Madam, I am writing after trying to get this issue resolved locally regarding a public service issue in Bengaluru. The drain near the main street is blocked and water is collecting on the side of the road whenever it rains. Please arrange for the drain to be cleaned. This is not the first time we have faced this problem. Location: Bengaluru, Karnataka. I would appreciate an update when possible. Regards, A concerned citizen",,"Bengaluru, Karnataka",
EM000825,Email,2025-08-30 01:46:00,"The waste bins near {place} are overflowing by the end of the day. This is particularly unpleasant for people living close to the market. Dear Sir/Madam, I would like to request your help regarding an issue in my locality regarding a public service issue in Leh. The waste bins near the community area are overflowing by the end of the day. This is particularly unpleasant for people living close to the market. Could the collection frequency be increased? Location: Leh, Ladakh. Please acknowledge the complaint and advise me on the next step. Regards, A concerned citizen",,"Leh, Ladakh",
EM000826,Email,2025-03-27 12:47:00,"We have noticed mixed waste being collected without any explanation of how residents should separate it in {place}. Dear Sir/Madam, I am writing to report an issue regarding a public service issue in Ahmedabad. We have noticed mixed waste being collected without any explanation of how residents should separate it in the main street. Could the local team provide clear instructions and ensure regular collection? I am attaching no personal documents; I only want the service issue to be addressed. Location: Ahmedabad, Gujarat. Please acknowledge the complaint and advise me on the next step. Regards, A concerned citizen",,"Ahmedabad, Gujarat",
EM000827,Email,2025-08-07 02:02:00,"Request for assistance - Garbage has not been collected from our lane in {place} for several days. Bags are now being left beside the full bin and stray animals are scattering the waste. Dear Sir/Madam, I am writing to report an issue regarding a public service issue in Hyderabad. Garbage has not been collected from our lane in the main street for several days. Bags are now being left beside the full bin and stray animals are scattering the waste. Please arrange collection and let us know the regular collection schedule. I understand that some delays are unavoidable, but the current situation is becoming difficult. Location: Hyderabad, Telangana. I would appreciate an update when possible. Regards, A concerned citizen",,"Hyderabad, Telangana",
EM000828,Email,2025-10-12 20:17:00,"Garbage has not been collected from our lane in {place} for several days. Bags are now being left beside the full bin and stray animals are scattering the waste. Dear Sir/Madam, I am writing after trying to get this issue resolved locally regarding a public service issue in Imphal. Garbage has not been collected from our lane in the local market for several days. Bags are now being left beside the full bin and stray animals are scattering the waste. Please arrange collection and let us know the regular collection schedule. I had also mentioned this to the local office, but I have not received a clear update. Location: Imphal, Manipur. Kindly let me know what action can be taken. Regards, A concerned citizen",,"Imphal, Manipur",
EM000829,Email,2025-03-17 11:00:00,"We have noticed mixed waste being collected without any explanation of how residents should separate it in {place}. Dear Sir/Madam, I am a resident of the area and would like to raise a concern regarding a public service issue in Ahmedabad. We have noticed mixed waste being collected without any explanation of how residents should separate it in the local market. Could the local team provide clear instructions and ensure regular collection? Location: Ahmedabad, Gujarat. Please let me know if any additional details are required. Regards, A concerned citizen",,"Ahmedabad, Gujarat",
EM000830,Email,2025-06-25 23:04:00,"Garbage has not been collected from our lane in {place} for several days. Bags are now being left beside the full bin and stray animals are scattering the waste. Dear Sir/Madam, I am contacting your department because I have been facing a problem regarding a public service issue in Aizawl. Garbage has not been collected from our lane in the community area for several days. Bags are now being left beside the full bin and stray animals are scattering the waste. Please arrange collection and let us know the regular collection schedule. I am mainly looking for a clear update and a practical solution. Location: Aizawl, Mizoram. Please acknowledge the complaint and advise me on the next step. Regards, A concerned citizen",,"Aizawl, Mizoram",
EM000831,Email,2025-11-15 19:18:00,"We have noticed mixed waste being collected without any explanation of how residents should separate it in {place}. Dear Sir/Madam, I wanted to check whether someone could look into the following matter regarding a public service issue in Puducherry. We have noticed mixed waste being collected without any explanation of how residents should separate it in the neighbourhood. Could the local team provide clear instructions and ensure regular collection? Location: Puducherry, Puducherry. I hope the department can look into this soon. Regards, A concerned citizen",,"Puducherry, Puducherry",
EM000832,Email,2025-11-16 03:00:00,"The waste bins near {place} are overflowing by the end of the day. This is particularly unpleasant for people living close to the market. Dear Sir/Madam, I am writing after trying to get this issue resolved locally regarding a public service issue in Guwahati. The waste bins near the main street are overflowing by the end of the day. This is particularly unpleasant for people living close to the market. Could the collection frequency be increased? Location: Guwahati, Assam. I would appreciate an update when possible. Regards, A concerned citizen",,"Guwahati, Assam",
EM000833,Email,2025-05-09 05:34:00,"Garbage has not been collected from our lane in {place} for several days. Bags are now being left beside the full bin and stray animals are scattering the waste. Dear Sir/Madam, I am contacting your department because I have been facing a problem regarding a public service issue in Jaipur. Garbage has not been collected from our lane in the local market for several days. Bags are now being left beside the full bin and stray animals are scattering the waste. Please arrange collection and let us know the regular collection schedule. I had also mentioned this to the local office, but I have not received a clear update. Location: Jaipur, Rajasthan. Please acknowledge the complaint and advise me on the next step. Regards, A concerned citizen",,"Jaipur, Rajasthan",
EM000834,Email,2025-04-04 06:34:00,"Concern regarding Garbage has not been collected from our lane in {place} for several days. Bags are now being left beside the full bin and stray animals are scattering the waste. Dear Sir/Madam, I am writing to report an issue regarding a public service issue in Lucknow. Garbage has not been collected from our lane in the community area for several days. Bags are now being left beside the full bin and stray animals are scattering the waste. Please arrange collection and let us know the regular collection schedule. I am mainly looking for a clear update and a practical solution. Location: Lucknow, Uttar Pradesh. Kindly let me know what action can be taken. Regards, A concerned citizen",,"Lucknow, Uttar Pradesh",
EM000835,Email,2025-03-25 07:55:00,"The public toilet near {place} is in poor condition and basic maintenance appears to be missing. Dear Sir/Madam, I would like to request your help regarding an issue in my locality regarding a public service issue in Patna. The public toilet near the main street is in poor condition and basic maintenance appears to be missing. Kindly arrange an inspection and regular cleaning. This is not the first time we have faced this problem. Location: Patna, Bihar. Kindly let me know what action can be taken. Regards, A concerned citizen",,"Patna, Bihar",
EM000836,Email,2025-08-03 10:37:00,"The waste bins near {place} are overflowing by the end of the day. This is particularly unpleasant for people living close to the market. Dear Sir/Madam, I am a resident of the area and would like to raise a concern regarding a public service issue in Ludhiana. The waste bins near the community area are overflowing by the end of the day. This is particularly unpleasant for people living close to the market. Could the collection frequency be increased? Location: Ludhiana, Punjab. Thank you for taking the time to read this. Regards, A concerned citizen",,"Ludhiana, Punjab",
EM000837,Email,2025-05-12 23:43:00,"The drain near {place} is blocked and water is collecting on the side of the road whenever it rains. Dear Sir/Madam, I wanted to bring a problem to your notice regarding a public service issue in New Delhi. The drain near the local market is blocked and water is collecting on the side of the road whenever it rains. Please arrange for the drain to be cleaned. I understand that some delays are unavoidable, but the current situation is becoming difficult. Location: New Delhi, Delhi. Please acknowledge the complaint and advise me on the next step. Regards, A concerned citizen",,"New Delhi, Delhi",
EM000838,Email,2025-10-19 09:58:00,"Garbage has not been collected from our lane in {place} for several days. Bags are now being left beside the full bin and stray animals are scattering the waste. Dear Sir/Madam, I am writing after trying to get this issue resolved locally regarding a public service issue in Patna. Garbage has not been collected from our lane in the community area for several days. Bags are now being left beside the full bin and stray animals are scattering the waste. Please arrange collection and let us know the regular collection schedule. I am mainly looking for a clear update and a practical solution. Location: Patna, Bihar. Please acknowledge the complaint and advise me on the next step. Regards, A concerned citizen",,"Patna, Bihar",
EM000839,Email,2025-10-19 04:48:00,"Follow-up: The public toilet near {place} is in poor condition and basic maintenance appears to be missing. Dear Sir/Madam, I wanted to check whether someone could look into the following matter regarding a public service issue in Agartala. The public toilet near the residential lane is in poor condition and basic maintenance appears to be missing. Kindly arrange an inspection and regular cleaning. I am mainly looking for a clear update and a practical solution. Location: Agartala, Tripura. Please acknowledge the complaint and advise me on the next step. Regards, A concerned citizen",,"Agartala, Tripura",
EM000840,Email,2025-12-08 10:34:00,"The waste bins near {place} are overflowing by the end of the day. This is particularly unpleasant for people living close to the market. Dear Sir/Madam, I am writing after trying to get this issue resolved locally regarding a public service issue in Raipur. The waste bins near the main street are overflowing by the end of the day. This is particularly unpleasant for people living close to the market. Could the collection frequency be increased? I am attaching no personal documents; I only want the service issue to be addressed. Location: Raipur, Chhattisgarh. I would appreciate an update when possible. Regards, A concerned citizen",,"Raipur, Chhattisgarh",
EM000841,Email,2025-09-25 06:11:00,"My PAN-related service request has been pending longer than the expected period. I have checked the online status several times but it has not changed. Dear Sir/Madam, I would like to request your help regarding an issue in my locality regarding a public service issue in Leh. My PAN-related service request has been pending longer than the expected period. I have checked the online status several times but it has not changed. Please advise whether any further action is required from my side. Location: Leh, Ladakh. Please acknowledge the complaint and advise me on the next step. Regards, A concerned citizen",,"Leh, Ladakh",
EM000842,Email,2025-02-20 01:03:00,"Request for assistance - I submitted an application for a government certificate from {place} several weeks ago. The status has not changed and I have not received any message about the reason for the delay. Dear Sir/Madam, I am writing after trying to get this issue resolved locally regarding a public service issue in Puducherry. I submitted an application for a government certificate from the district office several weeks ago. The status has not changed and I have not received any message about the reason for the delay. Could you please check the application status? I understand that some delays are unavoidable, but the current situation is becoming difficult. Location: Puducherry, Puducherry. Please let me know if any additional details are required. Regards, A concerned citizen",,"Puducherry, Puducherry",
EM000843,Email,2025-01-29 13:00:00,"The online government service portal is showing an error when I try to submit my application. Dear Sir/Madam, I am not sure which department handles this, so I am writing here for assistance regarding a public service issue in Bhopal. The online government service portal is showing an error when I try to submit my application. Could the technical problem be checked? I am attaching no personal documents; I only want the service issue to be addressed. Location: Bhopal, Madhya Pradesh. I would appreciate an update when possible. Regards, A concerned citizen",,"Bhopal, Madhya Pradesh",
EM000844,Email,2025-12-07 07:29:00,"The online government service portal is showing an error when I try to submit my application. Dear Sir/Madam, I am not sure which department handles this, so I am writing here for assistance regarding a public service issue in Leh. The online government service portal is showing an error when I try to submit my application. Could the technical problem be checked? Location: Leh, Ladakh. I hope the department can look into this soon. Regards, A concerned citizen",,"Leh, Ladakh",
EM000845,Email,2025-07-30 09:28:00,"The online government service portal is showing an error when I try to submit my application. Dear Sir/Madam, I am writing after trying to get this issue resolved locally regarding a public service issue in Ranchi. The online government service portal is showing an error when I try to submit my application. Could the technical problem be checked? I am mainly looking for a clear update and a practical solution. Location: Ranchi, Jharkhand. I hope the department can look into this soon. Regards, A concerned citizen",,"Ranchi, Jharkhand",
EM000846,Email,2025-12-04 04:06:00,"The online government service portal is showing an error when I try to submit my application. Dear Sir/Madam, I wanted to check whether someone could look into the following matter regarding a public service issue in Leh. The online government service portal is showing an error when I try to submit my application. Could the technical problem be checked? This is not the first time we have faced this problem. Location: Leh, Ladakh. I would appreciate an update when possible. Regards, A concerned citizen",,"Leh, Ladakh",
EM000847,Email,2025-10-30 02:49:00,"I submitted an application for a government certificate from {place} several weeks ago. The status has not changed and I have not received any message about the reason for the delay. Dear Sir/Madam, I wanted to bring a problem to your notice regarding a public service issue in Kochi. I submitted an application for a government certificate from the district office several weeks ago. The status has not changed and I have not received any message about the reason for the delay. Could you please check the application status? Location: Kochi, Kerala. Thank you for taking the time to read this. Regards, A concerned citizen",,"Kochi, Kerala",
EM000848,Email,2025-11-26 12:06:00,"I am trying to understand the procedure for a government document application in {place}. The information available online is not very clear. Dear Sir/Madam, I am a resident of the area and would like to raise a concern regarding a public service issue in Hyderabad. I am trying to understand the procedure for a government document application in the district office. The information available online is not very clear. Please point me to the correct process or department. I understand that some delays are unavoidable, but the current situation is becoming difficult. Location: Hyderabad, Telangana. I hope the department can look into this soon. Regards, A concerned citizen",,"Hyderabad, Telangana",
EM000849,Email,2025-02-04 21:15:00,"Follow-up: My PAN-related service request has been pending longer than the expected period. I have checked the online status several times but it has not changed. Dear Sir/Madam, I am contacting your department because I have been facing a problem regarding a public service issue in Kohima. My PAN-related service request has been pending longer than the expected period. I have checked the online status several times but it has not changed. Please advise whether any further action is required from my side. This is not the first time we have faced this problem. Location: Kohima, Nagaland. Please let me know if any additional details are required. Regards, A concerned citizen",,"Kohima, Nagaland",
EM000850,Email,2025-05-08 20:22:00,"The online government service portal is showing an error when I try to submit my application. Dear Sir/Madam, I would like to request your help regarding an issue in my locality regarding a public service issue in Bengaluru. The online government service portal is showing an error when I try to submit my application. Could the technical problem be checked? Location: Bengaluru, Karnataka. Please let me know if any additional details are required. Regards, A concerned citizen",,"Bengaluru, Karnataka",
EM000851,Email,2025-11-10 06:20:00,"I submitted an application for a government certificate from {place} several weeks ago. The status has not changed and I have not received any message about the reason for the delay. Dear Sir/Madam, I wanted to bring a problem to your notice regarding a public service issue in Gurugram. I submitted an application for a government certificate from the district office several weeks ago. The status has not changed and I have not received any message about the reason for the delay. Could you please check the application status? Location: Gurugram, Haryana. I would appreciate an update when possible. Regards, A concerned citizen",,"Gurugram, Haryana",
EM000852,Email,2025-04-05 19:49:00,"Request for assistance - My PAN-related service request has been pending longer than the expected period. I have checked the online status several times but it has not changed. Dear Sir/Madam, I am contacting your department because I have been facing a problem regarding a public service issue in New Delhi. My PAN-related service request has been pending longer than the expected period. I have checked the online status several times but it has not changed. Please advise whether any further action is required from my side. Location: New Delhi, Delhi. I hope the department can look into this soon. Regards, A concerned citizen",,"New Delhi, Delhi",
EM000853,Email,2025-04-28 09:06:00,"I applied for a correction in a birth certificate in {place}. The documents were submitted, but I have not received a clear update on when the corrected certificate will be issued. Dear Sir/Madam, I am a resident of the area and would like to raise a concern regarding a public service issue in Puducherry. I applied for a correction in a birth certificate in the local service centre. The documents were submitted, but I have not received a clear update on when the corrected certificate will be issued. I would appreciate a status update. I am mainly looking for a clear update and a practical solution. Location: Puducherry, Puducherry. I would appreciate an update when possible. Regards, A concerned citizen",,"Puducherry, Puducherry",
EM000854,Email,2025-01-27 11:09:00,"Concern regarding The online government service portal is showing an error when I try to submit my application. Dear Sir/Madam, I am not sure which department handles this, so I am writing here for assistance regarding a public service issue in Hyderabad. The online government service portal is showing an error when I try to submit my application. Could the technical problem be checked? Location: Hyderabad, Telangana. Please let me know if any additional details are required. Regards, A concerned citizen",,"Hyderabad, Telangana",
EM000855,Email,2025-06-13 12:11:00,"My PAN-related service request has been pending longer than the expected period. I have checked the online status several times but it has not changed. Dear Sir/Madam, I am contacting your department because I have been facing a problem regarding a public service issue in Panaji. My PAN-related service request has been pending longer than the expected period. I have checked the online status several times but it has not changed. Please advise whether any further action is required from my side. Location: Panaji, Goa. I would appreciate an update when possible. Regards, A concerned citizen",,"Panaji, Goa",
EM000856,Email,2025-03-10 10:24:00,"I submitted an application for a government certificate from {place} several weeks ago. The status has not changed and I have not received any message about the reason for the delay. Dear Sir/Madam, I am contacting your department because I have been facing a problem regarding a public service issue in Gurugram. I submitted an application for a government certificate from the municipal office several weeks ago. The status has not changed and I have not received any message about the reason for the delay. Could you please check the application status? Location: Gurugram, Haryana. Thank you for taking the time to read this. Regards, A concerned citizen",,"Gurugram, Haryana",
EM000857,Email,2025-05-18 10:10:00,"I am trying to understand the procedure for a government document application in {place}. The information available online is not very clear. Dear Sir/Madam, I am writing after trying to get this issue resolved locally regarding a public service issue in Bhopal. I am trying to understand the procedure for a government document application in the citizen service centre. The information available online is not very clear. Please point me to the correct process or department. I am attaching no personal documents; I only want the service issue to be addressed. Location: Bhopal, Madhya Pradesh. Kindly let me know what action can be taken. Regards, A concerned citizen",,"Bhopal, Madhya Pradesh",
EM000858,Email,2025-12-09 22:30:00,"I applied for a correction in a birth certificate in {place}. The documents were submitted, but I have not received a clear update on when the corrected certificate will be issued. Dear Sir/Madam, I am writing to report an issue regarding a public service issue in Shillong. I applied for a correction in a birth certificate in the district office. The documents were submitted, but I have not received a clear update on when the corrected certificate will be issued. I would appreciate a status update. Location: Shillong, Meghalaya. Kindly let me know what action can be taken. Regards, A concerned citizen",,"Shillong, Meghalaya",
EM000859,Email,2025-11-05 02:05:00,"My PAN-related service request has been pending longer than the expected period. I have checked the online status several times but it has not changed. Dear Sir/Madam, I would like to request your help regarding an issue in my locality regarding a public service issue in Itanagar. My PAN-related service request has been pending longer than the expected period. I have checked the online status several times but it has not changed. Please advise whether any further action is required from my side. This is not the first time we have faced this problem. Location: Itanagar, Arunachal Pradesh. Thank you for taking the time to read this. Regards, A concerned citizen",,"Itanagar, Arunachal Pradesh",
EM000860,Email,2025-08-20 04:47:00,"My PAN-related service request has been pending longer than the expected period. I have checked the online status several times but it has not changed. Dear Sir/Madam, I wanted to check whether someone could look into the following matter regarding a public service issue in Shillong. My PAN-related service request has been pending longer than the expected period. I have checked the online status several times but it has not changed. Please advise whether any further action is required from my side. Location: Shillong, Meghalaya. Please let me know if any additional details are required. Regards, A concerned citizen",,"Shillong, Meghalaya",
EM000861,Email,2025-10-28 17:19:00,"Concern regarding I submitted an application for a government certificate from {place} several weeks ago. The status has not changed and I have not received any message about the reason for the delay. Dear Sir/Madam, I am writing after trying to get this issue resolved locally regarding a public service issue in Agartala. I submitted an application for a government certificate from the online portal several weeks ago. The status has not changed and I have not received any message about the reason for the delay. Could you please check the application status? I am attaching no personal documents; I only want the service issue to be addressed. Location: Agartala, Tripura. Thank you for taking the time to read this. Regards, A concerned citizen",,"Agartala, Tripura",
EM000862,Email,2025-06-22 00:42:00,"Request for assistance - I applied for a correction in a birth certificate in {place}. The documents were submitted, but I have not received a clear update on when the corrected certificate will be issued. Dear Sir/Madam, I would like to request your help regarding an issue in my locality regarding a public service issue in Lucknow. I applied for a correction in a birth certificate in the online portal. The documents were submitted, but I have not received a clear update on when the corrected certificate will be issued. I would appreciate a status update. This is not the first time we have faced this problem. Location: Lucknow, Uttar Pradesh. Kindly let me know what action can be taken. Regards, A concerned citizen",,"Lucknow, Uttar Pradesh",
EM000863,Email,2025-09-17 14:28:00,"The online government service portal is showing an error when I try to submit my application. Dear Sir/Madam, I would like to request your help regarding an issue in my locality regarding a public service issue in Ahmedabad. The online government service portal is showing an error when I try to submit my application. Could the technical problem be checked? Location: Ahmedabad, Gujarat. Please let me know if any additional details are required. Regards, A concerned citizen",,"Ahmedabad, Gujarat",
EM000864,Email,2025-08-01 22:13:00,"The online government service portal is showing an error when I try to submit my application. Dear Sir/Madam, I am writing after trying to get this issue resolved locally regarding a public service issue in Hyderabad. The online government service portal is showing an error when I try to submit my application. Could the technical problem be checked? Location: Hyderabad, Telangana. Please let me know if any additional details are required. Regards, A concerned citizen",,"Hyderabad, Telangana",
EM000865,Email,2025-10-10 00:10:00,"I applied for a correction in a birth certificate in {place}. The documents were submitted, but I have not received a clear update on when the corrected certificate will be issued. Dear Sir/Madam, I am writing to report an issue regarding a public service issue in Imphal. I applied for a correction in a birth certificate in the citizen service centre. The documents were submitted, but I have not received a clear update on when the corrected certificate will be issued. I would appreciate a status update. Location: Imphal, Manipur. Thank you for taking the time to read this. Regards, A concerned citizen",,"Imphal, Manipur",
EM000866,Email,2025-05-21 09:10:00,"The online government service portal is showing an error when I try to submit my application. Dear Sir/Madam, I would like to request your help regarding an issue in my locality regarding a public service issue in Ludhiana. The online government service portal is showing an error when I try to submit my application. Could the technical problem be checked? This is not the first time we have faced this problem. Location: Ludhiana, Punjab. Thank you for taking the time to read this. Regards, A concerned citizen",,"Ludhiana, Punjab",
EM000867,Email,2025-07-02 00:44:00,"Follow-up: The online government service portal is showing an error when I try to submit my application. Dear Sir/Madam, I am writing after trying to get this issue resolved locally regarding a public service issue in Guwahati. The online government service portal is showing an error when I try to submit my application. Could the technical problem be checked? Location: Guwahati, Assam. I hope the department can look into this soon. Regards, A concerned citizen",,"Guwahati, Assam",
EM000868,Email,2025-12-26 01:34:00,"Follow-up: My PAN-related service request has been pending longer than the expected period. I have checked the online status several times but it has not changed. Dear Sir/Madam, I wanted to check whether someone could look into the following matter regarding a public service issue in Hyderabad. My PAN-related service request has been pending longer than the expected period. I have checked the online status several times but it has not changed. Please advise whether any further action is required from my side. This is not the first time we have faced this problem. Location: Hyderabad, Telangana. Thank you for taking the time to read this. Regards, A concerned citizen",,"Hyderabad, Telangana",
EM000869,Email,2025-08-27 02:31:00,"Concern regarding The online government service portal is showing an error when I try to submit my application. Dear Sir/Madam, I would like to request your help regarding an issue in my locality regarding a public service issue in Imphal. The online government service portal is showing an error when I try to submit my application. Could the technical problem be checked? This is not the first time we have faced this problem. Location: Imphal, Manipur. Thank you for taking the time to read this. Regards, A concerned citizen",,"Imphal, Manipur",
EM000870,Email,2025-12-31 11:39:00,"My PAN-related service request has been pending longer than the expected period. I have checked the online status several times but it has not changed. Dear Sir/Madam, I wanted to check whether someone could look into the following matter regarding a public service issue in New Delhi. My PAN-related service request has been pending longer than the expected period. I have checked the online status several times but it has not changed. Please advise whether any further action is required from my side. Location: New Delhi, Delhi. I hope the department can look into this soon. Regards, A concerned citizen",,"New Delhi, Delhi",
EM000871,Email,2025-06-02 00:51:00,"My PAN-related service request has been pending longer than the expected period. I have checked the online status several times but it has not changed. Dear Sir/Madam, I wanted to bring a problem to your notice regarding a public service issue in Puducherry. My PAN-related service request has been pending longer than the expected period. I have checked the online status several times but it has not changed. Please advise whether any further action is required from my side. Location: Puducherry, Puducherry. Please acknowledge the complaint and advise me on the next step. Regards, A concerned citizen",,"Puducherry, Puducherry",
EM000872,Email,2025-09-27 19:29:00,"I submitted an application for a government certificate from {place} several weeks ago. The status has not changed and I have not received any message about the reason for the delay. Dear Sir/Madam, I would like to request your help regarding an issue in my locality regarding a public service issue in Bengaluru. I submitted an application for a government certificate from the municipal office several weeks ago. The status has not changed and I have not received any message about the reason for the delay. Could you please check the application status? This is not the first time we have faced this problem. Location: Bengaluru, Karnataka. I hope the department can look into this soon. Regards, A concerned citizen",,"Bengaluru, Karnataka",
EM000873,Email,2025-01-17 16:13:00,"Follow-up: I applied for a correction in a birth certificate in {place}. The documents were submitted, but I have not received a clear update on when the corrected certificate will be issued. Dear Sir/Madam, I wanted to bring a problem to your notice regarding a public service issue in Panaji. I applied for a correction in a birth certificate in the citizen service centre. The documents were submitted, but I have not received a clear update on when the corrected certificate will be issued. I would appreciate a status update. This is not the first time we have faced this problem. Location: Panaji, Goa. I hope the department can look into this soon. Regards, A concerned citizen",,"Panaji, Goa",
EM000874,Email,2025-01-28 21:36:00,"Concern regarding I applied for a correction in a birth certificate in {place}. The documents were submitted, but I have not received a clear update on when the corrected certificate will be issued. Dear Sir/Madam, I am writing to report an issue regarding a public service issue in Kolkata. I applied for a correction in a birth certificate in the citizen service centre. The documents were submitted, but I have not received a clear update on when the corrected certificate will be issued. I would appreciate a status update. Location: Kolkata, West Bengal. I would appreciate an update when possible. Regards, A concerned citizen",,"Kolkata, West Bengal",
EM000875,Email,2025-06-21 15:51:00,"I submitted an application for a government certificate from {place} several weeks ago. The status has not changed and I have not received any message about the reason for the delay. Dear Sir/Madam, I would like to request your help regarding an issue in my locality regarding a public service issue in Kochi. I submitted an application for a government certificate from the citizen service centre several weeks ago. The status has not changed and I have not received any message about the reason for the delay. Could you please check the application status? I understand that some delays are unavoidable, but the current situation is becoming difficult. Location: Kochi, Kerala. Please acknowledge the complaint and advise me on the next step. Regards, A concerned citizen",,"Kochi, Kerala",
EM000876,Email,2025-07-27 03:20:00,"Concern regarding The online government service portal is showing an error when I try to submit my application. Dear Sir/Madam, I would like to request your help regarding an issue in my locality regarding a public service issue in Patna. The online government service portal is showing an error when I try to submit my application. Could the technical problem be checked? I am mainly looking for a clear update and a practical solution. Location: Patna, Bihar. Kindly let me know what action can be taken. Regards, A concerned citizen",,"Patna, Bihar",
EM000877,Email,2025-11-19 08:13:00,"I applied for a correction in a birth certificate in {place}. The documents were submitted, but I have not received a clear update on when the corrected certificate will be issued. Dear Sir/Madam, I am not sure which department handles this, so I am writing here for assistance regarding a public service issue in Kochi. I applied for a correction in a birth certificate in the online portal. The documents were submitted, but I have not received a clear update on when the corrected certificate will be issued. I would appreciate a status update. Location: Kochi, Kerala. Thank you for taking the time to read this. Regards, A concerned citizen",,"Kochi, Kerala",
EM000878,Email,2025-02-03 21:35:00,"The online government service portal is showing an error when I try to submit my application. Dear Sir/Madam, I am writing to report an issue regarding a public service issue in Ahmedabad. The online government service portal is showing an error when I try to submit my application. Could the technical problem be checked? I am attaching no personal documents; I only want the service issue to be addressed. Location: Ahmedabad, Gujarat. I would appreciate an update when possible. Regards, A concerned citizen",,"Ahmedabad, Gujarat",
EM000879,Email,2025-06-12 01:14:00,"Request for assistance - I submitted an application for a government certificate from {place} several weeks ago. The status has not changed and I have not received any message about the reason for the delay. Dear Sir/Madam, I am writing to report an issue regarding a public service issue in Kolkata. I submitted an application for a government certificate from the online portal several weeks ago. The status has not changed and I have not received any message about the reason for the delay. Could you please check the application status? I am mainly looking for a clear update and a practical solution. Location: Kolkata, West Bengal. Thank you for taking the time to read this. Regards, A concerned citizen",,"Kolkata, West Bengal",
EM000880,Email,2025-02-09 22:02:00,"Concern regarding I applied for a correction in a birth certificate in {place}. The documents were submitted, but I have not received a clear update on when the corrected certificate will be issued. Dear Sir/Madam, I wanted to check whether someone could look into the following matter regarding a public service issue in Bengaluru. I applied for a correction in a birth certificate in the municipal office. The documents were submitted, but I have not received a clear update on when the corrected certificate will be issued. I would appreciate a status update. I am mainly looking for a clear update and a practical solution. Location: Bengaluru, Karnataka. I hope the department can look into this soon. Regards, A concerned citizen",,"Bengaluru, Karnataka",
EM000881,Email,2025-05-05 15:34:00,"Follow-up: I submitted an application for a government certificate from {place} several weeks ago. The status has not changed and I have not received any message about the reason for the delay. Dear Sir/Madam, I would like to request your help regarding an issue in my locality regarding a public service issue in Panaji. I submitted an application for a government certificate from the local service centre several weeks ago. The status has not changed and I have not received any message about the reason for the delay. Could you please check the application status? Location: Panaji, Goa. Thank you for taking the time to read this. Regards, A concerned citizen",,"Panaji, Goa",
EM000882,Email,2025-03-15 05:38:00,"I submitted an application for a government certificate from {place} several weeks ago. The status has not changed and I have not received any message about the reason for the delay. Dear Sir/Madam, I am not sure which department handles this, so I am writing here for assistance regarding a public service issue in Leh. I submitted an application for a government certificate from the local service centre several weeks ago. The status has not changed and I have not received any message about the reason for the delay. Could you please check the application status? I am mainly looking for a clear update and a practical solution. Location: Leh, Ladakh. Kindly let me know what action can be taken. Regards, A concerned citizen",,"Leh, Ladakh",
EM000883,Email,2025-05-17 04:46:00,"The online government service portal is showing an error when I try to submit my application. Dear Sir/Madam, I am writing to report an issue regarding a public service issue in Aizawl. The online government service portal is showing an error when I try to submit my application. Could the technical problem be checked? Location: Aizawl, Mizoram. Please let me know if any additional details are required. Regards, A concerned citizen",,"Aizawl, Mizoram",
EM000884,Email,2025-10-01 12:59:00,"My PAN-related service request has been pending longer than the expected period. I have checked the online status several times but it has not changed. Dear Sir/Madam, I am writing to report an issue regarding a public service issue in Shimla. My PAN-related service request has been pending longer than the expected period. I have checked the online status several times but it has not changed. Please advise whether any further action is required from my side. I had also mentioned this to the local office, but I have not received a clear update. Location: Shimla, Himachal Pradesh. I hope the department can look into this soon. Regards, A concerned citizen",,"Shimla, Himachal Pradesh",
EM000885,Email,2025-08-13 06:41:00,"Follow-up: The online government service portal is showing an error when I try to submit my application. Dear Sir/Madam, I am writing after trying to get this issue resolved locally regarding a public service issue in Panaji. The online government service portal is showing an error when I try to submit my application. Could the technical problem be checked? This is not the first time we have faced this problem. Location: Panaji, Goa. I hope the department can look into this soon. Regards, A concerned citizen",,"Panaji, Goa",
EM000886,Email,2025-08-26 14:44:00,"Request for assistance - The online government service portal is showing an error when I try to submit my application. Dear Sir/Madam, I am a resident of the area and would like to raise a concern regarding a public service issue in Srinagar. The online government service portal is showing an error when I try to submit my application. Could the technical problem be checked? I am mainly looking for a clear update and a practical solution. Location: Srinagar, Jammu and Kashmir. Please let me know if any additional details are required. Regards, A concerned citizen",,"Srinagar, Jammu and Kashmir",
EM000887,Email,2025-09-19 22:51:00,"Request for assistance - I applied for a correction in a birth certificate in {place}. The documents were submitted, but I have not received a clear update on when the corrected certificate will be issued. Dear Sir/Madam, I wanted to bring a problem to your notice regarding a public service issue in Dehradun. I applied for a correction in a birth certificate in the district office. The documents were submitted, but I have not received a clear update on when the corrected certificate will be issued. I would appreciate a status update. Location: Dehradun, Uttarakhand. Thank you for taking the time to read this. Regards, A concerned citizen",,"Dehradun, Uttarakhand",
EM000888,Email,2025-12-04 03:42:00,"Request for assistance - My PAN-related service request has been pending longer than the expected period. I have checked the online status several times but it has not changed. Dear Sir/Madam, I wanted to check whether someone could look into the following matter regarding a public service issue in Srinagar. My PAN-related service request has been pending longer than the expected period. I have checked the online status several times but it has not changed. Please advise whether any further action is required from my side. I had also mentioned this to the local office, but I have not received a clear update. Location: Srinagar, Jammu and Kashmir. Please acknowledge the complaint and advise me on the next step. Regards, A concerned citizen",,"Srinagar, Jammu and Kashmir",
EM000889,Email,2025-09-21 22:08:00,"I submitted an application for a government certificate from {place} several weeks ago. The status has not changed and I have not received any message about the reason for the delay. Dear Sir/Madam, I am writing to report an issue regarding a public service issue in Raipur. I submitted an application for a government certificate from the online portal several weeks ago. The status has not changed and I have not received any message about the reason for the delay. Could you please check the application status? I understand that some delays are unavoidable, but the current situation is becoming difficult. Location: Raipur, Chhattisgarh. Thank you for taking the time to read this. Regards, A concerned citizen",,"Raipur, Chhattisgarh",
EM000890,Email,2025-12-23 02:09:00,"Concern regarding I submitted an application for a government certificate from {place} several weeks ago. The status has not changed and I have not received any message about the reason for the delay. Dear Sir/Madam, I am not sure which department handles this, so I am writing here for assistance regarding a public service issue in Srinagar. I submitted an application for a government certificate from the online portal several weeks ago. The status has not changed and I have not received any message about the reason for the delay. Could you please check the application status? Location: Srinagar, Jammu and Kashmir. Please acknowledge the complaint and advise me on the next step. Regards, A concerned citizen",,"Srinagar, Jammu and Kashmir",
EM000891,Email,2025-10-15 21:59:00,"Concern regarding My PAN-related service request has been pending longer than the expected period. I have checked the online status several times but it has not changed. Dear Sir/Madam, I am a resident of the area and would like to raise a concern regarding a public service issue in Aizawl. My PAN-related service request has been pending longer than the expected period. I have checked the online status several times but it has not changed. Please advise whether any further action is required from my side. This is not the first time we have faced this problem. Location: Aizawl, Mizoram. Kindly let me know what action can be taken. Regards, A concerned citizen",,"Aizawl, Mizoram",
EM000892,Email,2025-06-03 01:03:00,"I applied for a correction in a birth certificate in {place}. The documents were submitted, but I have not received a clear update on when the corrected certificate will be issued. Dear Sir/Madam, I am contacting your department because I have been facing a problem regarding a public service issue in Bhopal. I applied for a correction in a birth certificate in the local service centre. The documents were submitted, but I have not received a clear update on when the corrected certificate will be issued. I would appreciate a status update. I am attaching no personal documents; I only want the service issue to be addressed. Location: Bhopal, Madhya Pradesh. I hope the department can look into this soon. Regards, A concerned citizen",,"Bhopal, Madhya Pradesh",
EM000893,Email,2025-03-06 18:55:00,"I submitted an application for a government certificate from {place} several weeks ago. The status has not changed and I have not received any message about the reason for the delay. Dear Sir/Madam, I wanted to check whether someone could look into the following matter regarding a public service issue in Raipur. I submitted an application for a government certificate from the citizen service centre several weeks ago. The status has not changed and I have not received any message about the reason for the delay. Could you please check the application status? Location: Raipur, Chhattisgarh. Please acknowledge the complaint and advise me on the next step. Regards, A concerned citizen",,"Raipur, Chhattisgarh",
EM000894,Email,2025-07-27 10:02:00,"The online government service portal is showing an error when I try to submit my application. Dear Sir/Madam, I would like to request your help regarding an issue in my locality regarding a public service issue in Visakhapatnam. The online government service portal is showing an error when I try to submit my application. Could the technical problem be checked? I am mainly looking for a clear update and a practical solution. Location: Visakhapatnam, Andhra Pradesh. I would appreciate an update when possible. Regards, A concerned citizen",,"Visakhapatnam, Andhra Pradesh",
EM000895,Email,2025-08-30 14:02:00,"I submitted an application for a government certificate from {place} several weeks ago. The status has not changed and I have not received any message about the reason for the delay. Dear Sir/Madam, I am writing after trying to get this issue resolved locally regarding a public service issue in Bengaluru. I submitted an application for a government certificate from the municipal office several weeks ago. The status has not changed and I have not received any message about the reason for the delay. Could you please check the application status? I am attaching no personal documents; I only want the service issue to be addressed. Location: Bengaluru, Karnataka. Kindly let me know what action can be taken. Regards, A concerned citizen",,"Bengaluru, Karnataka",
EM000896,Email,2025-04-13 15:30:00,"I am trying to understand the procedure for a government document application in {place}. The information available online is not very clear. Dear Sir/Madam, I wanted to bring a problem to your notice regarding a public service issue in Aizawl. I am trying to understand the procedure for a government document application in the citizen service centre. The information available online is not very clear. Please point me to the correct process or department. Location: Aizawl, Mizoram. I hope the department can look into this soon. Regards, A concerned citizen",,"Aizawl, Mizoram",
EM000897,Email,2025-11-07 04:33:00,"The online government service portal is showing an error when I try to submit my application. Dear Sir/Madam, I am writing to report an issue regarding a public service issue in Imphal. The online government service portal is showing an error when I try to submit my application. Could the technical problem be checked? Location: Imphal, Manipur. I hope the department can look into this soon. Regards, A concerned citizen",,"Imphal, Manipur",
EM000898,Email,2025-07-03 07:40:00,"Follow-up: The online government service portal is showing an error when I try to submit my application. Dear Sir/Madam, I am writing to report an issue regarding a public service issue in Shillong. The online government service portal is showing an error when I try to submit my application. Could the technical problem be checked? I am attaching no personal documents; I only want the service issue to be addressed. Location: Shillong, Meghalaya. Please acknowledge the complaint and advise me on the next step. Regards, A concerned citizen",,"Shillong, Meghalaya",
EM000899,Email,2025-07-27 07:16:00,"I applied for a correction in a birth certificate in {place}. The documents were submitted, but I have not received a clear update on when the corrected certificate will be issued. Dear Sir/Madam, I am contacting your department because I have been facing a problem regarding a public service issue in Itanagar. I applied for a correction in a birth certificate in the online portal. The documents were submitted, but I have not received a clear update on when the corrected certificate will be issued. I would appreciate a status update. I understand that some delays are unavoidable, but the current situation is becoming difficult. Location: Itanagar, Arunachal Pradesh. I would appreciate an update when possible. Regards, A concerned citizen",,"Itanagar, Arunachal Pradesh",
EM000900,Email,2025-08-16 05:52:00,"I submitted an application for a government certificate from {place} several weeks ago. The status has not changed and I have not received any message about the reason for the delay. Dear Sir/Madam, I am contacting your department because I have been facing a problem regarding a public service issue in Jaipur. I submitted an application for a government certificate from the citizen service centre several weeks ago. The status has not changed and I have not received any message about the reason for the delay. Could you please check the application status? I am attaching no personal documents; I only want the service issue to be addressed. Location: Jaipur, Rajasthan. I hope the department can look into this soon. Regards, A concerned citizen",,"Jaipur, Rajasthan",
EM000901,Email,2025-02-25 12:08:00,"I am trying to understand the procedure for a government document application in {place}. The information available online is not very clear. Dear Sir/Madam, I am not sure which department handles this, so I am writing here for assistance regarding a public service issue in Chandigarh. I am trying to understand the procedure for a government document application in the online portal. The information available online is not very clear. Please point me to the correct process or department. Location: Chandigarh, Chandigarh. I would appreciate an update when possible. Regards, A concerned citizen",,"Chandigarh, Chandigarh",
EM000902,Email,2025-05-02 09:17:00,"I am trying to understand the procedure for a government document application in {place}. The information available online is not very clear. Dear Sir/Madam, I am a resident of the area and would like to raise a concern regarding a public service issue in Visakhapatnam. I am trying to understand the procedure for a government document application in the municipal office. The information available online is not very clear. Please point me to the correct process or department. I am attaching no personal documents; I only want the service issue to be addressed. Location: Visakhapatnam, Andhra Pradesh. Thank you for taking the time to read this. Regards, A concerned citizen",,"Visakhapatnam, Andhra Pradesh",
EM000903,Email,2025-04-22 16:17:00,"I submitted an application for a government certificate from {place} several weeks ago. The status has not changed and I have not received any message about the reason for the delay. Dear Sir/Madam, I am contacting your department because I have been facing a problem regarding a public service issue in Gurugram. I submitted an application for a government certificate from the online portal several weeks ago. The status has not changed and I have not received any message about the reason for the delay. Could you please check the application status? I am mainly looking for a clear update and a practical solution. Location: Gurugram, Haryana. Kindly let me know what action can be taken. Regards, A concerned citizen",,"Gurugram, Haryana",
EM000904,Email,2025-09-15 13:46:00,"Concern regarding I submitted an application for a government certificate from {place} several weeks ago. The status has not changed and I have not received any message about the reason for the delay. Dear Sir/Madam, I wanted to check whether someone could look into the following matter regarding a public service issue in Hyderabad. I submitted an application for a government certificate from the citizen service centre several weeks ago. The status has not changed and I have not received any message about the reason for the delay. Could you please check the application status? I am mainly looking for a clear update and a practical solution. Location: Hyderabad, Telangana. I would appreciate an update when possible. Regards, A concerned citizen",,"Hyderabad, Telangana",
EM000905,Email,2025-09-21 02:46:00,"I submitted an application for a government certificate from {place} several weeks ago. The status has not changed and I have not received any message about the reason for the delay. Dear Sir/Madam, I wanted to check whether someone could look into the following matter regarding a public service issue in Jaipur. I submitted an application for a government certificate from the district office several weeks ago. The status has not changed and I have not received any message about the reason for the delay. Could you please check the application status? I understand that some delays are unavoidable, but the current situation is becoming difficult. Location: Jaipur, Rajasthan. I hope the department can look into this soon. Regards, A concerned citizen",,"Jaipur, Rajasthan",
EM000906,Email,2025-11-09 17:37:00,"The online government service portal is showing an error when I try to submit my application. Dear Sir/Madam, I wanted to check whether someone could look into the following matter regarding a public service issue in Srinagar. The online government service portal is showing an error when I try to submit my application. Could the technical problem be checked? Location: Srinagar, Jammu and Kashmir. I would appreciate an update when possible. Regards, A concerned citizen",,"Srinagar, Jammu and Kashmir",
EM000907,Email,2025-10-25 07:13:00,"Request for assistance - I am trying to understand the procedure for a government document application in {place}. The information available online is not very clear. Dear Sir/Madam, I would like to request your help regarding an issue in my locality regarding a public service issue in Gurugram. I am trying to understand the procedure for a government document application in the online portal. The information available online is not very clear. Please point me to the correct process or department. Location: Gurugram, Haryana. I hope the department can look into this soon. Regards, A concerned citizen",,"Gurugram, Haryana",
EM000908,Email,2025-04-29 21:12:00,"Follow-up: I submitted an application for a government certificate from {place} several weeks ago. The status has not changed and I have not received any message about the reason for the delay. Dear Sir/Madam, I would like to request your help regarding an issue in my locality regarding a public service issue in Shillong. I submitted an application for a government certificate from the citizen service centre several weeks ago. The status has not changed and I have not received any message about the reason for the delay. Could you please check the application status? This is not the first time we have faced this problem. Location: Shillong, Meghalaya. I would appreciate an update when possible. Regards, A concerned citizen",,"Shillong, Meghalaya",
EM000909,Email,2025-12-01 20:56:00,"Follow-up: The online government service portal is showing an error when I try to submit my application. Dear Sir/Madam, I am contacting your department because I have been facing a problem regarding a public service issue in Panaji. The online government service portal is showing an error when I try to submit my application. Could the technical problem be checked? Location: Panaji, Goa. I would appreciate an update when possible. Regards, A concerned citizen",,"Panaji, Goa",
EM000910,Email,2025-09-01 04:32:00,"Concern regarding I applied for a correction in a birth certificate in {place}. The documents were submitted, but I have not received a clear update on when the corrected certificate will be issued. Dear Sir/Madam, I am writing to report an issue regarding a public service issue in Puducherry. I applied for a correction in a birth certificate in the district office. The documents were submitted, but I have not received a clear update on when the corrected certificate will be issued. I would appreciate a status update. This is not the first time we have faced this problem. Location: Puducherry, Puducherry. Thank you for taking the time to read this. Regards, A concerned citizen",,"Puducherry, Puducherry",
EM000911,Email,2025-11-08 10:55:00,"Concern regarding The online government service portal is showing an error when I try to submit my application. Dear Sir/Madam, I am a resident of the area and would like to raise a concern regarding a public service issue in Guwahati. The online government service portal is showing an error when I try to submit my application. Could the technical problem be checked? I had also mentioned this to the local office, but I have not received a clear update. Location: Guwahati, Assam. Thank you for taking the time to read this. Regards, A concerned citizen",,"Guwahati, Assam",
EM000912,Email,2025-03-08 14:40:00,"I am trying to understand the procedure for a government document application in {place}. The information available online is not very clear. Dear Sir/Madam, I would like to request your help regarding an issue in my locality regarding a public service issue in Ranchi. I am trying to understand the procedure for a government document application in the citizen service centre. The information available online is not very clear. Please point me to the correct process or department. I am mainly looking for a clear update and a practical solution. Location: Ranchi, Jharkhand. I hope the department can look into this soon. Regards, A concerned citizen",,"Ranchi, Jharkhand",
EM000913,Email,2025-03-28 05:09:00,"My PAN-related service request has been pending longer than the expected period. I have checked the online status several times but it has not changed. Dear Sir/Madam, I am not sure which department handles this, so I am writing here for assistance regarding a public service issue in Hyderabad. My PAN-related service request has been pending longer than the expected period. I have checked the online status several times but it has not changed. Please advise whether any further action is required from my side. Location: Hyderabad, Telangana. Please acknowledge the complaint and advise me on the next step. Regards, A concerned citizen",,"Hyderabad, Telangana",
EM000914,Email,2025-07-24 06:51:00,"I am trying to understand the procedure for a government document application in {place}. The information available online is not very clear. Dear Sir/Madam, I would like to request your help regarding an issue in my locality regarding a public service issue in Shillong. I am trying to understand the procedure for a government document application in the municipal office. The information available online is not very clear. Please point me to the correct process or department. I understand that some delays are unavoidable, but the current situation is becoming difficult. Location: Shillong, Meghalaya. Thank you for taking the time to read this. Regards, A concerned citizen",,"Shillong, Meghalaya",
EM000915,Email,2025-12-08 07:33:00,"I applied for a correction in a birth certificate in {place}. The documents were submitted, but I have not received a clear update on when the corrected certificate will be issued. Dear Sir/Madam, I wanted to check whether someone could look into the following matter regarding a public service issue in Bhubaneswar. I applied for a correction in a birth certificate in the district office. The documents were submitted, but I have not received a clear update on when the corrected certificate will be issued. I would appreciate a status update. Location: Bhubaneswar, Odisha. Thank you for taking the time to read this. Regards, A concerned citizen",,"Bhubaneswar, Odisha",
EM000916,Email,2025-12-08 10:45:00,"I am trying to understand the procedure for a government document application in {place}. The information available online is not very clear. Dear Sir/Madam, I am writing to report an issue regarding a public service issue in Patna. I am trying to understand the procedure for a government document application in the citizen service centre. The information available online is not very clear. Please point me to the correct process or department. This is not the first time we have faced this problem. Location: Patna, Bihar. Thank you for taking the time to read this. Regards, A concerned citizen",,"Patna, Bihar",
EM000917,Email,2025-04-25 05:44:00,"I applied for a correction in a birth certificate in {place}. The documents were submitted, but I have not received a clear update on when the corrected certificate will be issued. Dear Sir/Madam, I would like to request your help regarding an issue in my locality regarding a public service issue in Imphal. I applied for a correction in a birth certificate in the district office. The documents were submitted, but I have not received a clear update on when the corrected certificate will be issued. I would appreciate a status update. I understand that some delays are unavoidable, but the current situation is becoming difficult. Location: Imphal, Manipur. Please let me know if any additional details are required. Regards, A concerned citizen",,"Imphal, Manipur",
EM000918,Email,2025-03-29 19:38:00,"Concern regarding I applied for a correction in a birth certificate in {place}. The documents were submitted, but I have not received a clear update on when the corrected certificate will be issued. Dear Sir/Madam, I would like to request your help regarding an issue in my locality regarding a public service issue in Bengaluru. I applied for a correction in a birth certificate in the district office. The documents were submitted, but I have not received a clear update on when the corrected certificate will be issued. I would appreciate a status update. Location: Bengaluru, Karnataka. Please acknowledge the complaint and advise me on the next step. Regards, A concerned citizen",,"Bengaluru, Karnataka",
EM000919,Email,2025-08-08 13:52:00,"I am trying to understand the procedure for a government document application in {place}. The information available online is not very clear. Dear Sir/Madam, I am a resident of the area and would like to raise a concern regarding a public service issue in Gangtok. I am trying to understand the procedure for a government document application in the municipal office. The information available online is not very clear. Please point me to the correct process or department. Location: Gangtok, Sikkim. Please acknowledge the complaint and advise me on the next step. Regards, A concerned citizen",,"Gangtok, Sikkim",
EM000920,Email,2025-10-27 06:06:00,"I applied for a correction in a birth certificate in {place}. The documents were submitted, but I have not received a clear update on when the corrected certificate will be issued. Dear Sir/Madam, I wanted to check whether someone could look into the following matter regarding a public service issue in Agartala. I applied for a correction in a birth certificate in the citizen service centre. The documents were submitted, but I have not received a clear update on when the corrected certificate will be issued. I would appreciate a status update. I am attaching no personal documents; I only want the service issue to be addressed. Location: Agartala, Tripura. Please acknowledge the complaint and advise me on the next step. Regards, A concerned citizen",,"Agartala, Tripura",
EM000921,Email,2025-10-21 18:49:00,"Concern regarding I applied for a correction in a birth certificate in {place}. The documents were submitted, but I have not received a clear update on when the corrected certificate will be issued. Dear Sir/Madam, I am writing after trying to get this issue resolved locally regarding a public service issue in Lucknow. I applied for a correction in a birth certificate in the local service centre. The documents were submitted, but I have not received a clear update on when the corrected certificate will be issued. I would appreciate a status update. I am mainly looking for a clear update and a practical solution. Location: Lucknow, Uttar Pradesh. Please acknowledge the complaint and advise me on the next step. Regards, A concerned citizen",,"Lucknow, Uttar Pradesh",
EM000922,Email,2025-09-05 13:29:00,"Follow-up: I submitted an application for a government certificate from {place} several weeks ago. The status has not changed and I have not received any message about the reason for the delay. Dear Sir/Madam, I am contacting your department because I have been facing a problem regarding a public service issue in Pune. I submitted an application for a government certificate from the local service centre several weeks ago. The status has not changed and I have not received any message about the reason for the delay. Could you please check the application status? I understand that some delays are unavoidable, but the current situation is becoming difficult. Location: Pune, Maharashtra. Please acknowledge the complaint and advise me on the next step. Regards, A concerned citizen",,"Pune, Maharashtra",
EM000923,Email,2025-02-27 08:15:00,"The online government service portal is showing an error when I try to submit my application. Dear Sir/Madam, I am writing after trying to get this issue resolved locally regarding a public service issue in Kolkata. The online government service portal is showing an error when I try to submit my application. Could the technical problem be checked? Location: Kolkata, West Bengal. Thank you for taking the time to read this. Regards, A concerned citizen",,"Kolkata, West Bengal",
EM000924,Email,2025-05-27 13:47:00,"I submitted an application for a government certificate from {place} several weeks ago. The status has not changed and I have not received any message about the reason for the delay. Dear Sir/Madam, I am writing after trying to get this issue resolved locally regarding a public service issue in Puducherry. I submitted an application for a government certificate from the district office several weeks ago. The status has not changed and I have not received any message about the reason for the delay. Could you please check the application status? I had also mentioned this to the local office, but I have not received a clear update. Location: Puducherry, Puducherry. I would appreciate an update when possible. Regards, A concerned citizen",,"Puducherry, Puducherry",
EM000925,Email,2025-12-26 15:23:00,"I submitted an application for a government certificate from {place} several weeks ago. The status has not changed and I have not received any message about the reason for the delay. Dear Sir/Madam, I would like to request your help regarding an issue in my locality regarding a public service issue in Gurugram. I submitted an application for a government certificate from the municipal office several weeks ago. The status has not changed and I have not received any message about the reason for the delay. Could you please check the application status? This is not the first time we have faced this problem. Location: Gurugram, Haryana. I would appreciate an update when possible. Regards, A concerned citizen",,"Gurugram, Haryana",
EM000926,Email,2025-12-09 02:17:00,"Request for assistance - I applied for a correction in a birth certificate in {place}. The documents were submitted, but I have not received a clear update on when the corrected certificate will be issued. Dear Sir/Madam, I am contacting your department because I have been facing a problem regarding a public service issue in Itanagar. I applied for a correction in a birth certificate in the online portal. The documents were submitted, but I have not received a clear update on when the corrected certificate will be issued. I would appreciate a status update. Location: Itanagar, Arunachal Pradesh. I hope the department can look into this soon. Regards, A concerned citizen",,"Itanagar, Arunachal Pradesh",
EM000927,Email,2025-02-28 18:35:00,"I am trying to understand the procedure for a government document application in {place}. The information available online is not very clear. Dear Sir/Madam, I would like to request your help regarding an issue in my locality regarding a public service issue in Aizawl. I am trying to understand the procedure for a government document application in the municipal office. The information available online is not very clear. Please point me to the correct process or department. I am attaching no personal documents; I only want the service issue to be addressed. Location: Aizawl, Mizoram. Kindly let me know what action can be taken. Regards, A concerned citizen",,"Aizawl, Mizoram",
EM000928,Email,2025-09-14 15:27:00,"Concern regarding The online government service portal is showing an error when I try to submit my application. Dear Sir/Madam, I would like to request your help regarding an issue in my locality regarding a public service issue in Itanagar. The online government service portal is showing an error when I try to submit my application. Could the technical problem be checked? I understand that some delays are unavoidable, but the current situation is becoming difficult. Location: Itanagar, Arunachal Pradesh. Please let me know if any additional details are required. Regards, A concerned citizen",,"Itanagar, Arunachal Pradesh",
EM000929,Email,2025-10-19 03:37:00,"I submitted an application for a government certificate from {place} several weeks ago. The status has not changed and I have not received any message about the reason for the delay. Dear Sir/Madam, I am contacting your department because I have been facing a problem regarding a public service issue in Bengaluru. I submitted an application for a government certificate from the online portal several weeks ago. The status has not changed and I have not received any message about the reason for the delay. Could you please check the application status? I had also mentioned this to the local office, but I have not received a clear update. Location: Bengaluru, Karnataka. Kindly let me know what action can be taken. Regards, A concerned citizen",,"Bengaluru, Karnataka",
EM000930,Email,2025-02-25 06:00:00,"I am trying to understand the procedure for a government document application in {place}. The information available online is not very clear. Dear Sir/Madam, I wanted to bring a problem to your notice regarding a public service issue in New Delhi. I am trying to understand the procedure for a government document application in the municipal office. The information available online is not very clear. Please point me to the correct process or department. This is not the first time we have faced this problem. Location: New Delhi, Delhi. Kindly let me know what action can be taken. Regards, A concerned citizen",,"New Delhi, Delhi",
EM000931,Email,2025-11-14 06:01:00,"Follow-up: There have been repeated incidents of unsafe driving near {place}, especially in the evening. Vehicles are often speeding through the residential stretch. Dear Sir/Madam, I am writing to report an issue regarding a public service issue in Itanagar. There have been repeated incidents of unsafe driving near the school zone, especially in the evening. Vehicles are often speeding through the residential stretch. Could regular patrolling or traffic enforcement be considered? This is not the first time we have faced this problem. Location: Itanagar, Arunachal Pradesh. I would appreciate an update when possible. Regards, A concerned citizen",,"Itanagar, Arunachal Pradesh",
EM000932,Email,2025-01-05 04:24:00,"I reported a public safety concern in {place} but have not seen an update on the complaint. I understand that verification may take time, but I would like to know its current status. Dear Sir/Madam, I am a resident of the area and would like to raise a concern regarding a public service issue in Pune. I reported a public safety concern in the neighbourhood but have not seen an update on the complaint. I understand that verification may take time, but I would like to know its current status. Please let me know whether the complaint has been assigned. Location: Pune, Maharashtra. Please let me know if any additional details are required. Regards, A concerned citizen",,"Pune, Maharashtra",
EM000933,Email,2025-07-21 00:29:00,"I reported a public safety concern in {place} but have not seen an update on the complaint. I understand that verification may take time, but I would like to know its current status. Dear Sir/Madam, I am contacting your department because I have been facing a problem regarding a public service issue in Chandigarh. I reported a public safety concern in the residential area but have not seen an update on the complaint. I understand that verification may take time, but I would like to know its current status. Please let me know whether the complaint has been assigned. Location: Chandigarh, Chandigarh. Thank you for taking the time to read this. Regards, A concerned citizen",,"Chandigarh, Chandigarh",
EM000934,Email,2025-07-09 14:06:00,"I reported a public safety concern in {place} but have not seen an update on the complaint. I understand that verification may take time, but I would like to know its current status. Dear Sir/Madam, I wanted to bring a problem to your notice regarding a public service issue in Gangtok. I reported a public safety concern in the market area but have not seen an update on the complaint. I understand that verification may take time, but I would like to know its current status. Please let me know whether the complaint has been assigned. Location: Gangtok, Sikkim. Thank you for taking the time to read this. Regards, A concerned citizen",,"Gangtok, Sikkim",
EM000935,Email,2025-07-19 23:50:00,"Concern regarding There have been repeated incidents of unsafe driving near {place}, especially in the evening. Vehicles are often speeding through the residential stretch. Dear Sir/Madam, I would like to request your help regarding an issue in my locality regarding a public service issue in Patna. There have been repeated incidents of unsafe driving near the school zone, especially in the evening. Vehicles are often speeding through the residential stretch. Could regular patrolling or traffic enforcement be considered? I am attaching no personal documents; I only want the service issue to be addressed. Location: Patna, Bihar. Thank you for taking the time to read this. Regards, A concerned citizen",,"Patna, Bihar",
EM000936,Email,2025-03-04 22:57:00,"I reported a public safety concern in {place} but have not seen an update on the complaint. I understand that verification may take time, but I would like to know its current status. Dear Sir/Madam, I wanted to check whether someone could look into the following matter regarding a public service issue in Raipur. I reported a public safety concern in the school zone but have not seen an update on the complaint. I understand that verification may take time, but I would like to know its current status. Please let me know whether the complaint has been assigned. I am mainly looking for a clear update and a practical solution. Location: Raipur, Chhattisgarh. Thank you for taking the time to read this. Regards, A concerned citizen",,"Raipur, Chhattisgarh",
EM000937,Email,2025-02-18 17:37:00,"There is frequent violation of traffic rules near {place}, particularly during school opening and closing times. Dear Sir/Madam, I am writing to report an issue regarding a public service issue in Bengaluru. There is frequent violation of traffic rules near the neighbourhood, particularly during school opening and closing times. I request some monitoring during those hours. I am attaching no personal documents; I only want the service issue to be addressed. Location: Bengaluru, Karnataka. I hope the department can look into this soon. Regards, A concerned citizen",,"Bengaluru, Karnataka",
EM000938,Email,2025-01-07 21:28:00,"There have been repeated incidents of unsafe driving near {place}, especially in the evening. Vehicles are often speeding through the residential stretch. Dear Sir/Madam, I am contacting your department because I have been facing a problem regarding a public service issue in Panaji. There have been repeated incidents of unsafe driving near the market area, especially in the evening. Vehicles are often speeding through the residential stretch. Could regular patrolling or traffic enforcement be considered? Location: Panaji, Goa. Please acknowledge the complaint and advise me on the next step. Regards, A concerned citizen",,"Panaji, Goa",
EM000939,Email,2025-07-09 04:31:00,"Follow-up: There have been repeated incidents of unsafe driving near {place}, especially in the evening. Vehicles are often speeding through the residential stretch. Dear Sir/Madam, I am writing after trying to get this issue resolved locally regarding a public service issue in Leh. There have been repeated incidents of unsafe driving near the market area, especially in the evening. Vehicles are often speeding through the residential stretch. Could regular patrolling or traffic enforcement be considered? I had also mentioned this to the local office, but I have not received a clear update. Location: Leh, Ladakh. Thank you for taking the time to read this. Regards, A concerned citizen",,"Leh, Ladakh",
EM000940,Email,2025-07-05 23:39:00,"The road around {place} becomes poorly lit and isolated at night, and residents do not feel comfortable walking there. Dear Sir/Madam, I am contacting your department because I have been facing a problem regarding a public service issue in Shimla. The road around the residential area becomes poorly lit and isolated at night, and residents do not feel comfortable walking there. Could the concerned departments coordinate on lighting and safety measures? Location: Shimla, Himachal Pradesh. I hope the department can look into this soon. Regards, A concerned citizen",,"Shimla, Himachal Pradesh",
EM000941,Email,2025-12-08 02:30:00,"There have been repeated incidents of unsafe driving near {place}, especially in the evening. Vehicles are often speeding through the residential stretch. Dear Sir/Madam, I am not sure which department handles this, so I am writing here for assistance regarding a public service issue in Visakhapatnam. There have been repeated incidents of unsafe driving near the residential area, especially in the evening. Vehicles are often speeding through the residential stretch. Could regular patrolling or traffic enforcement be considered? I understand that some delays are unavoidable, but the current situation is becoming difficult. Location: Visakhapatnam, Andhra Pradesh. Thank you for taking the time to read this. Regards, A concerned citizen",,"Visakhapatnam, Andhra Pradesh",
EM000942,Email,2025-05-01 06:33:00,"The road around {place} becomes poorly lit and isolated at night, and residents do not feel comfortable walking there. Dear Sir/Madam, I am writing after trying to get this issue resolved locally regarding a public service issue in Dehradun. The road around the school zone becomes poorly lit and isolated at night, and residents do not feel comfortable walking there. Could the concerned departments coordinate on lighting and safety measures? Location: Dehradun, Uttarakhand. Please let me know if any additional details are required. Regards, A concerned citizen",,"Dehradun, Uttarakhand",
EM000943,Email,2025-09-18 12:35:00,"There have been repeated incidents of unsafe driving near {place}, especially in the evening. Vehicles are often speeding through the residential stretch. Dear Sir/Madam, I wanted to check whether someone could look into the following matter regarding a public service issue in Bhubaneswar. There have been repeated incidents of unsafe driving near the neighbourhood, especially in the evening. Vehicles are often speeding through the residential stretch. Could regular patrolling or traffic enforcement be considered? I understand that some delays are unavoidable, but the current situation is becoming difficult. Location: Bhubaneswar, Odisha. Thank you for taking the time to read this. Regards, A concerned citizen",,"Bhubaneswar, Odisha",
EM000944,Email,2025-07-03 21:39:00,"I am following up on a complaint submitted earlier regarding a safety issue in {place}. I have not received a response yet. Dear Sir/Madam, I am not sure which department handles this, so I am writing here for assistance regarding a public service issue in Itanagar. I am following up on a complaint submitted earlier regarding a safety issue in the neighbourhood. I have not received a response yet. Please provide an update or direct me to the appropriate office. Location: Itanagar, Arunachal Pradesh. Please acknowledge the complaint and advise me on the next step. Regards, A concerned citizen",,"Itanagar, Arunachal Pradesh",
EM000945,Email,2025-12-29 17:00:00,"There is frequent violation of traffic rules near {place}, particularly during school opening and closing times. Dear Sir/Madam, I would like to request your help regarding an issue in my locality regarding a public service issue in Lucknow. There is frequent violation of traffic rules near the main road, particularly during school opening and closing times. I request some monitoring during those hours. Location: Lucknow, Uttar Pradesh. I would appreciate an update when possible. Regards, A concerned citizen",,"Lucknow, Uttar Pradesh",
EM000946,Email,2025-02-14 09:39:00,"Request for assistance - I reported a public safety concern in {place} but have not seen an update on the complaint. I understand that verification may take time, but I would like to know its current status. Dear Sir/Madam, I wanted to bring a problem to your notice regarding a public service issue in Chandigarh. I reported a public safety concern in the market area but have not seen an update on the complaint. I understand that verification may take time, but I would like to know its current status. Please let me know whether the complaint has been assigned. Location: Chandigarh, Chandigarh. Please let me know if any additional details are required. Regards, A concerned citizen",,"Chandigarh, Chandigarh",
EM000947,Email,2025-02-03 21:17:00,"There is frequent violation of traffic rules near {place}, particularly during school opening and closing times. Dear Sir/Madam, I am a resident of the area and would like to raise a concern regarding a public service issue in Patna. There is frequent violation of traffic rules near the school zone, particularly during school opening and closing times. I request some monitoring during those hours. Location: Patna, Bihar. Please acknowledge the complaint and advise me on the next step. Regards, A concerned citizen",,"Patna, Bihar",
EM000948,Email,2025-06-10 02:41:00,"The road around {place} becomes poorly lit and isolated at night, and residents do not feel comfortable walking there. Dear Sir/Madam, I would like to request your help regarding an issue in my locality regarding a public service issue in Gurugram. The road around the market area becomes poorly lit and isolated at night, and residents do not feel comfortable walking there. Could the concerned departments coordinate on lighting and safety measures? I had also mentioned this to the local office, but I have not received a clear update. Location: Gurugram, Haryana. I would appreciate an update when possible. Regards, A concerned citizen",,"Gurugram, Haryana",
EM000949,Email,2025-04-06 07:32:00,"Request for assistance - There have been repeated incidents of unsafe driving near {place}, especially in the evening. Vehicles are often speeding through the residential stretch. Dear Sir/Madam, I would like to request your help regarding an issue in my locality regarding a public service issue in Agartala. There have been repeated incidents of unsafe driving near the school zone, especially in the evening. Vehicles are often speeding through the residential stretch. Could regular patrolling or traffic enforcement be considered? Location: Agartala, Tripura. Please let me know if any additional details are required. Regards, A concerned citizen",,"Agartala, Tripura",
EM000950,Email,2025-05-15 11:12:00,"There is frequent violation of traffic rules near {place}, particularly during school opening and closing times. Dear Sir/Madam, I would like to request your help regarding an issue in my locality regarding a public service issue in Patna. There is frequent violation of traffic rules near the market area, particularly during school opening and closing times. I request some monitoring during those hours. This is not the first time we have faced this problem. Location: Patna, Bihar. Kindly let me know what action can be taken. Regards, A concerned citizen",,"Patna, Bihar",
EM000951,Email,2025-08-28 15:20:00,"Concern regarding There is frequent violation of traffic rules near {place}, particularly during school opening and closing times. Dear Sir/Madam, I wanted to check whether someone could look into the following matter regarding a public service issue in Bhubaneswar. There is frequent violation of traffic rules near the residential area, particularly during school opening and closing times. I request some monitoring during those hours. Location: Bhubaneswar, Odisha. Kindly let me know what action can be taken. Regards, A concerned citizen",,"Bhubaneswar, Odisha",
EM000952,Email,2025-06-01 17:00:00,"Request for assistance - There is frequent violation of traffic rules near {place}, particularly during school opening and closing times. Dear Sir/Madam, I am contacting your department because I have been facing a problem regarding a public service issue in Shillong. There is frequent violation of traffic rules near the residential area, particularly during school opening and closing times. I request some monitoring during those hours. I am attaching no personal documents; I only want the service issue to be addressed. Location: Shillong, Meghalaya. Kindly let me know what action can be taken. Regards, A concerned citizen",,"Shillong, Meghalaya",
EM000953,Email,2025-11-26 22:41:00,"The road around {place} becomes poorly lit and isolated at night, and residents do not feel comfortable walking there. Dear Sir/Madam, I wanted to bring a problem to your notice regarding a public service issue in Gangtok. The road around the residential area becomes poorly lit and isolated at night, and residents do not feel comfortable walking there. Could the concerned departments coordinate on lighting and safety measures? This is not the first time we have faced this problem. Location: Gangtok, Sikkim. Thank you for taking the time to read this. Regards, A concerned citizen",,"Gangtok, Sikkim",
EM000954,Email,2025-04-01 13:13:00,"There have been repeated incidents of unsafe driving near {place}, especially in the evening. Vehicles are often speeding through the residential stretch. Dear Sir/Madam, I am contacting your department because I have been facing a problem regarding a public service issue in Pune. There have been repeated incidents of unsafe driving near the school zone, especially in the evening. Vehicles are often speeding through the residential stretch. Could regular patrolling or traffic enforcement be considered? I am attaching no personal documents; I only want the service issue to be addressed. Location: Pune, Maharashtra. Please let me know if any additional details are required. Regards, A concerned citizen",,"Pune, Maharashtra",
EM000955,Email,2025-10-07 21:49:00,"Concern regarding I reported a public safety concern in {place} but have not seen an update on the complaint. I understand that verification may take time, but I would like to know its current status. Dear Sir/Madam, I am not sure which department handles this, so I am writing here for assistance regarding a public service issue in Puducherry. I reported a public safety concern in the main road but have not seen an update on the complaint. I understand that verification may take time, but I would like to know its current status. Please let me know whether the complaint has been assigned. I had also mentioned this to the local office, but I have not received a clear update. Location: Puducherry, Puducherry. Kindly let me know what action can be taken. Regards, A concerned citizen",,"Puducherry, Puducherry",
EM000956,Email,2025-03-17 16:24:00,"I reported a public safety concern in {place} but have not seen an update on the complaint. I understand that verification may take time, but I would like to know its current status. Dear Sir/Madam, I am writing after trying to get this issue resolved locally regarding a public service issue in Chandigarh. I reported a public safety concern in the main road but have not seen an update on the complaint. I understand that verification may take time, but I would like to know its current status. Please let me know whether the complaint has been assigned. I am mainly looking for a clear update and a practical solution. Location: Chandigarh, Chandigarh. Kindly let me know what action can be taken. Regards, A concerned citizen",,"Chandigarh, Chandigarh",
EM000957,Email,2025-10-20 04:58:00,"The road around {place} becomes poorly lit and isolated at night, and residents do not feel comfortable walking there. Dear Sir/Madam, I am a resident of the area and would like to raise a concern regarding a public service issue in Kochi. The road around the market area becomes poorly lit and isolated at night, and residents do not feel comfortable walking there. Could the concerned departments coordinate on lighting and safety measures? I am mainly looking for a clear update and a practical solution. Location: Kochi, Kerala. I hope the department can look into this soon. Regards, A concerned citizen",,"Kochi, Kerala",
EM000958,Email,2025-08-18 11:30:00,"I am following up on a complaint submitted earlier regarding a safety issue in {place}. I have not received a response yet. Dear Sir/Madam, I am contacting your department because I have been facing a problem regarding a public service issue in Bhopal. I am following up on a complaint submitted earlier regarding a safety issue in the neighbourhood. I have not received a response yet. Please provide an update or direct me to the appropriate office. I understand that some delays are unavoidable, but the current situation is becoming difficult. Location: Bhopal, Madhya Pradesh. I hope the department can look into this soon. Regards, A concerned citizen",,"Bhopal, Madhya Pradesh",
EM000959,Email,2025-08-02 22:46:00,"I reported a public safety concern in {place} but have not seen an update on the complaint. I understand that verification may take time, but I would like to know its current status. Dear Sir/Madam, I would like to request your help regarding an issue in my locality regarding a public service issue in Puducherry. I reported a public safety concern in the neighbourhood but have not seen an update on the complaint. I understand that verification may take time, but I would like to know its current status. Please let me know whether the complaint has been assigned. This is not the first time we have faced this problem. Location: Puducherry, Puducherry. I would appreciate an update when possible. Regards, A concerned citizen",,"Puducherry, Puducherry",
EM000960,Email,2025-05-10 07:26:00,"I reported a public safety concern in {place} but have not seen an update on the complaint. I understand that verification may take time, but I would like to know its current status. Dear Sir/Madam, I am not sure which department handles this, so I am writing here for assistance regarding a public service issue in Guwahati. I reported a public safety concern in the school zone but have not seen an update on the complaint. I understand that verification may take time, but I would like to know its current status. Please let me know whether the complaint has been assigned. Location: Guwahati, Assam. Please let me know if any additional details are required. Regards, A concerned citizen",,"Guwahati, Assam",
EM000961,Email,2025-09-03 01:00:00,"There is frequent violation of traffic rules near {place}, particularly during school opening and closing times. Dear Sir/Madam, I am not sure which department handles this, so I am writing here for assistance regarding a public service issue in Leh. There is frequent violation of traffic rules near the main road, particularly during school opening and closing times. I request some monitoring during those hours. I had also mentioned this to the local office, but I have not received a clear update. Location: Leh, Ladakh. I hope the department can look into this soon. Regards, A concerned citizen",,"Leh, Ladakh",
EM000962,Email,2025-05-07 17:30:00,"The road around {place} becomes poorly lit and isolated at night, and residents do not feel comfortable walking there. Dear Sir/Madam, I would like to request your help regarding an issue in my locality regarding a public service issue in Raipur. The road around the market area becomes poorly lit and isolated at night, and residents do not feel comfortable walking there. Could the concerned departments coordinate on lighting and safety measures? Location: Raipur, Chhattisgarh. Kindly let me know what action can be taken. Regards, A concerned citizen",,"Raipur, Chhattisgarh",
EM000963,Email,2025-05-30 01:10:00,"Follow-up: There have been repeated incidents of unsafe driving near {place}, especially in the evening. Vehicles are often speeding through the residential stretch. Dear Sir/Madam, I am writing after trying to get this issue resolved locally regarding a public service issue in Itanagar. There have been repeated incidents of unsafe driving near the main road, especially in the evening. Vehicles are often speeding through the residential stretch. Could regular patrolling or traffic enforcement be considered? Location: Itanagar, Arunachal Pradesh. Please let me know if any additional details are required. Regards, A concerned citizen",,"Itanagar, Arunachal Pradesh",
EM000964,Email,2025-08-30 02:08:00,"Concern regarding I am following up on a complaint submitted earlier regarding a safety issue in {place}. I have not received a response yet. Dear Sir/Madam, I am not sure which department handles this, so I am writing here for assistance regarding a public service issue in Gangtok. I am following up on a complaint submitted earlier regarding a safety issue in the main road. I have not received a response yet. Please provide an update or direct me to the appropriate office. Location: Gangtok, Sikkim. Please acknowledge the complaint and advise me on the next step. Regards, A concerned citizen",,"Gangtok, Sikkim",
EM000965,Email,2025-04-20 04:53:00,"Follow-up: I am following up on a complaint submitted earlier regarding a safety issue in {place}. I have not received a response yet. Dear Sir/Madam, I am a resident of the area and would like to raise a concern regarding a public service issue in Guwahati. I am following up on a complaint submitted earlier regarding a safety issue in the residential area. I have not received a response yet. Please provide an update or direct me to the appropriate office. I am mainly looking for a clear update and a practical solution. Location: Guwahati, Assam. Please let me know if any additional details are required. Regards, A concerned citizen",,"Guwahati, Assam",
EM000966,Email,2025-11-09 13:01:00,"There have been repeated incidents of unsafe driving near {place}, especially in the evening. Vehicles are often speeding through the residential stretch. Dear Sir/Madam, I wanted to check whether someone could look into the following matter regarding a public service issue in Shillong. There have been repeated incidents of unsafe driving near the neighbourhood, especially in the evening. Vehicles are often speeding through the residential stretch. Could regular patrolling or traffic enforcement be considered? Location: Shillong, Meghalaya. Kindly let me know what action can be taken. Regards, A concerned citizen",,"Shillong, Meghalaya",
EM000967,Email,2025-01-26 00:53:00,"I reported a public safety concern in {place} but have not seen an update on the complaint. I understand that verification may take time, but I would like to know its current status. Dear Sir/Madam, I wanted to check whether someone could look into the following matter regarding a public service issue in Ranchi. I reported a public safety concern in the main road but have not seen an update on the complaint. I understand that verification may take time, but I would like to know its current status. Please let me know whether the complaint has been assigned. I understand that some delays are unavoidable, but the current situation is becoming difficult. Location: Ranchi, Jharkhand. I would appreciate an update when possible. Regards, A concerned citizen",,"Ranchi, Jharkhand",
EM000968,Email,2025-12-06 07:26:00,"I am following up on a complaint submitted earlier regarding a safety issue in {place}. I have not received a response yet. Dear Sir/Madam, I am contacting your department because I have been facing a problem regarding a public service issue in Bengaluru. I am following up on a complaint submitted earlier regarding a safety issue in the residential area. I have not received a response yet. Please provide an update or direct me to the appropriate office. I am attaching no personal documents; I only want the service issue to be addressed. Location: Bengaluru, Karnataka. Please let me know if any additional details are required. Regards, A concerned citizen",,"Bengaluru, Karnataka",
EM000969,Email,2025-12-02 14:33:00,"There have been repeated incidents of unsafe driving near {place}, especially in the evening. Vehicles are often speeding through the residential stretch. Dear Sir/Madam, I am contacting your department because I have been facing a problem regarding a public service issue in Ludhiana. There have been repeated incidents of unsafe driving near the main road, especially in the evening. Vehicles are often speeding through the residential stretch. Could regular patrolling or traffic enforcement be considered? Location: Ludhiana, Punjab. Please acknowledge the complaint and advise me on the next step. Regards, A concerned citizen",,"Ludhiana, Punjab",
EM000970,Email,2025-03-22 16:15:00,"There have been repeated incidents of unsafe driving near {place}, especially in the evening. Vehicles are often speeding through the residential stretch. Dear Sir/Madam, I am writing after trying to get this issue resolved locally regarding a public service issue in Leh. There have been repeated incidents of unsafe driving near the school zone, especially in the evening. Vehicles are often speeding through the residential stretch. Could regular patrolling or traffic enforcement be considered? Location: Leh, Ladakh. Please acknowledge the complaint and advise me on the next step. Regards, A concerned citizen",,"Leh, Ladakh",
EM000971,Email,2025-05-30 00:38:00,"The road around {place} becomes poorly lit and isolated at night, and residents do not feel comfortable walking there. Dear Sir/Madam, I am not sure which department handles this, so I am writing here for assistance regarding a public service issue in Ranchi. The road around the main road becomes poorly lit and isolated at night, and residents do not feel comfortable walking there. Could the concerned departments coordinate on lighting and safety measures? I am mainly looking for a clear update and a practical solution. Location: Ranchi, Jharkhand. I would appreciate an update when possible. Regards, A concerned citizen",,"Ranchi, Jharkhand",
EM000972,Email,2025-12-28 12:03:00,"I reported a public safety concern in {place} but have not seen an update on the complaint. I understand that verification may take time, but I would like to know its current status. Dear Sir/Madam, I am writing to report an issue regarding a public service issue in Aizawl. I reported a public safety concern in the main road but have not seen an update on the complaint. I understand that verification may take time, but I would like to know its current status. Please let me know whether the complaint has been assigned. Location: Aizawl, Mizoram. I hope the department can look into this soon. Regards, A concerned citizen",,"Aizawl, Mizoram",
EM000973,Email,2025-09-09 20:37:00,"There is frequent violation of traffic rules near {place}, particularly during school opening and closing times. Dear Sir/Madam, I am not sure which department handles this, so I am writing here for assistance regarding a public service issue in Shillong. There is frequent violation of traffic rules near the main road, particularly during school opening and closing times. I request some monitoring during those hours. I had also mentioned this to the local office, but I have not received a clear update. Location: Shillong, Meghalaya. Kindly let me know what action can be taken. Regards, A concerned citizen",,"Shillong, Meghalaya",
EM000974,Email,2025-07-01 23:12:00,"There is frequent violation of traffic rules near {place}, particularly during school opening and closing times. Dear Sir/Madam, I am writing after trying to get this issue resolved locally regarding a public service issue in Srinagar. There is frequent violation of traffic rules near the main road, particularly during school opening and closing times. I request some monitoring during those hours. Location: Srinagar, Jammu and Kashmir. I would appreciate an update when possible. Regards, A concerned citizen",,"Srinagar, Jammu and Kashmir",
EM000975,Email,2025-10-26 10:21:00,"The road around {place} becomes poorly lit and isolated at night, and residents do not feel comfortable walking there. Dear Sir/Madam, I am a resident of the area and would like to raise a concern regarding a public service issue in Raipur. The road around the main road becomes poorly lit and isolated at night, and residents do not feel comfortable walking there. Could the concerned departments coordinate on lighting and safety measures? I had also mentioned this to the local office, but I have not received a clear update. Location: Raipur, Chhattisgarh. I would appreciate an update when possible. Regards, A concerned citizen",,"Raipur, Chhattisgarh",
EM000976,Email,2025-03-04 00:48:00,"I reported a public safety concern in {place} but have not seen an update on the complaint. I understand that verification may take time, but I would like to know its current status. Dear Sir/Madam, I am writing after trying to get this issue resolved locally regarding a public service issue in Gangtok. I reported a public safety concern in the market area but have not seen an update on the complaint. I understand that verification may take time, but I would like to know its current status. Please let me know whether the complaint has been assigned. I had also mentioned this to the local office, but I have not received a clear update. Location: Gangtok, Sikkim. Kindly let me know what action can be taken. Regards, A concerned citizen",,"Gangtok, Sikkim",
EM000977,Email,2025-10-31 12:36:00,"Concern regarding I reported a public safety concern in {place} but have not seen an update on the complaint. I understand that verification may take time, but I would like to know its current status. Dear Sir/Madam, I am a resident of the area and would like to raise a concern regarding a public service issue in Hyderabad. I reported a public safety concern in the residential area but have not seen an update on the complaint. I understand that verification may take time, but I would like to know its current status. Please let me know whether the complaint has been assigned. Location: Hyderabad, Telangana. I hope the department can look into this soon. Regards, A concerned citizen",,"Hyderabad, Telangana",
EM000978,Email,2025-10-03 16:54:00,"Concern regarding I reported a public safety concern in {place} but have not seen an update on the complaint. I understand that verification may take time, but I would like to know its current status. Dear Sir/Madam, I am writing after trying to get this issue resolved locally regarding a public service issue in Panaji. I reported a public safety concern in the residential area but have not seen an update on the complaint. I understand that verification may take time, but I would like to know its current status. Please let me know whether the complaint has been assigned. Location: Panaji, Goa. Please acknowledge the complaint and advise me on the next step. Regards, A concerned citizen",,"Panaji, Goa",
EM000979,Email,2025-08-20 21:40:00,"Request for assistance - There have been repeated incidents of unsafe driving near {place}, especially in the evening. Vehicles are often speeding through the residential stretch. Dear Sir/Madam, I am not sure which department handles this, so I am writing here for assistance regarding a public service issue in Itanagar. There have been repeated incidents of unsafe driving near the market area, especially in the evening. Vehicles are often speeding through the residential stretch. Could regular patrolling or traffic enforcement be considered? This is not the first time we have faced this problem. Location: Itanagar, Arunachal Pradesh. Please acknowledge the complaint and advise me on the next step. Regards, A concerned citizen",,"Itanagar, Arunachal Pradesh",
EM000980,Email,2025-01-12 17:35:00,"The road around {place} becomes poorly lit and isolated at night, and residents do not feel comfortable walking there. Dear Sir/Madam, I wanted to bring a problem to your notice regarding a public service issue in Raipur. The road around the main road becomes poorly lit and isolated at night, and residents do not feel comfortable walking there. Could the concerned departments coordinate on lighting and safety measures? Location: Raipur, Chhattisgarh. I hope the department can look into this soon. Regards, A concerned citizen",,"Raipur, Chhattisgarh",
EM000981,Email,2025-10-05 06:02:00,"The road around {place} becomes poorly lit and isolated at night, and residents do not feel comfortable walking there. Dear Sir/Madam, I am contacting your department because I have been facing a problem regarding a public service issue in Bhubaneswar. The road around the school zone becomes poorly lit and isolated at night, and residents do not feel comfortable walking there. Could the concerned departments coordinate on lighting and safety measures? Location: Bhubaneswar, Odisha. Please acknowledge the complaint and advise me on the next step. Regards, A concerned citizen",,"Bhubaneswar, Odisha",
EM000982,Email,2025-03-19 00:15:00,"The road around {place} becomes poorly lit and isolated at night, and residents do not feel comfortable walking there. Dear Sir/Madam, I wanted to check whether someone could look into the following matter regarding a public service issue in Panaji. The road around the main road becomes poorly lit and isolated at night, and residents do not feel comfortable walking there. Could the concerned departments coordinate on lighting and safety measures? Location: Panaji, Goa. I hope the department can look into this soon. Regards, A concerned citizen",,"Panaji, Goa",
EM000983,Email,2025-02-26 14:08:00,"Request for assistance - The road around {place} becomes poorly lit and isolated at night, and residents do not feel comfortable walking there. Dear Sir/Madam, I wanted to bring a problem to your notice regarding a public service issue in Hyderabad. The road around the residential area becomes poorly lit and isolated at night, and residents do not feel comfortable walking there. Could the concerned departments coordinate on lighting and safety measures? I had also mentioned this to the local office, but I have not received a clear update. Location: Hyderabad, Telangana. Kindly let me know what action can be taken. Regards, A concerned citizen",,"Hyderabad, Telangana",
EM000984,Email,2025-10-20 19:25:00,"The road around {place} becomes poorly lit and isolated at night, and residents do not feel comfortable walking there. Dear Sir/Madam, I am not sure which department handles this, so I am writing here for assistance regarding a public service issue in Srinagar. The road around the main road becomes poorly lit and isolated at night, and residents do not feel comfortable walking there. Could the concerned departments coordinate on lighting and safety measures? I had also mentioned this to the local office, but I have not received a clear update. Location: Srinagar, Jammu and Kashmir. Please acknowledge the complaint and advise me on the next step. Regards, A concerned citizen",,"Srinagar, Jammu and Kashmir",
EM000985,Email,2025-12-06 05:04:00,"The road around {place} becomes poorly lit and isolated at night, and residents do not feel comfortable walking there. Dear Sir/Madam, I wanted to check whether someone could look into the following matter regarding a public service issue in Gangtok. The road around the main road becomes poorly lit and isolated at night, and residents do not feel comfortable walking there. Could the concerned departments coordinate on lighting and safety measures? I understand that some delays are unavoidable, but the current situation is becoming difficult. Location: Gangtok, Sikkim. I would appreciate an update when possible. Regards, A concerned citizen",,"Gangtok, Sikkim",
EM000986,Email,2025-02-12 23:40:00,"I reported a public safety concern in {place} but have not seen an update on the complaint. I understand that verification may take time, but I would like to know its current status. Dear Sir/Madam, I am writing after trying to get this issue resolved locally regarding a public service issue in Itanagar. I reported a public safety concern in the market area but have not seen an update on the complaint. I understand that verification may take time, but I would like to know its current status. Please let me know whether the complaint has been assigned. Location: Itanagar, Arunachal Pradesh. Please acknowledge the complaint and advise me on the next step. Regards, A concerned citizen",,"Itanagar, Arunachal Pradesh",
EM000987,Email,2025-02-15 17:15:00,"I am following up on a complaint submitted earlier regarding a safety issue in {place}. I have not received a response yet. Dear Sir/Madam, I am writing to report an issue regarding a public service issue in Kochi. I am following up on a complaint submitted earlier regarding a safety issue in the school zone. I have not received a response yet. Please provide an update or direct me to the appropriate office. I had also mentioned this to the local office, but I have not received a clear update. Location: Kochi, Kerala. Please let me know if any additional details are required. Regards, A concerned citizen",,"Kochi, Kerala",
EM000988,Email,2025-09-21 12:11:00,"There have been repeated incidents of unsafe driving near {place}, especially in the evening. Vehicles are often speeding through the residential stretch. Dear Sir/Madam, I am writing to report an issue regarding a public service issue in Bhopal. There have been repeated incidents of unsafe driving near the main road, especially in the evening. Vehicles are often speeding through the residential stretch. Could regular patrolling or traffic enforcement be considered? I understand that some delays are unavoidable, but the current situation is becoming difficult. Location: Bhopal, Madhya Pradesh. Thank you for taking the time to read this. Regards, A concerned citizen",,"Bhopal, Madhya Pradesh",
EM000989,Email,2025-06-23 22:30:00,"Concern regarding The road around {place} becomes poorly lit and isolated at night, and residents do not feel comfortable walking there. Dear Sir/Madam, I am contacting your department because I have been facing a problem regarding a public service issue in Bhopal. The road around the main road becomes poorly lit and isolated at night, and residents do not feel comfortable walking there. Could the concerned departments coordinate on lighting and safety measures? Location: Bhopal, Madhya Pradesh. I hope the department can look into this soon. Regards, A concerned citizen",,"Bhopal, Madhya Pradesh",
EM000990,Email,2025-04-09 14:57:00,"Follow-up: There have been repeated incidents of unsafe driving near {place}, especially in the evening. Vehicles are often speeding through the residential stretch. Dear Sir/Madam, I am writing after trying to get this issue resolved locally regarding a public service issue in Aizawl. There have been repeated incidents of unsafe driving near the market area, especially in the evening. Vehicles are often speeding through the residential stretch. Could regular patrolling or traffic enforcement be considered? This is not the first time we have faced this problem. Location: Aizawl, Mizoram. Please acknowledge the complaint and advise me on the next step. Regards, A concerned citizen",,"Aizawl, Mizoram",
EM000991,Email,2025-04-27 04:12:00,"The road around {place} becomes poorly lit and isolated at night, and residents do not feel comfortable walking there. Dear Sir/Madam, I am a resident of the area and would like to raise a concern regarding a public service issue in Panaji. The road around the market area becomes poorly lit and isolated at night, and residents do not feel comfortable walking there. Could the concerned departments coordinate on lighting and safety measures? I had also mentioned this to the local office, but I have not received a clear update. Location: Panaji, Goa. Please let me know if any additional details are required. Regards, A concerned citizen",,"Panaji, Goa",
EM000992,Email,2025-05-21 15:36:00,"There have been repeated incidents of unsafe driving near {place}, especially in the evening. Vehicles are often speeding through the residential stretch. Dear Sir/Madam, I am not sure which department handles this, so I am writing here for assistance regarding a public service issue in Ahmedabad. There have been repeated incidents of unsafe driving near the neighbourhood, especially in the evening. Vehicles are often speeding through the residential stretch. Could regular patrolling or traffic enforcement be considered? Location: Ahmedabad, Gujarat. I hope the department can look into this soon. Regards, A concerned citizen",,"Ahmedabad, Gujarat",
EM000993,Email,2025-09-03 00:15:00,"Request for assistance - I am following up on a complaint submitted earlier regarding a safety issue in {place}. I have not received a response yet. Dear Sir/Madam, I am writing to report an issue regarding a public service issue in Ranchi. I am following up on a complaint submitted earlier regarding a safety issue in the main road. I have not received a response yet. Please provide an update or direct me to the appropriate office. Location: Ranchi, Jharkhand. Kindly let me know what action can be taken. Regards, A concerned citizen",,"Ranchi, Jharkhand",
EM000994,Email,2025-07-08 15:03:00,"There is frequent violation of traffic rules near {place}, particularly during school opening and closing times. Dear Sir/Madam, I am writing after trying to get this issue resolved locally regarding a public service issue in Srinagar. There is frequent violation of traffic rules near the market area, particularly during school opening and closing times. I request some monitoring during those hours. Location: Srinagar, Jammu and Kashmir. I hope the department can look into this soon. Regards, A concerned citizen",,"Srinagar, Jammu and Kashmir",
EM000995,Email,2025-12-12 15:32:00,"Request for assistance - There have been repeated incidents of unsafe driving near {place}, especially in the evening. Vehicles are often speeding through the residential stretch. Dear Sir/Madam, I am writing after trying to get this issue resolved locally regarding a public service issue in Leh. There have been repeated incidents of unsafe driving near the residential area, especially in the evening. Vehicles are often speeding through the residential stretch. Could regular patrolling or traffic enforcement be considered? I am attaching no personal documents; I only want the service issue to be addressed. Location: Leh, Ladakh. Thank you for taking the time to read this. Regards, A concerned citizen",,"Leh, Ladakh",
EM000996,Email,2025-02-02 07:19:00,"Concern regarding There is frequent violation of traffic rules near {place}, particularly during school opening and closing times. Dear Sir/Madam, I am not sure which department handles this, so I am writing here for assistance regarding a public service issue in Hyderabad. There is frequent violation of traffic rules near the school zone, particularly during school opening and closing times. I request some monitoring during those hours. I am mainly looking for a clear update and a practical solution. Location: Hyderabad, Telangana. Please let me know if any additional details are required. Regards, A concerned citizen",,"Hyderabad, Telangana",
EM000997,Email,2025-05-23 17:20:00,"There is frequent violation of traffic rules near {place}, particularly during school opening and closing times. Dear Sir/Madam, I would like to request your help regarding an issue in my locality regarding a public service issue in Srinagar. There is frequent violation of traffic rules near the neighbourhood, particularly during school opening and closing times. I request some monitoring during those hours. I understand that some delays are unavoidable, but the current situation is becoming difficult. Location: Srinagar, Jammu and Kashmir. Please let me know if any additional details are required. Regards, A concerned citizen",,"Srinagar, Jammu and Kashmir",
EM000998,Email,2025-04-15 00:41:00,"There is frequent violation of traffic rules near {place}, particularly during school opening and closing times. Dear Sir/Madam, I wanted to bring a problem to your notice regarding a public service issue in Ranchi. There is frequent violation of traffic rules near the neighbourhood, particularly during school opening and closing times. I request some monitoring during those hours. Location: Ranchi, Jharkhand. I hope the department can look into this soon. Regards, A concerned citizen",,"Ranchi, Jharkhand",
EM000999,Email,2025-07-14 22:45:00,"I reported a public safety concern in {place} but have not seen an update on the complaint. I understand that verification may take time, but I would like to know its current status. Dear Sir/Madam, I am not sure which department handles this, so I am writing here for assistance regarding a public service issue in Panaji. I reported a public safety concern in the school zone but have not seen an update on the complaint. I understand that verification may take time, but I would like to know its current status. Please let me know whether the complaint has been assigned. This is not the first time we have faced this problem. Location: Panaji, Goa. I would appreciate an update when possible. Regards, A concerned citizen",,"Panaji, Goa",
EM001000,Email,2025-12-01 07:56:00,"There is frequent violation of traffic rules near {place}, particularly during school opening and closing times. Dear Sir/Madam, I am not sure which department handles this, so I am writing here for assistance regarding a public service issue in Ludhiana. There is frequent violation of traffic rules near the market area, particularly during school opening and closing times. I request some monitoring during those hours. This is not the first time we have faced this problem. Location: Ludhiana, Punjab. I hope the department can look into this soon. Regards, A concerned citizen",,"Ludhiana, Punjab",
EM001001,Email,2025-11-29 13:53:00,"I am following up on a complaint submitted earlier regarding a safety issue in {place}. I have not received a response yet. Dear Sir/Madam, I wanted to bring a problem to your notice regarding a public service issue in Ahmedabad. I am following up on a complaint submitted earlier regarding a safety issue in the market area. I have not received a response yet. Please provide an update or direct me to the appropriate office. This is not the first time we have faced this problem. Location: Ahmedabad, Gujarat. Thank you for taking the time to read this. Regards, A concerned citizen",,"Ahmedabad, Gujarat",
EM001002,Email,2025-02-07 14:52:00,"I reported a public safety concern in {place} but have not seen an update on the complaint. I understand that verification may take time, but I would like to know its current status. Dear Sir/Madam, I would like to request your help regarding an issue in my locality regarding a public service issue in Kolkata. I reported a public safety concern in the residential area but have not seen an update on the complaint. I understand that verification may take time, but I would like to know its current status. Please let me know whether the complaint has been assigned. This is not the first time we have faced this problem. Location: Kolkata, West Bengal. Please acknowledge the complaint and advise me on the next step. Regards, A concerned citizen",,"Kolkata, West Bengal",
EM001003,Email,2025-11-14 14:00:00,"I reported a public safety concern in {place} but have not seen an update on the complaint. I understand that verification may take time, but I would like to know its current status. Dear Sir/Madam, I wanted to check whether someone could look into the following matter regarding a public service issue in Gangtok. I reported a public safety concern in the main road but have not seen an update on the complaint. I understand that verification may take time, but I would like to know its current status. Please let me know whether the complaint has been assigned. I had also mentioned this to the local office, but I have not received a clear update. Location: Gangtok, Sikkim. Please let me know if any additional details are required. Regards, A concerned citizen",,"Gangtok, Sikkim",
EM001004,Email,2025-12-27 08:37:00,"I am following up on a complaint submitted earlier regarding a safety issue in {place}. I have not received a response yet. Dear Sir/Madam, I am writing to report an issue regarding a public service issue in Bengaluru. I am following up on a complaint submitted earlier regarding a safety issue in the residential area. I have not received a response yet. Please provide an update or direct me to the appropriate office. This is not the first time we have faced this problem. Location: Bengaluru, Karnataka. Please let me know if any additional details are required. Regards, A concerned citizen",,"Bengaluru, Karnataka",
EM001005,Email,2025-12-10 09:28:00,"Concern regarding I reported a public safety concern in {place} but have not seen an update on the complaint. I understand that verification may take time, but I would like to know its current status. Dear Sir/Madam, I wanted to bring a problem to your notice regarding a public service issue in Lucknow. I reported a public safety concern in the main road but have not seen an update on the complaint. I understand that verification may take time, but I would like to know its current status. Please let me know whether the complaint has been assigned. I had also mentioned this to the local office, but I have not received a clear update. Location: Lucknow, Uttar Pradesh. I would appreciate an update when possible. Regards, A concerned citizen",,"Lucknow, Uttar Pradesh",
EM001006,Email,2025-12-01 00:40:00,"The road around {place} becomes poorly lit and isolated at night, and residents do not feel comfortable walking there. Dear Sir/Madam, I am writing after trying to get this issue resolved locally regarding a public service issue in Patna. The road around the market area becomes poorly lit and isolated at night, and residents do not feel comfortable walking there. Could the concerned departments coordinate on lighting and safety measures? I am mainly looking for a clear update and a practical solution. Location: Patna, Bihar. Kindly let me know what action can be taken. Regards, A concerned citizen",,"Patna, Bihar",
EM001007,Email,2025-09-08 10:54:00,"Concern regarding There have been repeated incidents of unsafe driving near {place}, especially in the evening. Vehicles are often speeding through the residential stretch. Dear Sir/Madam, I am writing after trying to get this issue resolved locally regarding a public service issue in Visakhapatnam. There have been repeated incidents of unsafe driving near the market area, especially in the evening. Vehicles are often speeding through the residential stretch. Could regular patrolling or traffic enforcement be considered? I had also mentioned this to the local office, but I have not received a clear update. Location: Visakhapatnam, Andhra Pradesh. I would appreciate an update when possible. Regards, A concerned citizen",,"Visakhapatnam, Andhra Pradesh",
EM001008,Email,2025-11-22 08:20:00,"The road around {place} becomes poorly lit and isolated at night, and residents do not feel comfortable walking there. Dear Sir/Madam, I am writing to report an issue regarding a public service issue in Gurugram. The road around the market area becomes poorly lit and isolated at night, and residents do not feel comfortable walking there. Could the concerned departments coordinate on lighting and safety measures? This is not the first time we have faced this problem. Location: Gurugram, Haryana. Kindly let me know what action can be taken. Regards, A concerned citizen",,"Gurugram, Haryana",
EM001009,Email,2025-04-02 03:10:00,"I am following up on a complaint submitted earlier regarding a safety issue in {place}. I have not received a response yet. Dear Sir/Madam, I wanted to check whether someone could look into the following matter regarding a public service issue in Imphal. I am following up on a complaint submitted earlier regarding a safety issue in the school zone. I have not received a response yet. Please provide an update or direct me to the appropriate office. Location: Imphal, Manipur. Thank you for taking the time to read this. Regards, A concerned citizen",,"Imphal, Manipur",
EM001010,Email,2025-06-15 18:59:00,"I reported a public safety concern in {place} but have not seen an update on the complaint. I understand that verification may take time, but I would like to know its current status. Dear Sir/Madam, I am contacting your department because I have been facing a problem regarding a public service issue in Coimbatore. I reported a public safety concern in the residential area but have not seen an update on the complaint. I understand that verification may take time, but I would like to know its current status. Please let me know whether the complaint has been assigned. I understand that some delays are unavoidable, but the current situation is becoming difficult. Location: Coimbatore, Tamil Nadu. Thank you for taking the time to read this. Regards, A concerned citizen",,"Coimbatore, Tamil Nadu",
EM001011,Email,2025-08-18 10:57:00,"Parents in our area have raised concerns about the shortage of teachers at the school in {place}. Dear Sir/Madam, I am not sure which department handles this, so I am writing here for assistance regarding a public service issue in Chandigarh. Parents in our area have raised concerns about the shortage of teachers at the school in the nearby government school. Could the department clarify whether additional teachers are planned? Location: Chandigarh, Chandigarh. I hope the department can look into this soon. Regards, A concerned citizen",,"Chandigarh, Chandigarh",
EM001012,Email,2025-05-11 05:04:00,"Parents in our area have raised concerns about the shortage of teachers at the school in {place}. Dear Sir/Madam, I am writing after trying to get this issue resolved locally regarding a public service issue in Bengaluru. Parents in our area have raised concerns about the shortage of teachers at the school in the nearby government school. Could the department clarify whether additional teachers are planned? I had also mentioned this to the local office, but I have not received a clear update. Location: Bengaluru, Karnataka. I would appreciate an update when possible. Regards, A concerned citizen",,"Bengaluru, Karnataka",
EM001013,Email,2025-09-13 05:24:00,"The government school in {place} needs attention to some basic facilities. Students are currently sharing limited classroom resources. Dear Sir/Madam, I am writing to report an issue regarding a public service issue in Shimla. The government school in the education office needs attention to some basic facilities. Students are currently sharing limited classroom resources. Could the school be inspected and the required facilities arranged? Location: Shimla, Himachal Pradesh. Thank you for taking the time to read this. Regards, A concerned citizen",,"Shimla, Himachal Pradesh",
EM001014,Email,2025-10-22 18:02:00,"The school bus pickup area near {place} becomes unsafe because vehicles stop without proper organization. Dear Sir/Madam, I wanted to bring a problem to your notice regarding a public service issue in Kohima. The school bus pickup area near the nearby government school becomes unsafe because vehicles stop without proper organization. Please consider a safer arrangement during school hours. I had also mentioned this to the local office, but I have not received a clear update. Location: Kohima, Nagaland. Thank you for taking the time to read this. Regards, A concerned citizen",,"Kohima, Nagaland",
EM001015,Email,2025-07-20 08:46:00,"The school bus pickup area near {place} becomes unsafe because vehicles stop without proper organization. Dear Sir/Madam, I am a resident of the area and would like to raise a concern regarding a public service issue in Kohima. The school bus pickup area near the nearby government school becomes unsafe because vehicles stop without proper organization. Please consider a safer arrangement during school hours. I had also mentioned this to the local office, but I have not received a clear update. Location: Kohima, Nagaland. I would appreciate an update when possible. Regards, A concerned citizen",,"Kohima, Nagaland",
EM001016,Email,2025-05-08 16:38:00,"My scholarship application has been pending for some time and I am unable to see a clear status online. Dear Sir/Madam, I am a resident of the area and would like to raise a concern regarding a public service issue in Coimbatore. My scholarship application has been pending for some time and I am unable to see a clear status online. Please let me know whom I should contact for an update. I am attaching no personal documents; I only want the service issue to be addressed. Location: Coimbatore, Tamil Nadu. Kindly let me know what action can be taken. Regards, A concerned citizen",,"Coimbatore, Tamil Nadu",
EM001017,Email,2025-09-11 12:31:00,"Request for assistance - The school bus pickup area near {place} becomes unsafe because vehicles stop without proper organization. Dear Sir/Madam, I am a resident of the area and would like to raise a concern regarding a public service issue in Visakhapatnam. The school bus pickup area near the nearby government school becomes unsafe because vehicles stop without proper organization. Please consider a safer arrangement during school hours. Location: Visakhapatnam, Andhra Pradesh. Please acknowledge the complaint and advise me on the next step. Regards, A concerned citizen",,"Visakhapatnam, Andhra Pradesh",
EM001018,Email,2025-03-22 13:03:00,"Parents in our area have raised concerns about the shortage of teachers at the school in {place}. Dear Sir/Madam, I am not sure which department handles this, so I am writing here for assistance regarding a public service issue in Dehradun. Parents in our area have raised concerns about the shortage of teachers at the school in the school campus. Could the department clarify whether additional teachers are planned? Location: Dehradun, Uttarakhand. Please let me know if any additional details are required. Regards, A concerned citizen",,"Dehradun, Uttarakhand",
EM001019,Email,2025-07-02 23:46:00,"The government school in {place} needs attention to some basic facilities. Students are currently sharing limited classroom resources. Dear Sir/Madam, I am not sure which department handles this, so I am writing here for assistance regarding a public service issue in Jaipur. The government school in the district school needs attention to some basic facilities. Students are currently sharing limited classroom resources. Could the school be inspected and the required facilities arranged? This is not the first time we have faced this problem. Location: Jaipur, Rajasthan. I would appreciate an update when possible. Regards, A concerned citizen",,"Jaipur, Rajasthan",
EM001020,Email,2025-02-28 09:00:00,"The government school in {place} needs attention to some basic facilities. Students are currently sharing limited classroom resources. Dear Sir/Madam, I am writing to report an issue regarding a public service issue in Jaipur. The government school in the school campus needs attention to some basic facilities. Students are currently sharing limited classroom resources. Could the school be inspected and the required facilities arranged? Location: Jaipur, Rajasthan. Please let me know if any additional details are required. Regards, A concerned citizen",,"Jaipur, Rajasthan",
EM001021,Email,2025-02-04 00:38:00,"The government school in {place} needs attention to some basic facilities. Students are currently sharing limited classroom resources. Dear Sir/Madam, I am writing to report an issue regarding a public service issue in Kohima. The government school in the district school needs attention to some basic facilities. Students are currently sharing limited classroom resources. Could the school be inspected and the required facilities arranged? I had also mentioned this to the local office, but I have not received a clear update. Location: Kohima, Nagaland. Kindly let me know what action can be taken. Regards, A concerned citizen",,"Kohima, Nagaland",
EM001022,Email,2025-04-24 15:57:00,"Parents in our area have raised concerns about the shortage of teachers at the school in {place}. Dear Sir/Madam, I would like to request your help regarding an issue in my locality regarding a public service issue in Gurugram. Parents in our area have raised concerns about the shortage of teachers at the school in the district school. Could the department clarify whether additional teachers are planned? Location: Gurugram, Haryana. I would appreciate an update when possible. Regards, A concerned citizen",,"Gurugram, Haryana",
EM001023,Email,2025-01-06 09:33:00,"Parents in our area have raised concerns about the shortage of teachers at the school in {place}. Dear Sir/Madam, I am writing after trying to get this issue resolved locally regarding a public service issue in Patna. Parents in our area have raised concerns about the shortage of teachers at the school in the district school. Could the department clarify whether additional teachers are planned? I am attaching no personal documents; I only want the service issue to be addressed. Location: Patna, Bihar. Thank you for taking the time to read this. Regards, A concerned citizen",,"Patna, Bihar",
EM001024,Email,2025-05-25 19:05:00,"The school bus pickup area near {place} becomes unsafe because vehicles stop without proper organization. Dear Sir/Madam, I wanted to check whether someone could look into the following matter regarding a public service issue in Srinagar. The school bus pickup area near the nearby government school becomes unsafe because vehicles stop without proper organization. Please consider a safer arrangement during school hours. Location: Srinagar, Jammu and Kashmir. Thank you for taking the time to read this. Regards, A concerned citizen",,"Srinagar, Jammu and Kashmir",
EM001025,Email,2025-07-03 21:27:00,"Parents in our area have raised concerns about the shortage of teachers at the school in {place}. Dear Sir/Madam, I am writing after trying to get this issue resolved locally regarding a public service issue in Kolkata. Parents in our area have raised concerns about the shortage of teachers at the school in the nearby government school. Could the department clarify whether additional teachers are planned? Location: Kolkata, West Bengal. I would appreciate an update when possible. Regards, A concerned citizen",,"Kolkata, West Bengal",
EM001026,Email,2025-09-05 01:52:00,"Concern regarding My scholarship application has been pending for some time and I am unable to see a clear status online. Dear Sir/Madam, I would like to request your help regarding an issue in my locality regarding a public service issue in Pune. My scholarship application has been pending for some time and I am unable to see a clear status online. Please let me know whom I should contact for an update. I had also mentioned this to the local office, but I have not received a clear update. Location: Pune, Maharashtra. I would appreciate an update when possible. Regards, A concerned citizen",,"Pune, Maharashtra",
EM001027,Email,2025-01-19 03:54:00,"The sanitation facilities at the government school in {place} need improvement. Students are finding the current arrangements difficult to use. Dear Sir/Madam, I am a resident of the area and would like to raise a concern regarding a public service issue in Ranchi. The sanitation facilities at the government school in the education office need improvement. Students are finding the current arrangements difficult to use. I request that the matter be inspected. I am attaching no personal documents; I only want the service issue to be addressed. Location: Ranchi, Jharkhand. Kindly let me know what action can be taken. Regards, A concerned citizen",,"Ranchi, Jharkhand",
EM001028,Email,2025-06-13 20:48:00,"My scholarship application has been pending for some time and I am unable to see a clear status online. Dear Sir/Madam, I would like to request your help regarding an issue in my locality regarding a public service issue in Itanagar. My scholarship application has been pending for some time and I am unable to see a clear status online. Please let me know whom I should contact for an update. I am attaching no personal documents; I only want the service issue to be addressed. Location: Itanagar, Arunachal Pradesh. Kindly let me know what action can be taken. Regards, A concerned citizen",,"Itanagar, Arunachal Pradesh",
EM001029,Email,2025-01-06 18:10:00,"Concern regarding The government school in {place} needs attention to some basic facilities. Students are currently sharing limited classroom resources. Dear Sir/Madam, I am contacting your department because I have been facing a problem regarding a public service issue in New Delhi. The government school in the nearby government school needs attention to some basic facilities. Students are currently sharing limited classroom resources. Could the school be inspected and the required facilities arranged? I had also mentioned this to the local office, but I have not received a clear update. Location: New Delhi, Delhi. Kindly let me know what action can be taken. Regards, A concerned citizen",,"New Delhi, Delhi",
EM001030,Email,2025-06-27 05:10:00,"The school bus pickup area near {place} becomes unsafe because vehicles stop without proper organization. Dear Sir/Madam, I wanted to bring a problem to your notice regarding a public service issue in Kochi. The school bus pickup area near the district school becomes unsafe because vehicles stop without proper organization. Please consider a safer arrangement during school hours. I am mainly looking for a clear update and a practical solution. Location: Kochi, Kerala. Thank you for taking the time to read this. Regards, A concerned citizen",,"Kochi, Kerala",
EM001031,Email,2025-05-14 22:51:00,"Parents in our area have raised concerns about the shortage of teachers at the school in {place}. Dear Sir/Madam, I wanted to bring a problem to your notice regarding a public service issue in Ahmedabad. Parents in our area have raised concerns about the shortage of teachers at the school in the education office. Could the department clarify whether additional teachers are planned? I am mainly looking for a clear update and a practical solution. Location: Ahmedabad, Gujarat. Thank you for taking the time to read this. Regards, A concerned citizen",,"Ahmedabad, Gujarat",
EM001032,Email,2025-08-02 04:46:00,"Parents in our area have raised concerns about the shortage of teachers at the school in {place}. Dear Sir/Madam, I would like to request your help regarding an issue in my locality regarding a public service issue in Kohima. Parents in our area have raised concerns about the shortage of teachers at the school in the school campus. Could the department clarify whether additional teachers are planned? Location: Kohima, Nagaland. I hope the department can look into this soon. Regards, A concerned citizen",,"Kohima, Nagaland",
EM001033,Email,2025-12-08 08:13:00,"Request for assistance - The sanitation facilities at the government school in {place} need improvement. Students are finding the current arrangements difficult to use. Dear Sir/Madam, I am writing after trying to get this issue resolved locally regarding a public service issue in Kochi. The sanitation facilities at the government school in the education office need improvement. Students are finding the current arrangements difficult to use. I request that the matter be inspected. Location: Kochi, Kerala. Please let me know if any additional details are required. Regards, A concerned citizen",,"Kochi, Kerala",
EM001034,Email,2025-11-05 23:18:00,"Concern regarding The school bus pickup area near {place} becomes unsafe because vehicles stop without proper organization. Dear Sir/Madam, I wanted to bring a problem to your notice regarding a public service issue in Gurugram. The school bus pickup area near the nearby government school becomes unsafe because vehicles stop without proper organization. Please consider a safer arrangement during school hours. Location: Gurugram, Haryana. Please let me know if any additional details are required. Regards, A concerned citizen",,"Gurugram, Haryana",
EM001035,Email,2025-05-31 22:56:00,"Request for assistance - The government school in {place} needs attention to some basic facilities. Students are currently sharing limited classroom resources. Dear Sir/Madam, I wanted to check whether someone could look into the following matter regarding a public service issue in Kolkata. The government school in the nearby government school needs attention to some basic facilities. Students are currently sharing limited classroom resources. Could the school be inspected and the required facilities arranged? This is not the first time we have faced this problem. Location: Kolkata, West Bengal. Kindly let me know what action can be taken. Regards, A concerned citizen",,"Kolkata, West Bengal",
EM001036,Email,2025-01-07 17:04:00,"The school bus pickup area near {place} becomes unsafe because vehicles stop without proper organization. Dear Sir/Madam, I wanted to bring a problem to your notice regarding a public service issue in Guwahati. The school bus pickup area near the local government school becomes unsafe because vehicles stop without proper organization. Please consider a safer arrangement during school hours. Location: Guwahati, Assam. Thank you for taking the time to read this. Regards, A concerned citizen",,"Guwahati, Assam",
EM001037,Email,2025-03-21 11:11:00,"The sanitation facilities at the government school in {place} need improvement. Students are finding the current arrangements difficult to use. Dear Sir/Madam, I am contacting your department because I have been facing a problem regarding a public service issue in Pune. The sanitation facilities at the government school in the school campus need improvement. Students are finding the current arrangements difficult to use. I request that the matter be inspected. I am mainly looking for a clear update and a practical solution. Location: Pune, Maharashtra. Kindly let me know what action can be taken. Regards, A concerned citizen",,"Pune, Maharashtra",
EM001038,Email,2025-04-01 12:06:00,"My scholarship application has been pending for some time and I am unable to see a clear status online. Dear Sir/Madam, I would like to request your help regarding an issue in my locality regarding a public service issue in Kohima. My scholarship application has been pending for some time and I am unable to see a clear status online. Please let me know whom I should contact for an update. I had also mentioned this to the local office, but I have not received a clear update. Location: Kohima, Nagaland. Please acknowledge the complaint and advise me on the next step. Regards, A concerned citizen",,"Kohima, Nagaland",
EM001039,Email,2025-11-02 03:52:00,"My scholarship application has been pending for some time and I am unable to see a clear status online. Dear Sir/Madam, I wanted to check whether someone could look into the following matter regarding a public service issue in Puducherry. My scholarship application has been pending for some time and I am unable to see a clear status online. Please let me know whom I should contact for an update. Location: Puducherry, Puducherry. I would appreciate an update when possible. Regards, A concerned citizen",,"Puducherry, Puducherry",
EM001040,Email,2025-05-18 14:14:00,"Parents in our area have raised concerns about the shortage of teachers at the school in {place}. Dear Sir/Madam, I am a resident of the area and would like to raise a concern regarding a public service issue in Kochi. Parents in our area have raised concerns about the shortage of teachers at the school in the education office. Could the department clarify whether additional teachers are planned? Location: Kochi, Kerala. Kindly let me know what action can be taken. Regards, A concerned citizen",,"Kochi, Kerala",
EM001041,Email,2025-12-31 16:58:00,"The school bus pickup area near {place} becomes unsafe because vehicles stop without proper organization. Dear Sir/Madam, I am contacting your department because I have been facing a problem regarding a public service issue in Guwahati. The school bus pickup area near the school campus becomes unsafe because vehicles stop without proper organization. Please consider a safer arrangement during school hours. Location: Guwahati, Assam. I hope the department can look into this soon. Regards, A concerned citizen",,"Guwahati, Assam",
EM001042,Email,2025-10-04 13:44:00,"My scholarship application has been pending for some time and I am unable to see a clear status online. Dear Sir/Madam, I would like to request your help regarding an issue in my locality regarding a public service issue in Bhopal. My scholarship application has been pending for some time and I am unable to see a clear status online. Please let me know whom I should contact for an update. Location: Bhopal, Madhya Pradesh. I would appreciate an update when possible. Regards, A concerned citizen",,"Bhopal, Madhya Pradesh",
EM001043,Email,2025-03-24 04:22:00,"Request for assistance - Parents in our area have raised concerns about the shortage of teachers at the school in {place}. Dear Sir/Madam, I am contacting your department because I have been facing a problem regarding a public service issue in Kolkata. Parents in our area have raised concerns about the shortage of teachers at the school in the education office. Could the department clarify whether additional teachers are planned? Location: Kolkata, West Bengal. Please let me know if any additional details are required. Regards, A concerned citizen",,"Kolkata, West Bengal",
EM001044,Email,2025-09-16 04:25:00,"My scholarship application has been pending for some time and I am unable to see a clear status online. Dear Sir/Madam, I wanted to check whether someone could look into the following matter regarding a public service issue in Dehradun. My scholarship application has been pending for some time and I am unable to see a clear status online. Please let me know whom I should contact for an update. Location: Dehradun, Uttarakhand. I would appreciate an update when possible. Regards, A concerned citizen",,"Dehradun, Uttarakhand",
EM001045,Email,2025-08-21 06:28:00,"The school bus pickup area near {place} becomes unsafe because vehicles stop without proper organization. Dear Sir/Madam, I would like to request your help regarding an issue in my locality regarding a public service issue in Puducherry. The school bus pickup area near the school campus becomes unsafe because vehicles stop without proper organization. Please consider a safer arrangement during school hours. I am attaching no personal documents; I only want the service issue to be addressed. Location: Puducherry, Puducherry. Please let me know if any additional details are required. Regards, A concerned citizen",,"Puducherry, Puducherry",
EM001046,Email,2025-06-02 21:10:00,"Parents in our area have raised concerns about the shortage of teachers at the school in {place}. Dear Sir/Madam, I would like to request your help regarding an issue in my locality regarding a public service issue in Hyderabad. Parents in our area have raised concerns about the shortage of teachers at the school in the local government school. Could the department clarify whether additional teachers are planned? I am attaching no personal documents; I only want the service issue to be addressed. Location: Hyderabad, Telangana. Kindly let me know what action can be taken. Regards, A concerned citizen",,"Hyderabad, Telangana",
EM001047,Email,2025-11-24 16:27:00,"Parents in our area have raised concerns about the shortage of teachers at the school in {place}. Dear Sir/Madam, I wanted to bring a problem to your notice regarding a public service issue in Gurugram. Parents in our area have raised concerns about the shortage of teachers at the school in the school campus. Could the department clarify whether additional teachers are planned? Location: Gurugram, Haryana. Kindly let me know what action can be taken. Regards, A concerned citizen",,"Gurugram, Haryana",
EM001048,Email,2025-12-02 14:45:00,"My scholarship application has been pending for some time and I am unable to see a clear status online. Dear Sir/Madam, I am writing after trying to get this issue resolved locally regarding a public service issue in Patna. My scholarship application has been pending for some time and I am unable to see a clear status online. Please let me know whom I should contact for an update. I am mainly looking for a clear update and a practical solution. Location: Patna, Bihar. Please acknowledge the complaint and advise me on the next step. Regards, A concerned citizen",,"Patna, Bihar",
EM001049,Email,2025-04-13 10:11:00,"The school bus pickup area near {place} becomes unsafe because vehicles stop without proper organization. Dear Sir/Madam, I am writing to report an issue regarding a public service issue in Ludhiana. The school bus pickup area near the local government school becomes unsafe because vehicles stop without proper organization. Please consider a safer arrangement during school hours. I am mainly looking for a clear update and a practical solution. Location: Ludhiana, Punjab. I would appreciate an update when possible. Regards, A concerned citizen",,"Ludhiana, Punjab",
EM001050,Email,2025-07-23 01:15:00,"The school bus pickup area near {place} becomes unsafe because vehicles stop without proper organization. Dear Sir/Madam, I would like to request your help regarding an issue in my locality regarding a public service issue in Raipur. The school bus pickup area near the district school becomes unsafe because vehicles stop without proper organization. Please consider a safer arrangement during school hours. I understand that some delays are unavoidable, but the current situation is becoming difficult. Location: Raipur, Chhattisgarh. I would appreciate an update when possible. Regards, A concerned citizen",,"Raipur, Chhattisgarh",
EM001051,Email,2025-05-07 08:23:00,"Follow-up: The school bus pickup area near {place} becomes unsafe because vehicles stop without proper organization. Dear Sir/Madam, I am contacting your department because I have been facing a problem regarding a public service issue in Ranchi. The school bus pickup area near the district school becomes unsafe because vehicles stop without proper organization. Please consider a safer arrangement during school hours. I had also mentioned this to the local office, but I have not received a clear update. Location: Ranchi, Jharkhand. Thank you for taking the time to read this. Regards, A concerned citizen",,"Ranchi, Jharkhand",
EM001052,Email,2025-05-04 16:19:00,"The government school in {place} needs attention to some basic facilities. Students are currently sharing limited classroom resources. Dear Sir/Madam, I wanted to check whether someone could look into the following matter regarding a public service issue in Itanagar. The government school in the district school needs attention to some basic facilities. Students are currently sharing limited classroom resources. Could the school be inspected and the required facilities arranged? I understand that some delays are unavoidable, but the current situation is becoming difficult. Location: Itanagar, Arunachal Pradesh. Please acknowledge the complaint and advise me on the next step. Regards, A concerned citizen",,"Itanagar, Arunachal Pradesh",
EM001053,Email,2025-02-21 23:19:00,"The sanitation facilities at the government school in {place} need improvement. Students are finding the current arrangements difficult to use. Dear Sir/Madam, I am writing after trying to get this issue resolved locally regarding a public service issue in Guwahati. The sanitation facilities at the government school in the education office need improvement. Students are finding the current arrangements difficult to use. I request that the matter be inspected. I am mainly looking for a clear update and a practical solution. Location: Guwahati, Assam. I would appreciate an update when possible. Regards, A concerned citizen",,"Guwahati, Assam",
EM001054,Email,2025-07-07 05:18:00,"Parents in our area have raised concerns about the shortage of teachers at the school in {place}. Dear Sir/Madam, I am a resident of the area and would like to raise a concern regarding a public service issue in Shimla. Parents in our area have raised concerns about the shortage of teachers at the school in the education office. Could the department clarify whether additional teachers are planned? I am mainly looking for a clear update and a practical solution. Location: Shimla, Himachal Pradesh. Please acknowledge the complaint and advise me on the next step. Regards, A concerned citizen",,"Shimla, Himachal Pradesh",
EM001055,Email,2025-01-24 22:12:00,"The government school in {place} needs attention to some basic facilities. Students are currently sharing limited classroom resources. Dear Sir/Madam, I wanted to bring a problem to your notice regarding a public service issue in Pune. The government school in the district school needs attention to some basic facilities. Students are currently sharing limited classroom resources. Could the school be inspected and the required facilities arranged? Location: Pune, Maharashtra. Thank you for taking the time to read this. Regards, A concerned citizen",,"Pune, Maharashtra",
EM001056,Email,2025-02-20 04:44:00,"Follow-up: The government school in {place} needs attention to some basic facilities. Students are currently sharing limited classroom resources. Dear Sir/Madam, I am not sure which department handles this, so I am writing here for assistance regarding a public service issue in Gangtok. The government school in the nearby government school needs attention to some basic facilities. Students are currently sharing limited classroom resources. Could the school be inspected and the required facilities arranged? This is not the first time we have faced this problem. Location: Gangtok, Sikkim. Thank you for taking the time to read this. Regards, A concerned citizen",,"Gangtok, Sikkim",
EM001057,Email,2025-09-21 00:58:00,"The government school in {place} needs attention to some basic facilities. Students are currently sharing limited classroom resources. Dear Sir/Madam, I am writing after trying to get this issue resolved locally regarding a public service issue in Bhopal. The government school in the local government school needs attention to some basic facilities. Students are currently sharing limited classroom resources. Could the school be inspected and the required facilities arranged? Location: Bhopal, Madhya Pradesh. Kindly let me know what action can be taken. Regards, A concerned citizen",,"Bhopal, Madhya Pradesh",
EM001058,Email,2025-07-25 20:31:00,"Parents in our area have raised concerns about the shortage of teachers at the school in {place}. Dear Sir/Madam, I am contacting your department because I have been facing a problem regarding a public service issue in Jaipur. Parents in our area have raised concerns about the shortage of teachers at the school in the nearby government school. Could the department clarify whether additional teachers are planned? I had also mentioned this to the local office, but I have not received a clear update. Location: Jaipur, Rajasthan. I hope the department can look into this soon. Regards, A concerned citizen",,"Jaipur, Rajasthan",
EM001059,Email,2025-08-23 20:47:00,"Parents in our area have raised concerns about the shortage of teachers at the school in {place}. Dear Sir/Madam, I am not sure which department handles this, so I am writing here for assistance regarding a public service issue in Panaji. Parents in our area have raised concerns about the shortage of teachers at the school in the nearby government school. Could the department clarify whether additional teachers are planned? I am mainly looking for a clear update and a practical solution. Location: Panaji, Goa. Kindly let me know what action can be taken. Regards, A concerned citizen",,"Panaji, Goa",
EM001060,Email,2025-10-12 20:36:00,"The school bus pickup area near {place} becomes unsafe because vehicles stop without proper organization. Dear Sir/Madam, I would like to request your help regarding an issue in my locality regarding a public service issue in Kolkata. The school bus pickup area near the district school becomes unsafe because vehicles stop without proper organization. Please consider a safer arrangement during school hours. Location: Kolkata, West Bengal. Kindly let me know what action can be taken. Regards, A concerned citizen",,"Kolkata, West Bengal",
EM001061,Email,2025-05-13 08:25:00,"The government school in {place} needs attention to some basic facilities. Students are currently sharing limited classroom resources. Dear Sir/Madam, I am not sure which department handles this, so I am writing here for assistance regarding a public service issue in Pune. The government school in the local government school needs attention to some basic facilities. Students are currently sharing limited classroom resources. Could the school be inspected and the required facilities arranged? This is not the first time we have faced this problem. Location: Pune, Maharashtra. Please acknowledge the complaint and advise me on the next step. Regards, A concerned citizen",,"Pune, Maharashtra",
EM001062,Email,2025-10-19 08:38:00,"My scholarship application has been pending for some time and I am unable to see a clear status online. Dear Sir/Madam, I am a resident of the area and would like to raise a concern regarding a public service issue in Puducherry. My scholarship application has been pending for some time and I am unable to see a clear status online. Please let me know whom I should contact for an update. I am attaching no personal documents; I only want the service issue to be addressed. Location: Puducherry, Puducherry. Please acknowledge the complaint and advise me on the next step. Regards, A concerned citizen",,"Puducherry, Puducherry",
EM001063,Email,2025-08-07 21:43:00,"Parents in our area have raised concerns about the shortage of teachers at the school in {place}. Dear Sir/Madam, I am writing after trying to get this issue resolved locally regarding a public service issue in Hyderabad. Parents in our area have raised concerns about the shortage of teachers at the school in the education office. Could the department clarify whether additional teachers are planned? I am mainly looking for a clear update and a practical solution. Location: Hyderabad, Telangana. Thank you for taking the time to read this. Regards, A concerned citizen",,"Hyderabad, Telangana",
EM001064,Email,2025-02-07 02:31:00,"Concern regarding The sanitation facilities at the government school in {place} need improvement. Students are finding the current arrangements difficult to use. Dear Sir/Madam, I am a resident of the area and would like to raise a concern regarding a public service issue in Imphal. The sanitation facilities at the government school in the school campus need improvement. Students are finding the current arrangements difficult to use. I request that the matter be inspected. Location: Imphal, Manipur. Please let me know if any additional details are required. Regards, A concerned citizen",,"Imphal, Manipur",
EM001065,Email,2025-10-26 05:20:00,"Parents in our area have raised concerns about the shortage of teachers at the school in {place}. Dear Sir/Madam, I am writing after trying to get this issue resolved locally regarding a public service issue in Patna. Parents in our area have raised concerns about the shortage of teachers at the school in the local government school. Could the department clarify whether additional teachers are planned? Location: Patna, Bihar. I would appreciate an update when possible. Regards, A concerned citizen",,"Patna, Bihar",
EM001066,Email,2025-06-03 11:57:00,"Parents in our area have raised concerns about the shortage of teachers at the school in {place}. Dear Sir/Madam, I am not sure which department handles this, so I am writing here for assistance regarding a public service issue in Agartala. Parents in our area have raised concerns about the shortage of teachers at the school in the education office. Could the department clarify whether additional teachers are planned? Location: Agartala, Tripura. I would appreciate an update when possible. Regards, A concerned citizen",,"Agartala, Tripura",
EM001067,Email,2025-02-24 20:03:00,"Request for assistance - The sanitation facilities at the government school in {place} need improvement. Students are finding the current arrangements difficult to use. Dear Sir/Madam, I wanted to bring a problem to your notice regarding a public service issue in Visakhapatnam. The sanitation facilities at the government school in the local government school need improvement. Students are finding the current arrangements difficult to use. I request that the matter be inspected. Location: Visakhapatnam, Andhra Pradesh. Please acknowledge the complaint and advise me on the next step. Regards, A concerned citizen",,"Visakhapatnam, Andhra Pradesh",
EM001068,Email,2025-07-02 02:05:00,"Follow-up: The sanitation facilities at the government school in {place} need improvement. Students are finding the current arrangements difficult to use. Dear Sir/Madam, I am contacting your department because I have been facing a problem regarding a public service issue in Bhopal. The sanitation facilities at the government school in the district school need improvement. Students are finding the current arrangements difficult to use. I request that the matter be inspected. Location: Bhopal, Madhya Pradesh. Kindly let me know what action can be taken. Regards, A concerned citizen",,"Bhopal, Madhya Pradesh",
EM001069,Email,2025-12-03 23:03:00,"The school bus pickup area near {place} becomes unsafe because vehicles stop without proper organization. Dear Sir/Madam, I wanted to bring a problem to your notice regarding a public service issue in Leh. The school bus pickup area near the nearby government school becomes unsafe because vehicles stop without proper organization. Please consider a safer arrangement during school hours. Location: Leh, Ladakh. Please acknowledge the complaint and advise me on the next step. Regards, A concerned citizen",,"Leh, Ladakh",
EM001070,Email,2025-07-07 17:55:00,"Follow-up: My scholarship application has been pending for some time and I am unable to see a clear status online. Dear Sir/Madam, I would like to request your help regarding an issue in my locality regarding a public service issue in Guwahati. My scholarship application has been pending for some time and I am unable to see a clear status online. Please let me know whom I should contact for an update. Location: Guwahati, Assam. I hope the department can look into this soon. Regards, A concerned citizen",,"Guwahati, Assam",
EM001071,Email,2025-12-10 07:05:00,"The government school in {place} needs attention to some basic facilities. Students are currently sharing limited classroom resources. Dear Sir/Madam, I am writing to report an issue regarding a public service issue in Itanagar. The government school in the education office needs attention to some basic facilities. Students are currently sharing limited classroom resources. Could the school be inspected and the required facilities arranged? This is not the first time we have faced this problem. Location: Itanagar, Arunachal Pradesh. Please let me know if any additional details are required. Regards, A concerned citizen",,"Itanagar, Arunachal Pradesh",
EM001072,Email,2025-04-14 17:41:00,"The sanitation facilities at the government school in {place} need improvement. Students are finding the current arrangements difficult to use. Dear Sir/Madam, I am writing to report an issue regarding a public service issue in Imphal. The sanitation facilities at the government school in the district school need improvement. Students are finding the current arrangements difficult to use. I request that the matter be inspected. Location: Imphal, Manipur. Please let me know if any additional details are required. Regards, A concerned citizen",,"Imphal, Manipur",
EM001073,Email,2025-05-23 06:41:00,"Parents in our area have raised concerns about the shortage of teachers at the school in {place}. Dear Sir/Madam, I am a resident of the area and would like to raise a concern regarding a public service issue in Bengaluru. Parents in our area have raised concerns about the shortage of teachers at the school in the school campus. Could the department clarify whether additional teachers are planned? Location: Bengaluru, Karnataka. I would appreciate an update when possible. Regards, A concerned citizen",,"Bengaluru, Karnataka",
EM001074,Email,2025-10-31 02:55:00,"Parents in our area have raised concerns about the shortage of teachers at the school in {place}. Dear Sir/Madam, I am contacting your department because I have been facing a problem regarding a public service issue in Visakhapatnam. Parents in our area have raised concerns about the shortage of teachers at the school in the local government school. Could the department clarify whether additional teachers are planned? I am mainly looking for a clear update and a practical solution. Location: Visakhapatnam, Andhra Pradesh. Please let me know if any additional details are required. Regards, A concerned citizen",,"Visakhapatnam, Andhra Pradesh",
EM001075,Email,2025-11-18 00:38:00,"Request for assistance - My scholarship application has been pending for some time and I am unable to see a clear status online. Dear Sir/Madam, I am writing to report an issue regarding a public service issue in Itanagar. My scholarship application has been pending for some time and I am unable to see a clear status online. Please let me know whom I should contact for an update. I am mainly looking for a clear update and a practical solution. Location: Itanagar, Arunachal Pradesh. I would appreciate an update when possible. Regards, A concerned citizen",,"Itanagar, Arunachal Pradesh",
EM001076,Email,2025-09-09 02:36:00,"My scholarship application has been pending for some time and I am unable to see a clear status online. Dear Sir/Madam, I am writing to report an issue regarding a public service issue in Itanagar. My scholarship application has been pending for some time and I am unable to see a clear status online. Please let me know whom I should contact for an update. Location: Itanagar, Arunachal Pradesh. I would appreciate an update when possible. Regards, A concerned citizen",,"Itanagar, Arunachal Pradesh",
EM001077,Email,2025-12-08 15:38:00,"Request for assistance - Parents in our area have raised concerns about the shortage of teachers at the school in {place}. Dear Sir/Madam, I wanted to check whether someone could look into the following matter regarding a public service issue in Gurugram. Parents in our area have raised concerns about the shortage of teachers at the school in the education office. Could the department clarify whether additional teachers are planned? Location: Gurugram, Haryana. Please let me know if any additional details are required. Regards, A concerned citizen",,"Gurugram, Haryana",
EM001078,Email,2025-03-25 23:42:00,"Parents in our area have raised concerns about the shortage of teachers at the school in {place}. Dear Sir/Madam, I wanted to check whether someone could look into the following matter regarding a public service issue in Jaipur. Parents in our area have raised concerns about the shortage of teachers at the school in the local government school. Could the department clarify whether additional teachers are planned? I had also mentioned this to the local office, but I have not received a clear update. Location: Jaipur, Rajasthan. Please let me know if any additional details are required. Regards, A concerned citizen",,"Jaipur, Rajasthan",
EM001079,Email,2025-06-17 22:22:00,"Request for assistance - The school bus pickup area near {place} becomes unsafe because vehicles stop without proper organization. Dear Sir/Madam, I am writing after trying to get this issue resolved locally regarding a public service issue in Kolkata. The school bus pickup area near the district school becomes unsafe because vehicles stop without proper organization. Please consider a safer arrangement during school hours. I understand that some delays are unavoidable, but the current situation is becoming difficult. Location: Kolkata, West Bengal. Please let me know if any additional details are required. Regards, A concerned citizen",,"Kolkata, West Bengal",
EM001080,Email,2025-05-31 21:20:00,"The government school in {place} needs attention to some basic facilities. Students are currently sharing limited classroom resources. Dear Sir/Madam, I am writing to report an issue regarding a public service issue in Shillong. The government school in the local government school needs attention to some basic facilities. Students are currently sharing limited classroom resources. Could the school be inspected and the required facilities arranged? Location: Shillong, Meghalaya. I hope the department can look into this soon. Regards, A concerned citizen",,"Shillong, Meghalaya",
EM001081,Email,2025-09-27 13:31:00,"The government service portal was unavailable several times while I was trying to submit a request from {place}. Dear Sir/Madam, I am writing to report an issue regarding a public service issue in Hyderabad. The government service portal was unavailable several times while I was trying to submit a request from the district service office. Please check whether there is a technical issue. I understand that some delays are unavoidable, but the current situation is becoming difficult. Location: Hyderabad, Telangana. I hope the department can look into this soon. Regards, A concerned citizen",,"Hyderabad, Telangana",
EM001082,Email,2025-07-02 00:57:00,"I have been trying to get a municipal service issue resolved in {place}, but the request has been passed between offices without a clear response. Dear Sir/Madam, I am writing after trying to get this issue resolved locally regarding a public service issue in Ahmedabad. I have been trying to get a municipal service issue resolved in our municipal area, but the request has been passed between offices without a clear response. Could someone please take ownership of the complaint and provide an update? I understand that some delays are unavoidable, but the current situation is becoming difficult. Location: Ahmedabad, Gujarat. Please let me know if any additional details are required. Regards, A concerned citizen",,"Ahmedabad, Gujarat",
EM001083,Email,2025-03-18 14:48:00,"Request for assistance - The government service portal was unavailable several times while I was trying to submit a request from {place}. Dear Sir/Madam, I would like to request your help regarding an issue in my locality regarding a public service issue in Srinagar. The government service portal was unavailable several times while I was trying to submit a request from the citizen service centre. Please check whether there is a technical issue. I had also mentioned this to the local office, but I have not received a clear update. Location: Srinagar, Jammu and Kashmir. I would appreciate an update when possible. Regards, A concerned citizen",,"Srinagar, Jammu and Kashmir",
EM001084,Email,2025-02-08 07:14:00,"The waiting time at the public service office in {place} was very long and there was no clear queue or token information. Dear Sir/Madam, I am a resident of the area and would like to raise a concern regarding a public service issue in Srinagar. The waiting time at the public service office in the citizen service centre was very long and there was no clear queue or token information. Could the process be improved for citizens? Location: Srinagar, Jammu and Kashmir. I would appreciate an update when possible. Regards, A concerned citizen",,"Srinagar, Jammu and Kashmir",
EM001085,Email,2025-06-09 03:12:00,"Concern regarding The waiting time at the public service office in {place} was very long and there was no clear queue or token information. Dear Sir/Madam, I am not sure which department handles this, so I am writing here for assistance regarding a public service issue in Kolkata. The waiting time at the public service office in the online service portal was very long and there was no clear queue or token information. Could the process be improved for citizens? I understand that some delays are unavoidable, but the current situation is becoming difficult. Location: Kolkata, West Bengal. I would appreciate an update when possible. Regards, A concerned citizen",,"Kolkata, West Bengal",
EM001086,Email,2025-10-24 01:19:00,"I could not find clear information about the procedure for a public service in {place}. Different pages seem to give different instructions. Dear Sir/Madam, I wanted to check whether someone could look into the following matter regarding a public service issue in Hyderabad. I could not find clear information about the procedure for a public service in our municipal area. Different pages seem to give different instructions. Please provide a single, updated source of information. I am mainly looking for a clear update and a practical solution. Location: Hyderabad, Telangana. Thank you for taking the time to read this. Regards, A concerned citizen",,"Hyderabad, Telangana",
EM001087,Email,2025-04-08 02:28:00,"I could not find clear information about the procedure for a public service in {place}. Different pages seem to give different instructions. Dear Sir/Madam, I wanted to check whether someone could look into the following matter regarding a public service issue in Shillong. I could not find clear information about the procedure for a public service in the district service office. Different pages seem to give different instructions. Please provide a single, updated source of information. I understand that some delays are unavoidable, but the current situation is becoming difficult. Location: Shillong, Meghalaya. I hope the department can look into this soon. Regards, A concerned citizen",,"Shillong, Meghalaya",
EM001088,Email,2025-06-28 11:53:00,"I have been trying to get a municipal service issue resolved in {place}, but the request has been passed between offices without a clear response. Dear Sir/Madam, I am writing to report an issue regarding a public service issue in Bengaluru. I have been trying to get a municipal service issue resolved in the online service portal, but the request has been passed between offices without a clear response. Could someone please take ownership of the complaint and provide an update? Location: Bengaluru, Karnataka. Kindly let me know what action can be taken. Regards, A concerned citizen",,"Bengaluru, Karnataka",
EM001089,Email,2025-02-01 03:29:00,"Concern regarding The waiting time at the public service office in {place} was very long and there was no clear queue or token information. Dear Sir/Madam, I am writing after trying to get this issue resolved locally regarding a public service issue in Bhopal. The waiting time at the public service office in the citizen service centre was very long and there was no clear queue or token information. Could the process be improved for citizens? Location: Bhopal, Madhya Pradesh. Thank you for taking the time to read this. Regards, A concerned citizen",,"Bhopal, Madhya Pradesh",
EM001090,Email,2025-10-14 12:22:00,"I could not find clear information about the procedure for a public service in {place}. Different pages seem to give different instructions. Dear Sir/Madam, I wanted to bring a problem to your notice regarding a public service issue in Agartala. I could not find clear information about the procedure for a public service in the online service portal. Different pages seem to give different instructions. Please provide a single, updated source of information. Location: Agartala, Tripura. Please let me know if any additional details are required. Regards, A concerned citizen",,"Agartala, Tripura",
EM001091,Email,2025-08-25 12:47:00,"I could not find clear information about the procedure for a public service in {place}. Different pages seem to give different instructions. Dear Sir/Madam, I am contacting your department because I have been facing a problem regarding a public service issue in Chandigarh. I could not find clear information about the procedure for a public service in our municipal area. Different pages seem to give different instructions. Please provide a single, updated source of information. Location: Chandigarh, Chandigarh. Please let me know if any additional details are required. Regards, A concerned citizen",,"Chandigarh, Chandigarh",
EM001092,Email,2025-08-24 15:25:00,"I have been trying to get a municipal service issue resolved in {place}, but the request has been passed between offices without a clear response. Dear Sir/Madam, I am contacting your department because I have been facing a problem regarding a public service issue in Panaji. I have been trying to get a municipal service issue resolved in the local municipal office, but the request has been passed between offices without a clear response. Could someone please take ownership of the complaint and provide an update? I had also mentioned this to the local office, but I have not received a clear update. Location: Panaji, Goa. Please acknowledge the complaint and advise me on the next step. Regards, A concerned citizen",,"Panaji, Goa",
EM001093,Email,2025-06-27 17:28:00,"The waiting time at the public service office in {place} was very long and there was no clear queue or token information. Dear Sir/Madam, I wanted to check whether someone could look into the following matter regarding a public service issue in Bhubaneswar. The waiting time at the public service office in the online service portal was very long and there was no clear queue or token information. Could the process be improved for citizens? Location: Bhubaneswar, Odisha. I hope the department can look into this soon. Regards, A concerned citizen",,"Bhubaneswar, Odisha",
EM001094,Email,2025-09-18 21:19:00,"I could not find clear information about the procedure for a public service in {place}. Different pages seem to give different instructions. Dear Sir/Madam, I wanted to bring a problem to your notice regarding a public service issue in Shillong. I could not find clear information about the procedure for a public service in the online service portal. Different pages seem to give different instructions. Please provide a single, updated source of information. Location: Shillong, Meghalaya. Please let me know if any additional details are required. Regards, A concerned citizen",,"Shillong, Meghalaya",
EM001095,Email,2025-06-26 13:38:00,"I could not find clear information about the procedure for a public service in {place}. Different pages seem to give different instructions. Dear Sir/Madam, I am contacting your department because I have been facing a problem regarding a public service issue in Ranchi. I could not find clear information about the procedure for a public service in the district service office. Different pages seem to give different instructions. Please provide a single, updated source of information. Location: Ranchi, Jharkhand. Please acknowledge the complaint and advise me on the next step. Regards, A concerned citizen",,"Ranchi, Jharkhand",
EM001096,Email,2025-07-28 10:42:00,"I submitted a service request a few weeks ago and have not received any meaningful update. Dear Sir/Madam, I am a resident of the area and would like to raise a concern regarding a public service issue in Kohima. I submitted a service request a few weeks ago and have not received any meaningful update. I would appreciate a clear status and expected resolution time. Location: Kohima, Nagaland. I hope the department can look into this soon. Regards, A concerned citizen",,"Kohima, Nagaland",
EM001097,Email,2025-08-21 22:08:00,"The waiting time at the public service office in {place} was very long and there was no clear queue or token information. Dear Sir/Madam, I am contacting your department because I have been facing a problem regarding a public service issue in Shillong. The waiting time at the public service office in our municipal area was very long and there was no clear queue or token information. Could the process be improved for citizens? I am attaching no personal documents; I only want the service issue to be addressed. Location: Shillong, Meghalaya. Kindly let me know what action can be taken. Regards, A concerned citizen",,"Shillong, Meghalaya",
EM001098,Email,2025-12-10 15:50:00,"The waiting time at the public service office in {place} was very long and there was no clear queue or token information. Dear Sir/Madam, I would like to request your help regarding an issue in my locality regarding a public service issue in Shimla. The waiting time at the public service office in the district service office was very long and there was no clear queue or token information. Could the process be improved for citizens? Location: Shimla, Himachal Pradesh. Thank you for taking the time to read this. Regards, A concerned citizen",,"Shimla, Himachal Pradesh",
EM001099,Email,2025-08-15 05:13:00,"I submitted a service request a few weeks ago and have not received any meaningful update. Dear Sir/Madam, I am a resident of the area and would like to raise a concern regarding a public service issue in New Delhi. I submitted a service request a few weeks ago and have not received any meaningful update. I would appreciate a clear status and expected resolution time. I understand that some delays are unavoidable, but the current situation is becoming difficult. Location: New Delhi, Delhi. Thank you for taking the time to read this. Regards, A concerned citizen",,"New Delhi, Delhi",
EM001100,Email,2025-12-21 22:01:00,"I have been trying to get a municipal service issue resolved in {place}, but the request has been passed between offices without a clear response. Dear Sir/Madam, I would like to request your help regarding an issue in my locality regarding a public service issue in Gurugram. I have been trying to get a municipal service issue resolved in the local municipal office, but the request has been passed between offices without a clear response. Could someone please take ownership of the complaint and provide an update? Location: Gurugram, Haryana. Kindly let me know what action can be taken. Regards, A concerned citizen",,"Gurugram, Haryana",
EM001101,Email,2025-04-19 06:06:00,"The waiting time at the public service office in {place} was very long and there was no clear queue or token information. Dear Sir/Madam, I am writing to report an issue regarding a public service issue in Imphal. The waiting time at the public service office in our municipal area was very long and there was no clear queue or token information. Could the process be improved for citizens? I am attaching no personal documents; I only want the service issue to be addressed. Location: Imphal, Manipur. Thank you for taking the time to read this. Regards, A concerned citizen",,"Imphal, Manipur",
EM001102,Email,2025-04-11 14:17:00,"The waiting time at the public service office in {place} was very long and there was no clear queue or token information. Dear Sir/Madam, I am writing to report an issue regarding a public service issue in Lucknow. The waiting time at the public service office in the local municipal office was very long and there was no clear queue or token information. Could the process be improved for citizens? I am mainly looking for a clear update and a practical solution. Location: Lucknow, Uttar Pradesh. I would appreciate an update when possible. Regards, A concerned citizen",,"Lucknow, Uttar Pradesh",
EM001103,Email,2025-06-01 15:24:00,"The waiting time at the public service office in {place} was very long and there was no clear queue or token information. Dear Sir/Madam, I am contacting your department because I have been facing a problem regarding a public service issue in Hyderabad. The waiting time at the public service office in the citizen service centre was very long and there was no clear queue or token information. Could the process be improved for citizens? I am attaching no personal documents; I only want the service issue to be addressed. Location: Hyderabad, Telangana. I hope the department can look into this soon. Regards, A concerned citizen",,"Hyderabad, Telangana",
EM001104,Email,2025-05-14 06:30:00,"I have been trying to get a municipal service issue resolved in {place}, but the request has been passed between offices without a clear response. Dear Sir/Madam, I would like to request your help regarding an issue in my locality regarding a public service issue in Raipur. I have been trying to get a municipal service issue resolved in the local municipal office, but the request has been passed between offices without a clear response. Could someone please take ownership of the complaint and provide an update? I am attaching no personal documents; I only want the service issue to be addressed. Location: Raipur, Chhattisgarh. Please acknowledge the complaint and advise me on the next step. Regards, A concerned citizen",,"Raipur, Chhattisgarh",
EM001105,Email,2025-11-19 00:00:00,"Follow-up: The government service portal was unavailable several times while I was trying to submit a request from {place}. Dear Sir/Madam, I am writing after trying to get this issue resolved locally regarding a public service issue in Ranchi. The government service portal was unavailable several times while I was trying to submit a request from the district service office. Please check whether there is a technical issue. Location: Ranchi, Jharkhand. I hope the department can look into this soon. Regards, A concerned citizen",,"Ranchi, Jharkhand",
EM001106,Email,2025-10-04 10:24:00,"I could not find clear information about the procedure for a public service in {place}. Different pages seem to give different instructions. Dear Sir/Madam, I am not sure which department handles this, so I am writing here for assistance regarding a public service issue in Visakhapatnam. I could not find clear information about the procedure for a public service in the citizen service centre. Different pages seem to give different instructions. Please provide a single, updated source of information. Location: Visakhapatnam, Andhra Pradesh. Please acknowledge the complaint and advise me on the next step. Regards, A concerned citizen",,"Visakhapatnam, Andhra Pradesh",
EM001107,Email,2025-04-21 04:06:00,"Request for assistance - I submitted a service request a few weeks ago and have not received any meaningful update. Dear Sir/Madam, I am writing to report an issue regarding a public service issue in Srinagar. I submitted a service request a few weeks ago and have not received any meaningful update. I would appreciate a clear status and expected resolution time. I understand that some delays are unavoidable, but the current situation is becoming difficult. Location: Srinagar, Jammu and Kashmir. I would appreciate an update when possible. Regards, A concerned citizen",,"Srinagar, Jammu and Kashmir",
EM001108,Email,2025-02-26 06:19:00,"The government service portal was unavailable several times while I was trying to submit a request from {place}. Dear Sir/Madam, I wanted to bring a problem to your notice regarding a public service issue in Kochi. The government service portal was unavailable several times while I was trying to submit a request from the online service portal. Please check whether there is a technical issue. Location: Kochi, Kerala. Please acknowledge the complaint and advise me on the next step. Regards, A concerned citizen",,"Kochi, Kerala",
EM001109,Email,2025-03-26 06:29:00,"The waiting time at the public service office in {place} was very long and there was no clear queue or token information. Dear Sir/Madam, I am writing after trying to get this issue resolved locally regarding a public service issue in Pune. The waiting time at the public service office in the citizen service centre was very long and there was no clear queue or token information. Could the process be improved for citizens? I am mainly looking for a clear update and a practical solution. Location: Pune, Maharashtra. Kindly let me know what action can be taken. Regards, A concerned citizen",,"Pune, Maharashtra",
EM001110,Email,2025-03-28 21:13:00,"I could not find clear information about the procedure for a public service in {place}. Different pages seem to give different instructions. Dear Sir/Madam, I am a resident of the area and would like to raise a concern regarding a public service issue in Panaji. I could not find clear information about the procedure for a public service in the local municipal office. Different pages seem to give different instructions. Please provide a single, updated source of information. This is not the first time we have faced this problem. Location: Panaji, Goa. I would appreciate an update when possible. Regards, A concerned citizen",,"Panaji, Goa",
EM001111,Email,2025-09-14 18:28:00,"I submitted a service request a few weeks ago and have not received any meaningful update. Dear Sir/Madam, I am contacting your department because I have been facing a problem regarding a public service issue in Bhopal. I submitted a service request a few weeks ago and have not received any meaningful update. I would appreciate a clear status and expected resolution time. Location: Bhopal, Madhya Pradesh. I would appreciate an update when possible. Regards, A concerned citizen",,"Bhopal, Madhya Pradesh",
EM001112,Email,2025-11-09 07:25:00,"I have been trying to get a municipal service issue resolved in {place}, but the request has been passed between offices without a clear response. Dear Sir/Madam, I am writing to report an issue regarding a public service issue in Patna. I have been trying to get a municipal service issue resolved in the local municipal office, but the request has been passed between offices without a clear response. Could someone please take ownership of the complaint and provide an update? I am mainly looking for a clear update and a practical solution. Location: Patna, Bihar. I would appreciate an update when possible. Regards, A concerned citizen",,"Patna, Bihar",
EM001113,Email,2025-09-24 23:27:00,"The government service portal was unavailable several times while I was trying to submit a request from {place}. Dear Sir/Madam, I am not sure which department handles this, so I am writing here for assistance regarding a public service issue in Bhubaneswar. The government service portal was unavailable several times while I was trying to submit a request from the district service office. Please check whether there is a technical issue. I am mainly looking for a clear update and a practical solution. Location: Bhubaneswar, Odisha. Please acknowledge the complaint and advise me on the next step. Regards, A concerned citizen",,"Bhubaneswar, Odisha",
EM001114,Email,2025-10-17 20:02:00,"Follow-up: The waiting time at the public service office in {place} was very long and there was no clear queue or token information. Dear Sir/Madam, I am a resident of the area and would like to raise a concern regarding a public service issue in Dehradun. The waiting time at the public service office in our municipal area was very long and there was no clear queue or token information. Could the process be improved for citizens? Location: Dehradun, Uttarakhand. I hope the department can look into this soon. Regards, A concerned citizen",,"Dehradun, Uttarakhand",
EM001115,Email,2025-11-25 03:27:00,"I have been trying to get a municipal service issue resolved in {place}, but the request has been passed between offices without a clear response. Dear Sir/Madam, I would like to request your help regarding an issue in my locality regarding a public service issue in Guwahati. I have been trying to get a municipal service issue resolved in our municipal area, but the request has been passed between offices without a clear response. Could someone please take ownership of the complaint and provide an update? Location: Guwahati, Assam. Please let me know if any additional details are required. Regards, A concerned citizen",,"Guwahati, Assam",
EM001116,Email,2025-09-07 04:11:00,"I have been trying to get a municipal service issue resolved in {place}, but the request has been passed between offices without a clear response. Dear Sir/Madam, I would like to request your help regarding an issue in my locality regarding a public service issue in Srinagar. I have been trying to get a municipal service issue resolved in the citizen service centre, but the request has been passed between offices without a clear response. Could someone please take ownership of the complaint and provide an update? I am attaching no personal documents; I only want the service issue to be addressed. Location: Srinagar, Jammu and Kashmir. Please acknowledge the complaint and advise me on the next step. Regards, A concerned citizen",,"Srinagar, Jammu and Kashmir",
EM001117,Email,2025-01-14 11:22:00,"The waiting time at the public service office in {place} was very long and there was no clear queue or token information. Dear Sir/Madam, I am writing after trying to get this issue resolved locally regarding a public service issue in Panaji. The waiting time at the public service office in the district service office was very long and there was no clear queue or token information. Could the process be improved for citizens? Location: Panaji, Goa. I hope the department can look into this soon. Regards, A concerned citizen",,"Panaji, Goa",
EM001118,Email,2025-05-29 18:41:00,"I have been trying to get a municipal service issue resolved in {place}, but the request has been passed between offices without a clear response. Dear Sir/Madam, I wanted to check whether someone could look into the following matter regarding a public service issue in Puducherry. I have been trying to get a municipal service issue resolved in the local municipal office, but the request has been passed between offices without a clear response. Could someone please take ownership of the complaint and provide an update? Location: Puducherry, Puducherry. I hope the department can look into this soon. Regards, A concerned citizen",,"Puducherry, Puducherry",
EM001119,Email,2025-04-10 19:58:00,"Request for assistance - The waiting time at the public service office in {place} was very long and there was no clear queue or token information. Dear Sir/Madam, I am writing to report an issue regarding a public service issue in Pune. The waiting time at the public service office in the online service portal was very long and there was no clear queue or token information. Could the process be improved for citizens? Location: Pune, Maharashtra. Please let me know if any additional details are required. Regards, A concerned citizen",,"Pune, Maharashtra",
EM001120,Email,2025-09-08 20:14:00,"Concern regarding I could not find clear information about the procedure for a public service in {place}. Different pages seem to give different instructions. Dear Sir/Madam, I wanted to bring a problem to your notice regarding a public service issue in Jaipur. I could not find clear information about the procedure for a public service in the citizen service centre. Different pages seem to give different instructions. Please provide a single, updated source of information. Location: Jaipur, Rajasthan. I would appreciate an update when possible. Regards, A concerned citizen",,"Jaipur, Rajasthan",
EM001121,Email,2025-06-12 22:16:00,"The waiting time at the public service office in {place} was very long and there was no clear queue or token information. Dear Sir/Madam, I am writing to report an issue regarding a public service issue in Aizawl. The waiting time at the public service office in the citizen service centre was very long and there was no clear queue or token information. Could the process be improved for citizens? I am mainly looking for a clear update and a practical solution. Location: Aizawl, Mizoram. Thank you for taking the time to read this. Regards, A concerned citizen",,"Aizawl, Mizoram",
EM001122,Email,2025-12-02 10:02:00,"I submitted a service request a few weeks ago and have not received any meaningful update. Dear Sir/Madam, I would like to request your help regarding an issue in my locality regarding a public service issue in Dehradun. I submitted a service request a few weeks ago and have not received any meaningful update. I would appreciate a clear status and expected resolution time. Location: Dehradun, Uttarakhand. Thank you for taking the time to read this. Regards, A concerned citizen",,"Dehradun, Uttarakhand",
EM001123,Email,2025-12-21 02:59:00,"I could not find clear information about the procedure for a public service in {place}. Different pages seem to give different instructions. Dear Sir/Madam, I am contacting your department because I have been facing a problem regarding a public service issue in Srinagar. I could not find clear information about the procedure for a public service in our municipal area. Different pages seem to give different instructions. Please provide a single, updated source of information. I am mainly looking for a clear update and a practical solution. Location: Srinagar, Jammu and Kashmir. I would appreciate an update when possible. Regards, A concerned citizen",,"Srinagar, Jammu and Kashmir",
EM001124,Email,2025-12-04 23:02:00,"I submitted a service request a few weeks ago and have not received any meaningful update. Dear Sir/Madam, I would like to request your help regarding an issue in my locality regarding a public service issue in Kolkata. I submitted a service request a few weeks ago and have not received any meaningful update. I would appreciate a clear status and expected resolution time. Location: Kolkata, West Bengal. Thank you for taking the time to read this. Regards, A concerned citizen",,"Kolkata, West Bengal",
EM001125,Email,2025-07-04 19:44:00,"I could not find clear information about the procedure for a public service in {place}. Different pages seem to give different instructions. Dear Sir/Madam, I am a resident of the area and would like to raise a concern regarding a public service issue in Itanagar. I could not find clear information about the procedure for a public service in the online service portal. Different pages seem to give different instructions. Please provide a single, updated source of information. Location: Itanagar, Arunachal Pradesh. Kindly let me know what action can be taken. Regards, A concerned citizen",,"Itanagar, Arunachal Pradesh",
EM001126,Email,2025-08-21 20:00:00,"The government service portal was unavailable several times while I was trying to submit a request from {place}. Dear Sir/Madam, I would like to request your help regarding an issue in my locality regarding a public service issue in Leh. The government service portal was unavailable several times while I was trying to submit a request from our municipal area. Please check whether there is a technical issue. Location: Leh, Ladakh. Please acknowledge the complaint and advise me on the next step. Regards, A concerned citizen",,"Leh, Ladakh",
EM001127,Email,2025-10-26 17:47:00,"The government service portal was unavailable several times while I was trying to submit a request from {place}. Dear Sir/Madam, I wanted to check whether someone could look into the following matter regarding a public service issue in Ahmedabad. The government service portal was unavailable several times while I was trying to submit a request from the online service portal. Please check whether there is a technical issue. I had also mentioned this to the local office, but I have not received a clear update. Location: Ahmedabad, Gujarat. Please let me know if any additional details are required. Regards, A concerned citizen",,"Ahmedabad, Gujarat",
EM001128,Email,2025-08-30 00:39:00,"I submitted a service request a few weeks ago and have not received any meaningful update. Dear Sir/Madam, I am writing after trying to get this issue resolved locally regarding a public service issue in Shimla. I submitted a service request a few weeks ago and have not received any meaningful update. I would appreciate a clear status and expected resolution time. Location: Shimla, Himachal Pradesh. Please acknowledge the complaint and advise me on the next step. Regards, A concerned citizen",,"Shimla, Himachal Pradesh",
EM001129,Email,2025-12-29 12:26:00,"I submitted a service request a few weeks ago and have not received any meaningful update. Dear Sir/Madam, I am writing after trying to get this issue resolved locally regarding a public service issue in Leh. I submitted a service request a few weeks ago and have not received any meaningful update. I would appreciate a clear status and expected resolution time. I am attaching no personal documents; I only want the service issue to be addressed. Location: Leh, Ladakh. Kindly let me know what action can be taken. Regards, A concerned citizen",,"Leh, Ladakh",
EM001130,Email,2025-12-05 17:26:00,"I submitted a service request a few weeks ago and have not received any meaningful update. Dear Sir/Madam, I am writing after trying to get this issue resolved locally regarding a public service issue in Kochi. I submitted a service request a few weeks ago and have not received any meaningful update. I would appreciate a clear status and expected resolution time. Location: Kochi, Kerala. Kindly let me know what action can be taken. Regards, A concerned citizen",,"Kochi, Kerala",
EM001131,Email,2025-12-02 09:24:00,"I have been trying to get a municipal service issue resolved in {place}, but the request has been passed between offices without a clear response. Dear Sir/Madam, I am not sure which department handles this, so I am writing here for assistance regarding a public service issue in Gurugram. I have been trying to get a municipal service issue resolved in the local municipal office, but the request has been passed between offices without a clear response. Could someone please take ownership of the complaint and provide an update? Location: Gurugram, Haryana. I hope the department can look into this soon. Regards, A concerned citizen",,"Gurugram, Haryana",
EM001132,Email,2025-06-13 05:43:00,"I could not find clear information about the procedure for a public service in {place}. Different pages seem to give different instructions. Dear Sir/Madam, I wanted to check whether someone could look into the following matter regarding a public service issue in Shimla. I could not find clear information about the procedure for a public service in our municipal area. Different pages seem to give different instructions. Please provide a single, updated source of information. Location: Shimla, Himachal Pradesh. Thank you for taking the time to read this. Regards, A concerned citizen",,"Shimla, Himachal Pradesh",
EM001133,Email,2025-09-16 14:43:00,"Request for assistance - I have been trying to get a municipal service issue resolved in {place}, but the request has been passed between offices without a clear response. Dear Sir/Madam, I am contacting your department because I have been facing a problem regarding a public service issue in Imphal. I have been trying to get a municipal service issue resolved in the district service office, but the request has been passed between offices without a clear response. Could someone please take ownership of the complaint and provide an update? Location: Imphal, Manipur. Please let me know if any additional details are required. Regards, A concerned citizen",,"Imphal, Manipur",
EM001134,Email,2025-04-15 14:59:00,"Request for assistance - I could not find clear information about the procedure for a public service in {place}. Different pages seem to give different instructions. Dear Sir/Madam, I would like to request your help regarding an issue in my locality regarding a public service issue in Shillong. I could not find clear information about the procedure for a public service in the local municipal office. Different pages seem to give different instructions. Please provide a single, updated source of information. I understand that some delays are unavoidable, but the current situation is becoming difficult. Location: Shillong, Meghalaya. Please let me know if any additional details are required. Regards, A concerned citizen",,"Shillong, Meghalaya",
EM001135,Email,2025-05-20 18:03:00,"I could not find clear information about the procedure for a public service in {place}. Different pages seem to give different instructions. Dear Sir/Madam, I am not sure which department handles this, so I am writing here for assistance regarding a public service issue in Kohima. I could not find clear information about the procedure for a public service in the online service portal. Different pages seem to give different instructions. Please provide a single, updated source of information. I am attaching no personal documents; I only want the service issue to be addressed. Location: Kohima, Nagaland. I hope the department can look into this soon. Regards, A concerned citizen",,"Kohima, Nagaland",
EM001136,Email,2025-11-10 13:48:00,"Request for assistance - I submitted a service request a few weeks ago and have not received any meaningful update. Dear Sir/Madam, I am writing after trying to get this issue resolved locally regarding a public service issue in Srinagar. I submitted a service request a few weeks ago and have not received any meaningful update. I would appreciate a clear status and expected resolution time. I had also mentioned this to the local office, but I have not received a clear update. Location: Srinagar, Jammu and Kashmir. I hope the department can look into this soon. Regards, A concerned citizen",,"Srinagar, Jammu and Kashmir",
EM001137,Email,2025-11-18 04:27:00,"I could not find clear information about the procedure for a public service in {place}. Different pages seem to give different instructions. Dear Sir/Madam, I am not sure which department handles this, so I am writing here for assistance regarding a public service issue in Srinagar. I could not find clear information about the procedure for a public service in the online service portal. Different pages seem to give different instructions. Please provide a single, updated source of information. I am mainly looking for a clear update and a practical solution. Location: Srinagar, Jammu and Kashmir. Thank you for taking the time to read this. Regards, A concerned citizen",,"Srinagar, Jammu and Kashmir",
EM001138,Email,2025-01-14 19:53:00,"The government service portal was unavailable several times while I was trying to submit a request from {place}. Dear Sir/Madam, I would like to request your help regarding an issue in my locality regarding a public service issue in Hyderabad. The government service portal was unavailable several times while I was trying to submit a request from the citizen service centre. Please check whether there is a technical issue. Location: Hyderabad, Telangana. I hope the department can look into this soon. Regards, A concerned citizen",,"Hyderabad, Telangana",
EM001139,Email,2025-09-10 09:34:00,"Request for assistance - I submitted a service request a few weeks ago and have not received any meaningful update. Dear Sir/Madam, I am contacting your department because I have been facing a problem regarding a public service issue in Raipur. I submitted a service request a few weeks ago and have not received any meaningful update. I would appreciate a clear status and expected resolution time. I am mainly looking for a clear update and a practical solution. Location: Raipur, Chhattisgarh. Thank you for taking the time to read this. Regards, A concerned citizen",,"Raipur, Chhattisgarh",
EM001140,Email,2025-09-24 13:47:00,"I have been trying to get a municipal service issue resolved in {place}, but the request has been passed between offices without a clear response. Dear Sir/Madam, I am not sure which department handles this, so I am writing here for assistance regarding a public service issue in Chandigarh. I have been trying to get a municipal service issue resolved in the district service office, but the request has been passed between offices without a clear response. Could someone please take ownership of the complaint and provide an update? Location: Chandigarh, Chandigarh. I would appreciate an update when possible. Regards, A concerned citizen",,"Chandigarh, Chandigarh",
EM001141,Email,2025-04-08 09:23:00,"I could not find clear information about the procedure for a public service in {place}. Different pages seem to give different instructions. Dear Sir/Madam, I am a resident of the area and would like to raise a concern regarding a public service issue in Shillong. I could not find clear information about the procedure for a public service in the district service office. Different pages seem to give different instructions. Please provide a single, updated source of information. Location: Shillong, Meghalaya. Please acknowledge the complaint and advise me on the next step. Regards, A concerned citizen",,"Shillong, Meghalaya",
EM001142,Email,2025-10-14 15:51:00,"The waiting time at the public service office in {place} was very long and there was no clear queue or token information. Dear Sir/Madam, I wanted to check whether someone could look into the following matter regarding a public service issue in Gurugram. The waiting time at the public service office in the citizen service centre was very long and there was no clear queue or token information. Could the process be improved for citizens? I am mainly looking for a clear update and a practical solution. Location: Gurugram, Haryana. I would appreciate an update when possible. Regards, A concerned citizen",,"Gurugram, Haryana",
EM001143,Email,2025-03-22 13:45:00,"The waiting time at the public service office in {place} was very long and there was no clear queue or token information. Dear Sir/Madam, I am writing to report an issue regarding a public service issue in Aizawl. The waiting time at the public service office in the local municipal office was very long and there was no clear queue or token information. Could the process be improved for citizens? This is not the first time we have faced this problem. Location: Aizawl, Mizoram. Thank you for taking the time to read this. Regards, A concerned citizen",,"Aizawl, Mizoram",
EM001144,Email,2025-10-19 13:56:00,"The government service portal was unavailable several times while I was trying to submit a request from {place}. Dear Sir/Madam, I am writing after trying to get this issue resolved locally regarding a public service issue in Imphal. The government service portal was unavailable several times while I was trying to submit a request from the local municipal office. Please check whether there is a technical issue. I am mainly looking for a clear update and a practical solution. Location: Imphal, Manipur. Please acknowledge the complaint and advise me on the next step. Regards, A concerned citizen",,"Imphal, Manipur",
EM001145,Email,2025-06-07 02:18:00,"I could not find clear information about the procedure for a public service in {place}. Different pages seem to give different instructions. Dear Sir/Madam, I would like to request your help regarding an issue in my locality regarding a public service issue in Panaji. I could not find clear information about the procedure for a public service in our municipal area. Different pages seem to give different instructions. Please provide a single, updated source of information. I understand that some delays are unavoidable, but the current situation is becoming difficult. Location: Panaji, Goa. Kindly let me know what action can be taken. Regards, A concerned citizen",,"Panaji, Goa",
EM001146,Email,2025-06-12 19:27:00,"I submitted a service request a few weeks ago and have not received any meaningful update. Dear Sir/Madam, I would like to request your help regarding an issue in my locality regarding a public service issue in Pune. I submitted a service request a few weeks ago and have not received any meaningful update. I would appreciate a clear status and expected resolution time. Location: Pune, Maharashtra. Please let me know if any additional details are required. Regards, A concerned citizen",,"Pune, Maharashtra",
EM001147,Email,2025-02-06 12:45:00,"Follow-up: I submitted a service request a few weeks ago and have not received any meaningful update. Dear Sir/Madam, I wanted to bring a problem to your notice regarding a public service issue in Raipur. I submitted a service request a few weeks ago and have not received any meaningful update. I would appreciate a clear status and expected resolution time. I am mainly looking for a clear update and a practical solution. Location: Raipur, Chhattisgarh. Thank you for taking the time to read this. Regards, A concerned citizen",,"Raipur, Chhattisgarh",
EM001148,Email,2025-12-16 10:14:00,"Request for assistance - I submitted a service request a few weeks ago and have not received any meaningful update. Dear Sir/Madam, I am not sure which department handles this, so I am writing here for assistance regarding a public service issue in Pune. I submitted a service request a few weeks ago and have not received any meaningful update. I would appreciate a clear status and expected resolution time. Location: Pune, Maharashtra. Please acknowledge the complaint and advise me on the next step. Regards, A concerned citizen",,"Pune, Maharashtra",
EM001149,Email,2025-12-14 11:16:00,"The waiting time at the public service office in {place} was very long and there was no clear queue or token information. Dear Sir/Madam, I am a resident of the area and would like to raise a concern regarding a public service issue in Leh. The waiting time at the public service office in our municipal area was very long and there was no clear queue or token information. Could the process be improved for citizens? I am mainly looking for a clear update and a practical solution. Location: Leh, Ladakh. I would appreciate an update when possible. Regards, A concerned citizen",,"Leh, Ladakh",
EM001150,Email,2025-12-02 13:34:00,"Follow-up: The government service portal was unavailable several times while I was trying to submit a request from {place}. Dear Sir/Madam, I am writing to report an issue regarding a public service issue in Kolkata. The government service portal was unavailable several times while I was trying to submit a request from the citizen service centre. Please check whether there is a technical issue. This is not the first time we have faced this problem. Location: Kolkata, West Bengal. Kindly let me know what action can be taken. Regards, A concerned citizen",,"Kolkata, West Bengal",
EM001151,Email,2025-03-13 16:53:00,"I submitted a service request a few weeks ago and have not received any meaningful update. Dear Sir/Madam, I would like to request your help regarding an issue in my locality regarding a public service issue in New Delhi. I submitted a service request a few weeks ago and have not received any meaningful update. I would appreciate a clear status and expected resolution time. Location: New Delhi, Delhi. I would appreciate an update when possible. Regards, A concerned citizen",,"New Delhi, Delhi",
EM001152,Email,2025-03-25 23:02:00,"I submitted a service request a few weeks ago and have not received any meaningful update. Dear Sir/Madam, I am not sure which department handles this, so I am writing here for assistance regarding a public service issue in Chandigarh. I submitted a service request a few weeks ago and have not received any meaningful update. I would appreciate a clear status and expected resolution time. I understand that some delays are unavoidable, but the current situation is becoming difficult. Location: Chandigarh, Chandigarh. Thank you for taking the time to read this. Regards, A concerned citizen",,"Chandigarh, Chandigarh",
EM001153,Email,2025-11-23 17:15:00,"The government service portal was unavailable several times while I was trying to submit a request from {place}. Dear Sir/Madam, I am writing to report an issue regarding a public service issue in Aizawl. The government service portal was unavailable several times while I was trying to submit a request from the online service portal. Please check whether there is a technical issue. Location: Aizawl, Mizoram. I would appreciate an update when possible. Regards, A concerned citizen",,"Aizawl, Mizoram",
EM001154,Email,2025-12-31 07:44:00,"The waiting time at the public service office in {place} was very long and there was no clear queue or token information. Dear Sir/Madam, I am writing to report an issue regarding a public service issue in Dehradun. The waiting time at the public service office in the local municipal office was very long and there was no clear queue or token information. Could the process be improved for citizens? This is not the first time we have faced this problem. Location: Dehradun, Uttarakhand. Kindly let me know what action can be taken. Regards, A concerned citizen",,"Dehradun, Uttarakhand",
EM001155,Email,2025-03-15 22:58:00,"The waiting time at the public service office in {place} was very long and there was no clear queue or token information. Dear Sir/Madam, I wanted to bring a problem to your notice regarding a public service issue in Bhubaneswar. The waiting time at the public service office in the online service portal was very long and there was no clear queue or token information. Could the process be improved for citizens? I understand that some delays are unavoidable, but the current situation is becoming difficult. Location: Bhubaneswar, Odisha. Please acknowledge the complaint and advise me on the next step. Regards, A concerned citizen",,"Bhubaneswar, Odisha",
EM001156,Email,2025-12-27 21:38:00,"The government service portal was unavailable several times while I was trying to submit a request from {place}. Dear Sir/Madam, I am contacting your department because I have been facing a problem regarding a public service issue in Patna. The government service portal was unavailable several times while I was trying to submit a request from the district service office. Please check whether there is a technical issue. Location: Patna, Bihar. Thank you for taking the time to read this. Regards, A concerned citizen",,"Patna, Bihar",
EM001157,Email,2025-10-07 17:57:00,"I have been trying to get a municipal service issue resolved in {place}, but the request has been passed between offices without a clear response. Dear Sir/Madam, I wanted to check whether someone could look into the following matter regarding a public service issue in Panaji. I have been trying to get a municipal service issue resolved in the citizen service centre, but the request has been passed between offices without a clear response. Could someone please take ownership of the complaint and provide an update? Location: Panaji, Goa. Thank you for taking the time to read this. Regards, A concerned citizen",,"Panaji, Goa",
EM001158,Email,2025-02-01 09:29:00,"The waiting time at the public service office in {place} was very long and there was no clear queue or token information. Dear Sir/Madam, I would like to request your help regarding an issue in my locality regarding a public service issue in Ranchi. The waiting time at the public service office in our municipal area was very long and there was no clear queue or token information. Could the process be improved for citizens? Location: Ranchi, Jharkhand. I hope the department can look into this soon. Regards, A concerned citizen",,"Ranchi, Jharkhand",
EM001159,Email,2025-05-11 19:53:00,"Follow-up: The government service portal was unavailable several times while I was trying to submit a request from {place}. Dear Sir/Madam, I wanted to bring a problem to your notice regarding a public service issue in Bengaluru. The government service portal was unavailable several times while I was trying to submit a request from the local municipal office. Please check whether there is a technical issue. I understand that some delays are unavoidable, but the current situation is becoming difficult. Location: Bengaluru, Karnataka. Please acknowledge the complaint and advise me on the next step. Regards, A concerned citizen",,"Bengaluru, Karnataka",
EM001160,Email,2025-09-04 04:00:00,"I have been trying to get a municipal service issue resolved in {place}, but the request has been passed between offices without a clear response. Dear Sir/Madam, I am contacting your department because I have been facing a problem regarding a public service issue in Shimla. I have been trying to get a municipal service issue resolved in our municipal area, but the request has been passed between offices without a clear response. Could someone please take ownership of the complaint and provide an update? Location: Shimla, Himachal Pradesh. Kindly let me know what action can be taken. Regards, A concerned citizen",,"Shimla, Himachal Pradesh",
EM001161,Email,2025-12-11 09:23:00,"I have been trying to get a municipal service issue resolved in {place}, but the request has been passed between offices without a clear response. Dear Sir/Madam, I am writing to report an issue regarding a public service issue in Agartala. I have been trying to get a municipal service issue resolved in the citizen service centre, but the request has been passed between offices without a clear response. Could someone please take ownership of the complaint and provide an update? I had also mentioned this to the local office, but I have not received a clear update. Location: Agartala, Tripura. I would appreciate an update when possible. Regards, A concerned citizen",,"Agartala, Tripura",
EM001162,Email,2025-06-18 11:18:00,"The government service portal was unavailable several times while I was trying to submit a request from {place}. Dear Sir/Madam, I am writing after trying to get this issue resolved locally regarding a public service issue in Ludhiana. The government service portal was unavailable several times while I was trying to submit a request from the local municipal office. Please check whether there is a technical issue. Location: Ludhiana, Punjab. Thank you for taking the time to read this. Regards, A concerned citizen",,"Ludhiana, Punjab",
EM001163,Email,2025-05-11 17:36:00,"I submitted a service request a few weeks ago and have not received any meaningful update. Dear Sir/Madam, I am not sure which department handles this, so I am writing here for assistance regarding a public service issue in Kohima. I submitted a service request a few weeks ago and have not received any meaningful update. I would appreciate a clear status and expected resolution time. I had also mentioned this to the local office, but I have not received a clear update. Location: Kohima, Nagaland. I hope the department can look into this soon. Regards, A concerned citizen",,"Kohima, Nagaland",
EM001164,Email,2025-04-13 17:31:00,"Request for assistance - The government service portal was unavailable several times while I was trying to submit a request from {place}. Dear Sir/Madam, I wanted to bring a problem to your notice regarding a public service issue in Itanagar. The government service portal was unavailable several times while I was trying to submit a request from the citizen service centre. Please check whether there is a technical issue. Location: Itanagar, Arunachal Pradesh. Thank you for taking the time to read this. Regards, A concerned citizen",,"Itanagar, Arunachal Pradesh",
EM001165,Email,2025-05-05 09:05:00,"I could not find clear information about the procedure for a public service in {place}. Different pages seem to give different instructions. Dear Sir/Madam, I wanted to check whether someone could look into the following matter regarding a public service issue in Aizawl. I could not find clear information about the procedure for a public service in the online service portal. Different pages seem to give different instructions. Please provide a single, updated source of information. This is not the first time we have faced this problem. Location: Aizawl, Mizoram. Kindly let me know what action can be taken. Regards, A concerned citizen",,"Aizawl, Mizoram",
EM001166,Email,2025-11-19 08:43:00,"I could not find clear information about the procedure for a public service in {place}. Different pages seem to give different instructions. Dear Sir/Madam, I am writing to report an issue regarding a public service issue in Kohima. I could not find clear information about the procedure for a public service in the district service office. Different pages seem to give different instructions. Please provide a single, updated source of information. Location: Kohima, Nagaland. Please acknowledge the complaint and advise me on the next step. Regards, A concerned citizen",,"Kohima, Nagaland",
EM001167,Email,2025-09-12 07:01:00,"Concern regarding The government service portal was unavailable several times while I was trying to submit a request from {place}. Dear Sir/Madam, I am a resident of the area and would like to raise a concern regarding a public service issue in Agartala. The government service portal was unavailable several times while I was trying to submit a request from the online service portal. Please check whether there is a technical issue. Location: Agartala, Tripura. Kindly let me know what action can be taken. Regards, A concerned citizen",,"Agartala, Tripura",
EM001168,Email,2025-07-19 00:33:00,"Request for assistance - The waiting time at the public service office in {place} was very long and there was no clear queue or token information. Dear Sir/Madam, I am contacting your department because I have been facing a problem regarding a public service issue in Ranchi. The waiting time at the public service office in the local municipal office was very long and there was no clear queue or token information. Could the process be improved for citizens? Location: Ranchi, Jharkhand. Kindly let me know what action can be taken. Regards, A concerned citizen",,"Ranchi, Jharkhand",
EM001169,Email,2025-01-01 19:14:00,"The waiting time at the public service office in {place} was very long and there was no clear queue or token information. Dear Sir/Madam, I am writing after trying to get this issue resolved locally regarding a public service issue in Kochi. The waiting time at the public service office in the citizen service centre was very long and there was no clear queue or token information. Could the process be improved for citizens? Location: Kochi, Kerala. I would appreciate an update when possible. Regards, A concerned citizen",,"Kochi, Kerala",
EM001170,Email,2025-05-02 01:57:00,"Follow-up: The waiting time at the public service office in {place} was very long and there was no clear queue or token information. Dear Sir/Madam, I am contacting your department because I have been facing a problem regarding a public service issue in Chandigarh. The waiting time at the public service office in our municipal area was very long and there was no clear queue or token information. Could the process be improved for citizens? Location: Chandigarh, Chandigarh. Please let me know if any additional details are required. Regards, A concerned citizen",,"Chandigarh, Chandigarh",
EM001171,Email,2025-05-28 07:35:00,"Concern regarding I have been trying to get a municipal service issue resolved in {place}, but the request has been passed between offices without a clear response. Dear Sir/Madam, I am a resident of the area and would like to raise a concern regarding a public service issue in New Delhi. I have been trying to get a municipal service issue resolved in our municipal area, but the request has been passed between offices without a clear response. Could someone please take ownership of the complaint and provide an update? I am attaching no personal documents; I only want the service issue to be addressed. Location: New Delhi, Delhi. Thank you for taking the time to read this. Regards, A concerned citizen",,"New Delhi, Delhi",
EM001172,Email,2025-02-20 09:34:00,"The waiting time at the public service office in {place} was very long and there was no clear queue or token information. Dear Sir/Madam, I would like to request your help regarding an issue in my locality regarding a public service issue in Aizawl. The waiting time at the public service office in the local municipal office was very long and there was no clear queue or token information. Could the process be improved for citizens? I am mainly looking for a clear update and a practical solution. Location: Aizawl, Mizoram. Please let me know if any additional details are required. Regards, A concerned citizen",,"Aizawl, Mizoram",
EM001173,Email,2025-10-12 23:23:00,"Concern regarding I submitted a service request a few weeks ago and have not received any meaningful update. Dear Sir/Madam, I would like to request your help regarding an issue in my locality regarding a public service issue in Bhubaneswar. I submitted a service request a few weeks ago and have not received any meaningful update. I would appreciate a clear status and expected resolution time. I am mainly looking for a clear update and a practical solution. Location: Bhubaneswar, Odisha. I would appreciate an update when possible. Regards, A concerned citizen",,"Bhubaneswar, Odisha",
EM001174,Email,2025-08-21 15:36:00,"I could not find clear information about the procedure for a public service in {place}. Different pages seem to give different instructions. Dear Sir/Madam, I am a resident of the area and would like to raise a concern regarding a public service issue in Ahmedabad. I could not find clear information about the procedure for a public service in our municipal area. Different pages seem to give different instructions. Please provide a single, updated source of information. I understand that some delays are unavoidable, but the current situation is becoming difficult. Location: Ahmedabad, Gujarat. Kindly let me know what action can be taken. Regards, A concerned citizen",,"Ahmedabad, Gujarat",
EM001175,Email,2025-03-01 15:04:00,"Request for assistance - The waiting time at the public service office in {place} was very long and there was no clear queue or token information. Dear Sir/Madam, I wanted to bring a problem to your notice regarding a public service issue in Kolkata. The waiting time at the public service office in our municipal area was very long and there was no clear queue or token information. Could the process be improved for citizens? This is not the first time we have faced this problem. Location: Kolkata, West Bengal. Kindly let me know what action can be taken. Regards, A concerned citizen",,"Kolkata, West Bengal",
EM001176,Email,2025-08-31 05:07:00,"I submitted a service request a few weeks ago and have not received any meaningful update. Dear Sir/Madam, I wanted to check whether someone could look into the following matter regarding a public service issue in Bhopal. I submitted a service request a few weeks ago and have not received any meaningful update. I would appreciate a clear status and expected resolution time. I am mainly looking for a clear update and a practical solution. Location: Bhopal, Madhya Pradesh. I would appreciate an update when possible. Regards, A concerned citizen",,"Bhopal, Madhya Pradesh",
EM001177,Email,2025-02-01 18:25:00,"Concern regarding The waiting time at the public service office in {place} was very long and there was no clear queue or token information. Dear Sir/Madam, I would like to request your help regarding an issue in my locality regarding a public service issue in Srinagar. The waiting time at the public service office in the district service office was very long and there was no clear queue or token information. Could the process be improved for citizens? This is not the first time we have faced this problem. Location: Srinagar, Jammu and Kashmir. Thank you for taking the time to read this. Regards, A concerned citizen",,"Srinagar, Jammu and Kashmir",
EM001178,Email,2025-09-07 00:39:00,"The government service portal was unavailable several times while I was trying to submit a request from {place}. Dear Sir/Madam, I am writing after trying to get this issue resolved locally regarding a public service issue in Chandigarh. The government service portal was unavailable several times while I was trying to submit a request from the district service office. Please check whether there is a technical issue. I understand that some delays are unavoidable, but the current situation is becoming difficult. Location: Chandigarh, Chandigarh. Please let me know if any additional details are required. Regards, A concerned citizen",,"Chandigarh, Chandigarh",
EM001179,Email,2025-09-04 13:01:00,"The government service portal was unavailable several times while I was trying to submit a request from {place}. Dear Sir/Madam, I am writing after trying to get this issue resolved locally regarding a public service issue in Hyderabad. The government service portal was unavailable several times while I was trying to submit a request from our municipal area. Please check whether there is a technical issue. Location: Hyderabad, Telangana. I would appreciate an update when possible. Regards, A concerned citizen",,"Hyderabad, Telangana",
EM001180,Email,2025-11-25 07:02:00,"The waiting time at the public service office in {place} was very long and there was no clear queue or token information. Dear Sir/Madam, I would like to request your help regarding an issue in my locality regarding a public service issue in Hyderabad. The waiting time at the public service office in the online service portal was very long and there was no clear queue or token information. Could the process be improved for citizens? I understand that some delays are unavoidable, but the current situation is becoming difficult. Location: Hyderabad, Telangana. I hope the department can look into this soon. Regards, A concerned citizen",,"Hyderabad, Telangana",
EM001181,Email,2025-06-10 13:49:00,"Follow-up: I could not find clear information about the procedure for a public service in {place}. Different pages seem to give different instructions. Dear Sir/Madam, I am writing to report an issue regarding a public service issue in Raipur. I could not find clear information about the procedure for a public service in the citizen service centre. Different pages seem to give different instructions. Please provide a single, updated source of information. I am attaching no personal documents; I only want the service issue to be addressed. Location: Raipur, Chhattisgarh. I hope the department can look into this soon. Regards, A concerned citizen",,"Raipur, Chhattisgarh",
EM001182,Email,2025-03-30 18:05:00,"I have been trying to get a municipal service issue resolved in {place}, but the request has been passed between offices without a clear response. Dear Sir/Madam, I would like to request your help regarding an issue in my locality regarding a public service issue in Gangtok. I have been trying to get a municipal service issue resolved in our municipal area, but the request has been passed between offices without a clear response. Could someone please take ownership of the complaint and provide an update? I had also mentioned this to the local office, but I have not received a clear update. Location: Gangtok, Sikkim. I would appreciate an update when possible. Regards, A concerned citizen",,"Gangtok, Sikkim",
EM001183,Email,2025-03-06 15:47:00,"I submitted a service request a few weeks ago and have not received any meaningful update. Dear Sir/Madam, I am contacting your department because I have been facing a problem regarding a public service issue in Bhubaneswar. I submitted a service request a few weeks ago and have not received any meaningful update. I would appreciate a clear status and expected resolution time. I had also mentioned this to the local office, but I have not received a clear update. Location: Bhubaneswar, Odisha. I would appreciate an update when possible. Regards, A concerned citizen",,"Bhubaneswar, Odisha",
EM001184,Email,2025-02-03 21:24:00,"Concern regarding The government service portal was unavailable several times while I was trying to submit a request from {place}. Dear Sir/Madam, I wanted to bring a problem to your notice regarding a public service issue in Imphal. The government service portal was unavailable several times while I was trying to submit a request from our municipal area. Please check whether there is a technical issue. Location: Imphal, Manipur. I hope the department can look into this soon. Regards, A concerned citizen",,"Imphal, Manipur",
EM001185,Email,2025-09-29 18:46:00,"The government service portal was unavailable several times while I was trying to submit a request from {place}. Dear Sir/Madam, I am not sure which department handles this, so I am writing here for assistance regarding a public service issue in Jaipur. The government service portal was unavailable several times while I was trying to submit a request from the district service office. Please check whether there is a technical issue. Location: Jaipur, Rajasthan. I hope the department can look into this soon. Regards, A concerned citizen",,"Jaipur, Rajasthan",
EM001186,Email,2025-07-08 13:55:00,"I could not find clear information about the procedure for a public service in {place}. Different pages seem to give different instructions. Dear Sir/Madam, I am writing to report an issue regarding a public service issue in Gangtok. I could not find clear information about the procedure for a public service in our municipal area. Different pages seem to give different instructions. Please provide a single, updated source of information. I am attaching no personal documents; I only want the service issue to be addressed. Location: Gangtok, Sikkim. Please acknowledge the complaint and advise me on the next step. Regards, A concerned citizen",,"Gangtok, Sikkim",
EM001187,Email,2025-08-20 04:54:00,"The waiting time at the public service office in {place} was very long and there was no clear queue or token information. Dear Sir/Madam, I am not sure which department handles this, so I am writing here for assistance regarding a public service issue in Bengaluru. The waiting time at the public service office in the local municipal office was very long and there was no clear queue or token information. Could the process be improved for citizens? Location: Bengaluru, Karnataka. I hope the department can look into this soon. Regards, A concerned citizen",,"Bengaluru, Karnataka",
EM001188,Email,2025-08-11 17:28:00,"I could not find clear information about the procedure for a public service in {place}. Different pages seem to give different instructions. Dear Sir/Madam, I am writing after trying to get this issue resolved locally regarding a public service issue in Imphal. I could not find clear information about the procedure for a public service in the local municipal office. Different pages seem to give different instructions. Please provide a single, updated source of information. Location: Imphal, Manipur. Please acknowledge the complaint and advise me on the next step. Regards, A concerned citizen",,"Imphal, Manipur",
EM001189,Email,2025-01-29 12:31:00,"I could not find clear information about the procedure for a public service in {place}. Different pages seem to give different instructions. Dear Sir/Madam, I would like to request your help regarding an issue in my locality regarding a public service issue in Patna. I could not find clear information about the procedure for a public service in the district service office. Different pages seem to give different instructions. Please provide a single, updated source of information. This is not the first time we have faced this problem. Location: Patna, Bihar. Thank you for taking the time to read this. Regards, A concerned citizen",,"Patna, Bihar",
EM001190,Email,2025-03-03 15:13:00,"I could not find clear information about the procedure for a public service in {place}. Different pages seem to give different instructions. Dear Sir/Madam, I would like to request your help regarding an issue in my locality regarding a public service issue in Bhopal. I could not find clear information about the procedure for a public service in the citizen service centre. Different pages seem to give different instructions. Please provide a single, updated source of information. Location: Bhopal, Madhya Pradesh. Thank you for taking the time to read this. Regards, A concerned citizen",,"Bhopal, Madhya Pradesh",
EM001191,Email,2025-04-11 16:00:00,"The government service portal was unavailable several times while I was trying to submit a request from {place}. Dear Sir/Madam, I am not sure which department handles this, so I am writing here for assistance regarding a public service issue in Ranchi. The government service portal was unavailable several times while I was trying to submit a request from the local municipal office. Please check whether there is a technical issue. I am mainly looking for a clear update and a practical solution. Location: Ranchi, Jharkhand. I would appreciate an update when possible. Regards, A concerned citizen",,"Ranchi, Jharkhand",
EM001192,Email,2025-07-13 16:34:00,"The waiting time at the public service office in {place} was very long and there was no clear queue or token information. Dear Sir/Madam, I wanted to bring a problem to your notice regarding a public service issue in Ahmedabad. The waiting time at the public service office in our municipal area was very long and there was no clear queue or token information. Could the process be improved for citizens? This is not the first time we have faced this problem. Location: Ahmedabad, Gujarat. Please acknowledge the complaint and advise me on the next step. Regards, A concerned citizen",,"Ahmedabad, Gujarat",
EM001193,Email,2025-10-03 04:49:00,"Concern regarding I have been trying to get a municipal service issue resolved in {place}, but the request has been passed between offices without a clear response. Dear Sir/Madam, I am writing after trying to get this issue resolved locally regarding a public service issue in Agartala. I have been trying to get a municipal service issue resolved in the citizen service centre, but the request has been passed between offices without a clear response. Could someone please take ownership of the complaint and provide an update? I understand that some delays are unavoidable, but the current situation is becoming difficult. Location: Agartala, Tripura. I would appreciate an update when possible. Regards, A concerned citizen",,"Agartala, Tripura",
EM001194,Email,2025-11-03 01:49:00,"Request for assistance - I submitted a service request a few weeks ago and have not received any meaningful update. Dear Sir/Madam, I am not sure which department handles this, so I am writing here for assistance regarding a public service issue in Kolkata. I submitted a service request a few weeks ago and have not received any meaningful update. I would appreciate a clear status and expected resolution time. Location: Kolkata, West Bengal. Kindly let me know what action can be taken. Regards, A concerned citizen",,"Kolkata, West Bengal",
EM001195,Email,2025-03-18 11:01:00,"I could not find clear information about the procedure for a public service in {place}. Different pages seem to give different instructions. Dear Sir/Madam, I wanted to check whether someone could look into the following matter regarding a public service issue in Pune. I could not find clear information about the procedure for a public service in our municipal area. Different pages seem to give different instructions. Please provide a single, updated source of information. This is not the first time we have faced this problem. Location: Pune, Maharashtra. Please let me know if any additional details are required. Regards, A concerned citizen",,"Pune, Maharashtra",
EM001196,Email,2025-11-03 02:07:00,"Follow-up: The government service portal was unavailable several times while I was trying to submit a request from {place}. Dear Sir/Madam, I am writing after trying to get this issue resolved locally regarding a public service issue in Gurugram. The government service portal was unavailable several times while I was trying to submit a request from the online service portal. Please check whether there is a technical issue. This is not the first time we have faced this problem. Location: Gurugram, Haryana. Please let me know if any additional details are required. Regards, A concerned citizen",,"Gurugram, Haryana",
EM001197,Email,2025-02-14 18:11:00,"The waiting time at the public service office in {place} was very long and there was no clear queue or token information. Dear Sir/Madam, I am writing to report an issue regarding a public service issue in Bhubaneswar. The waiting time at the public service office in our municipal area was very long and there was no clear queue or token information. Could the process be improved for citizens? I am attaching no personal documents; I only want the service issue to be addressed. Location: Bhubaneswar, Odisha. Please let me know if any additional details are required. Regards, A concerned citizen",,"Bhubaneswar, Odisha",
EM001198,Email,2025-09-19 13:08:00,"Concern regarding The government service portal was unavailable several times while I was trying to submit a request from {place}. Dear Sir/Madam, I am not sure which department handles this, so I am writing here for assistance regarding a public service issue in Aizawl. The government service portal was unavailable several times while I was trying to submit a request from the citizen service centre. Please check whether there is a technical issue. I understand that some delays are unavoidable, but the current situation is becoming difficult. Location: Aizawl, Mizoram. Kindly let me know what action can be taken. Regards, A concerned citizen",,"Aizawl, Mizoram",
EM001199,Email,2025-10-29 08:44:00,"I submitted a service request a few weeks ago and have not received any meaningful update. Dear Sir/Madam, I would like to request your help regarding an issue in my locality regarding a public service issue in Bhubaneswar. I submitted a service request a few weeks ago and have not received any meaningful update. I would appreciate a clear status and expected resolution time. I am mainly looking for a clear update and a practical solution. Location: Bhubaneswar, Odisha. Please let me know if any additional details are required. Regards, A concerned citizen",,"Bhubaneswar, Odisha",
EM001200,Email,2025-03-02 11:07:00,"I submitted a service request a few weeks ago and have not received any meaningful update. Dear Sir/Madam, I am writing after trying to get this issue resolved locally regarding a public service issue in Leh. I submitted a service request a few weeks ago and have not received any meaningful update. I would appreciate a clear status and expected resolution time. I am mainly looking for a clear update and a practical solution. Location: Leh, Ladakh. Please acknowledge the complaint and advise me on the next step. Regards, A concerned citizen",,"Leh, Ladakh",
